n_samples,zero_cross_rate,mean,variance,std,skewness,energy,mean_bandwidth,min_bandwidth,max_bandwidth,variance_bandwidth,std_bandwidth,spectral_entropy,wavelet
32768,0.04588341346153846,0.000277150422334671,0.004500067898546385,0.06708254540896898,0.049700648232336005,147.46074188686907,2910.753639776737,824.080438416903,4704.101873071122,1383368.8170903742,1176.1670022111546,0.5822774972140804,db34
32768,0.035321514423076926,-0.00010840222239494324,0.004034296344769136,0.06351611090714808,0.06515391145597078,132.19620768353343,1773.1668863927323,725.7722051096679,4840.265605962424,1296487.4002414118,1138.634006273048,0.588205843358455,db34
32768,0.04288611778846154,-0.00013579614460468292,0.0025131157317820852,0.05013098574516649,0.05992186056014814,82.3503805603832,1810.5481533367692,644.6512063042596,4835.347776312054,1529268.110052769,1236.6358033199463,0.6061294035006186,coif12
32768,0.04000901442307692,-0.00010935496538877487,0.002193915137024444,0.04683924782727029,-0.0002886422105556155,71.89060306642205,2025.7679553454518,933.0619235123639,4948.43872849682,1266377.8260715632,1125.334539624357,0.6179360922961624,db37
32768,0.050142728365384616,-5.696900188922882e-06,0.001633244041190174,0.040413414124399014,-0.034626722104639206,53.51814180519432,2223.926542381831,1027.9127448264899,4332.2009596841635,1312747.1429724677,1145.7517806979258,0.5756066357396055,sym15
32768,0.04598106971153846,7.429160177707672e-06,0.002839026058469736,0.053282511750758675,0.0020402473257304737,93.02920769248158,1861.4012635612853,635.7371155073283,4468.168376006362,1174634.005529705,1083.8053356252242,0.6029362948622088,db36
32768,0.03653094951923077,-7.631257176399231e-05,0.0040087193409018415,0.06331444812127672,-0.40098470526290597,131.35790619067848,2048.9013385193753,674.6967003162495,4319.490965573729,1482642.86611524,1217.63823285705,0.5705649100450407,coif15
32768,0.030318509615384615,2.701394259929657e-05,0.0035347328441757654,0.059453619268937406,-0.5152333320469352,115.82614975050092,1927.546002567208,766.6286682222549,4390.326128764727,1358102.9428576315,1165.376738594705,0.5727638089181544,db34
32768,0.05198317307692308,-3.1303614377975464e-05,0.001871844340265091,0.04326481642472427,-0.056355839490706966,61.33662745170295,2194.2879067794493,890.7986879180149,4281.741024696333,1261005.5090404092,1122.9450160361412,0.5831576340207697,db33
32768,0.047475961538461536,9.898096323013306e-06,0.00208712981028912,0.04568511585066979,-0.0707373835542295,68.39107283391058,1993.191990004686,746.5945918637332,4239.291821431047,1506947.1834389716,1227.5777708312298,0.6160217361289984,coif17
32768,0.05383112980769231,-2.5676563382148743e-06,0.0032604654992108633,0.05710048598051389,0.05502580348435648,106.83893369417638,1882.3290880296388,666.9894921469988,4179.141428735947,1444756.3978543815,1201.9801986116001,0.5849225161053248,db18
32768,0.04044471153846154,-5.16548752784729e-05,0.0020854719999800486,0.04566696836861463,-0.1006818850875458,68.33683392778039,1945.2251333449187,680.5702366653969,4159.816388994007,1296834.323598976,1138.7863379927667,0.6271625230733062,db38
32768,0.041481370192307694,5.975551903247833e-05,0.0021585977938908224,0.04646071236960129,-0.1671415100555599,70.73304951563478,2199.2553774372595,893.2824578144464,4993.818698039985,1380430.7710932763,1174.9173464943294,0.6043331039192261,coif15
32768,0.04323918269230769,-8.385535329580307e-05,0.001990913026825676,0.04461964843906411,0.17615986720682084,65.23846847843379,2213.257539772692,790.9954693390257,5086.369107757474,1446275.602367283,1202.6119916112941,0.6102562055445458,coif17
32768,0.04846754807692308,-6.2659382820129395e-06,0.0022036920161835893,0.04694349812469869,-0.01709883288100814,72.2105812728405,2236.7190655682657,997.4654496331495,4201.065994979458,1255138.426075841,1120.3296059980923,0.6270922873067056,db35
32768,0.04469651442307692,-1.8042512238025665e-05,0.0018504062859776768,0.043016349054489464,0.22770442098886243,60.63412384595722,2250.7532946672122,895.5174537980045,4480.510626563494,1279062.248320314,1130.9563423582335,0.6076163379916969,db38
32768,0.041654146634615384,-2.48858705163002e-05,0.0018120524130463267,0.04256820894806741,-0.027528311907276854,59.377353764139116,1845.3093875690781,904.5259878833976,4180.555157204314,1154981.1108664137,1074.700474954028,0.6056840593280031,coif14
32768,0.03928786057692308,-2.3934990167617798e-06,0.003164153394335314,0.05625080794384481,0.01638276791080167,103.68297861330211,1686.1146620838178,628.0154882093711,4273.108387722949,1209984.1055900434,1099.9927752444755,0.6008461845112826,db33
32768,0.03692157451923077,-1.6658566892147064e-05,0.002677687150965667,0.05174637331220099,0.04569472141843915,87.74246165622026,1864.9958207148402,811.1899221801617,4269.073451616122,1136856.542166095,1066.2347500274482,0.603453130045286,coif16
32768,0.04478665865384615,0.0002863602712750435,0.003891624107635278,0.062382883130192676,-0.09363720426953401,127.52342580724508,1976.5321777027411,718.7057572690738,4558.612953462405,1683352.8610623737,1297.4408892363358,0.5450829282266966,db35
32768,0.039573317307692306,-0.0001438036561012268,0.00405539811217398,0.06368200775865959,-0.09391706791329311,132.88796296529472,1769.6108753429223,726.6725322172714,4602.939808855794,1423156.898991698,1192.9613987852658,0.5661318077110111,sym15
32768,0.04188701923076923,-0.0001361435279250145,0.0029826044801252857,0.05461322623802119,-0.21595278884750788,97.73459096159786,1981.4718994485897,643.9960985081964,4823.997693879602,1525473.1619088296,1235.100466322003,0.5916256912501549,db34
32768,0.03626051682692308,-0.00011303741484880447,0.0026064211487605766,0.05105312085231006,-0.24940775384722957,85.40762689430267,2144.7552006925807,924.9563898003684,5049.722301400191,1370547.8517838581,1170.7039983633174,0.6089653435089499,db30
32768,0.047205528846153845,1.4239922165870667e-05,0.0015272848433333895,0.03908049185122149,-0.05748156652579143,50.04607639089227,2299.1470927820005,1055.578650062979,4304.857562236081,1388431.952764678,1178.317424450932,0.5710794731373692,db34
32768,0.04678485576923077,-3.0229799449443817e-05,0.002575142576406681,0.050745862653094005,0.009181636320789206,84.38230188842863,1827.621019700545,665.8578086158567,4245.632071966907,1266825.002660858,1125.5332081555205,0.5942280279316959,coif14
32768,0.03969350961538461,-3.846175968647003e-05,0.00138161081206117,0.03717002572048034,-0.11382866940043167,45.27267156355083,1799.9908957196287,678.8993417851414,4219.5410497811035,1208413.9486406974,1099.278831161911,0.6301478887840273,sym17
32768,0.039490685096153846,-3.9208680391311646e-06,0.00164992483113063,0.04061926674782092,-0.1149113400794008,54.06473737023771,1520.7138114967777,720.6871306013853,4478.770340907052,1158583.292456287,1076.3750705289895,0.5409320401410936,db36
32768,0.03547175480769231,-0.00010719429701566696,0.0020869718017833333,0.04568338649644237,-0.1531863071853018,68.38626852538437,1601.2757310591755,641.5434581972933,4619.850132419696,1401336.163374788,1183.7804540432267,0.6131111348469374,db38
32768,0.04042217548076923,-0.000311938114464283,0.004039640552151938,0.06355816668337702,-0.025674361535808012,132.3741301158443,1790.644688212324,606.1195556861977,4610.496093525254,1503815.7668850783,1226.3016622695568,0.5541026670219212,coif17
32768,0.024181189903846153,0.00015381071716547012,0.023145104520505937,0.15213515215263676,-0.4796902930174977,758.4195601446554,2033.2754068190466,617.1078470116822,5113.963745322944,1210240.593992363,1100.1093554698837,0.3005941882865225,db35
32768,0.01631610576923077,-0.0002792002633213997,0.030445670311710714,0.1744868771905518,-0.41975831704543104,997.6462791310623,2004.9671191002133,688.795675350724,5213.7083725338,1378977.9956628482,1174.2989379467429,0.28447150717649206,db22
32768,0.011681189903846154,0.0009845588356256485,0.042254044199815516,0.20555788527764027,-0.17740393700051646,1384.612284200266,1214.9295464965821,570.783447951795,4990.94630942937,840211.1735470337,916.6303363663204,0.2745974345164081,db36
32768,0.012161959134615385,-0.00027084164321422577,0.04048661466269721,0.2012128590888197,-0.015446932687375235,1326.6677929703146,1827.8887751386117,738.4471248535497,3799.2016121655083,1104787.6233847025,1051.0887799727968,0.1770290186415366,db31
32768,0.009329927884615384,-9.61553305387497e-05,0.0455305666680675,0.21337892742271317,0.0005158742728871085,1491.945911547169,1555.5449831735414,542.5114758167774,4887.960012745323,1287116.7993688805,1134.5117008514635,0.2534195297655901,db35
32768,0.00918719951923077,0.00025218725204467773,0.03530956874243074,0.18790840519367605,0.012329341836789812,1157.0260325446725,1665.2264537300377,595.2980647846298,4981.784587831392,1012729.8276848269,1006.3447856896894,0.17812848925128713,db25
32768,0.0077223557692307696,-0.001105991192162037,0.04956509738934517,0.22263220204935577,0.017836931036103666,1624.189193612896,1049.8595480597812,507.8653223840718,3416.1484706966507,509982.6719446343,714.13071068582,0.22417305965087853,db35
32768,0.01142578125,0.0008968068286776543,0.03681000452014491,0.1918593352436751,-0.00778192309353654,1206.216582189314,1870.5756698406942,605.5610211120583,4558.7150853799885,1550365.3223295563,1245.1366681330835,0.1946202839614852,db17
32768,0.011846454326923076,1.4931894838809967e-05,0.02955461777555229,0.17191456533857824,-0.5770188706309188,968.4457225752994,1979.8942754984898,597.3681194426083,4541.42637916838,1633502.4712181326,1278.0854710144124,0.2677692239642397,db36
32768,0.0103515625,0.0002935221418738365,0.02468185486471569,0.15710459848367167,-0.6366244293807526,808.7778433421627,1619.3196985896082,658.8506920868597,4662.267909802129,954064.7987546604,976.7624065015301,0.3230869033926813,db33
32768,0.01494891826923077,-0.0004972787573933601,0.026536952942724505,0.16290166648234297,-0.6145575728323174,869.5709771001711,1386.2162517133686,588.3826863709766,4051.6426054788994,999027.5205780299,999.5136420169712,0.2889481584709806,bior4.4
32768,0.013912259615384615,-0.0011094389483332634,0.02282247234371739,0.15107108374443268,-0.5583762293672684,747.8871064083651,1736.7879035660806,651.2337227513834,4179.915111545093,968267.1240368471,984.0056524415128,0.3620958615666603,coif17
32768,0.012800480769230769,0.0005302540957927704,0.02680467895359571,0.1637213454427849,-0.6015073783532874,878.3449333105236,2136.3781638082223,583.5839890522242,5123.817837502198,1565241.4590179513,1251.0961030304393,0.2401358301749335,db35
32768,0.015587439903846154,-2.1002255380153656e-05,0.023494716745101382,0.15327986412148656,-0.42592287484611085,769.8748927572742,2015.1501784728232,643.1086045357057,4853.341509011903,1569021.3776468642,1252.6058349085174,0.38183630606696833,db27
32768,0.021161358173076922,3.5865232348442078e-06,0.02776608752618638,0.1666315922212423,-0.43868373125473814,909.8391564795747,1768.1660644774338,628.0747458663536,4748.438075888548,1235618.216567994,1111.583652528227,0.3067571987320599,coif17
32768,0.018404447115384616,0.00018961727619171143,0.02915560091270364,0.17075011248225766,-0.3771644773544233,955.371908871457,1982.1269713034826,555.5048656828774,4926.03548529195,1678699.1026865684,1295.6462104627824,0.33998464800809175,rbio1.5
32768,0.015076622596153846,-0.0009479857981204987,0.029038541600455693,0.17040698812095617,-0.517341361136141,951.5643790140748,2118.5120219308933,696.2624471935993,4713.516695964465,1269879.0248344315,1126.889091629887,0.27655004462424415,db23
32768,0.014265324519230769,-4.686042666435242e-05,0.032491003287778195,0.18025260965594422,-0.13617530037926906,1064.6652676891536,1394.6510389577484,591.5178427435511,4504.860019724948,899116.2627231084,948.2174132144528,0.33825101144348263,coif17
32768,0.015166766826923077,0.0010186107829213142,0.0367626244720039,0.19173581948087817,-0.039203956843705354,1204.6716777244583,1746.77826778248,633.7933739824332,4597.651256096682,1336596.1942697968,1156.1125352965414,0.20713080244243048,db28
32768,0.010945012019230769,-0.00015770737081766129,0.035696353829702335,0.18893478724073642,0.030709348893105743,1169.6989372847602,1300.4012324063704,522.9609458936825,4922.256120216272,914033.9922922136,956.0512498251408,0.31087446286131526,coif15
32768,0.011207932692307692,9.027775377035141e-05,0.036372085232750505,0.19071466968419212,0.032260307171297235,1191.8407559683546,1928.15276261646,594.5246765041536,4918.115920010601,1316843.9835391494,1147.538227484884,0.2339977871781942,db38
32768,0.01337139423076923,-0.0008983155712485313,0.04219887676520676,0.20542365191283785,-0.034116412847535624,1382.7992366636172,1296.4647912838461,573.3651294047295,4874.466331467672,1000101.6816775377,1000.0508395464391,0.321930912722287,db36
32768,0.011508413461538462,0.0007508443668484688,0.034193513625207256,0.1849148821085184,0.05276882432114172,1120.471527996473,1714.8320001931563,657.3883418259451,4980.685446655431,1599385.1077624988,1264.6679832123918,0.21507793230129998,db29
32768,0.011050180288461539,-0.0003879005089402199,0.02680804041611258,0.16373161092505192,-0.4466369677163866,878.4507988514379,1970.719105830523,596.4069590933217,4557.50418752069,1704542.9956539772,1305.581477983652,0.31261582819050876,db3
32768,0.012875600961538461,0.0002452172338962555,0.020691112529425997,0.14384405628814143,-0.5920388619178096,678.0083457529545,1785.4261700542731,707.0512668760118,4566.366957193346,938582.6383757005,968.8047472920952,0.24148690177473908,db25
32768,0.010659555288461539,-0.0005261274054646492,0.024369605879067995,0.15610767399160105,-0.6914960261023336,798.5523159569129,1407.1932144244722,634.5422598649915,4826.948870510631,806379.0244041195,897.9860936585374,0.2608970426221242,coif14
32768,0.014723557692307692,0.0002135094255208969,0.017523498717069562,0.132376352559925,-0.569996335503288,574.2114997319877,2008.130512539537,776.8542696495211,4888.174973190805,1307628.793556863,1143.515978706403,0.2901560070551299,db19
32768,0.012109375,2.1034851670265198e-05,0.026813493568174272,0.16374826279437066,-0.5238681725015512,878.6245717406273,1970.9175232545622,568.9050771073748,4330.7482969009125,1605207.5689200899,1266.9678642018075,0.2864886814627605,db33
32768,0.015106670673076923,-0.0003408603370189667,0.020471670395882584,0.14307924516114343,-0.4930285076796862,670.8195027075708,2378.4289452320236,681.6700242556363,5156.677910941446,1879748.1976473657,1371.039094135308,0.3308827841110326,db24
32768,0.015414663461538462,-3.78461554646492e-05,0.02525911518925216,0.15893116494020976,-0.47749183849061505,827.6907334560528,1962.92629633224,721.2587930163849,5076.743459377172,1354170.9982999198,1163.688531480791,0.3002055918607913,db34
32768,0.01552734375,-0.00017685536295175552,0.024996641827970165,0.15810326317938592,-0.46399710084713314,819.0909843305126,1634.228144218393,634.2981061478584,4427.863811758773,1292081.123868996,1136.6974636502873,0.3724316497424758,db35
32768,0.019981971153846152,-9.389501065015793e-05,0.03365421780398406,0.1834508593710699,-0.10644240825776304,1102.781697892584,2530.5439225306286,1134.2337399321034,5216.272541162791,1096863.6466778526,1047.312583080072,0.23759136715882379,sym17
32768,0.024166165865384615,-1.0875985026359558e-05,0.02421201974897668,0.15560212000154972,0.04605991680478007,793.379467010498,2797.0658409954945,742.6652771619948,4818.514786417201,1876081.677034793,1369.7013094228948,0.2438158194367048,coif11
32768,0.030859375,-0.00033589918166399,0.017660032551632114,0.1328910551979783,0.023543199361525824,578.6876438083127,2729.966227629285,751.607988533099,4417.758585202062,1501334.8786821563,1225.2897121424617,0.3053784210667207,db28
32768,0.036463341346153845,0.0006228070706129074,0.01468969988626178,0.12120107213330161,0.011025849387541323,481.36479620821774,2758.7402866046464,862.0481720800702,4577.334178316068,1803009.5226040424,1342.7619009355465,0.3413087550440512,sym17
32768,0.029537259615384615,-0.0008125687018036842,0.02401320107201453,0.1549619342677889,0.06106751671181192,786.8862083861604,2500.0903178215312,876.7359813096912,4434.75964203977,1318947.5382572345,1148.4544127901788,0.38073049625391425,db29
32768,0.018787560096153847,0.0007588937878608704,0.033657570399615304,0.18345999672848384,0.10340922471936678,1102.9101385939866,2789.8236901170344,683.5050523207499,4583.316777602786,2018230.9217507858,1420.6445444764802,0.3642483622436953,db34
32768,0.02841796875,-0.00020444393157958984,0.025584126081966474,0.15995038631390196,0.06951311336748449,838.3420130684972,2878.992960743846,870.6600091888105,4747.393938687924,1489020.5994534197,1220.254317531153,0.2637304573514585,db32
32768,0.028463040865384617,3.781542181968689e-05,0.025370239972634524,0.15928038163136893,-0.3995005496991926,831.3320702817291,2735.056130391,857.2628816572387,4897.336064123147,1614335.9659864614,1270.5652151646768,0.3898094340047299,db37
32768,0.03581730769230769,0.00014036055654287338,0.0200592134929896,0.14163055282314477,-0.4213401203946371,657.3009533034638,2556.5591518682013,938.3297702612565,4685.14555136776,1307228.3740105405,1143.3408826813377,0.3534590097246018,db18
32768,0.035411658653846156,-0.00010222755372524261,0.014898742069780112,0.12206040336562923,-0.3970892251649766,488.2023225836456,2830.098020731478,771.918630924917,4643.254719086387,1872538.1724566713,1368.4071661814226,0.38162914597608666,db36
32768,0.051915564903846155,-0.00048789195716381073,0.014481060888973267,0.12033727971403237,-0.21260756344772772,474.5232032574713,2803.064255448802,861.3363244826987,4550.322037743604,1578330.5729700753,1256.3162710759084,0.44297647947857965,db33
32768,0.033924278846153844,-0.0002332804724574089,0.02372212543574655,0.15401988649439574,-0.19530464612742587,777.3283895058557,2485.596194861886,764.4925258733701,4529.6427870209445,1576197.9638683805,1255.467229308826,0.34819073487055036,db18
32768,0.03161057692307692,0.0005526859313249588,0.021622128124378352,0.1470446467042522,-0.29891436266153304,708.5239037498832,2737.848739274128,785.5487281061796,4773.322958888857,1959228.6817346702,1399.7245020841317,0.3045237630529387,coif13
32768,0.035081129807692304,-0.00040841661393642426,0.016519598666019562,0.12852859085051685,-0.4484431891491496,541.3196749258786,2795.7140574852106,916.389230854896,4501.624474017985,1657518.8602052515,1287.4466436343105,0.3206402581945242,db23
32768,0.03920522836538461,0.0004751654341816902,0.01333485037060943,0.11547662261518316,-0.14343706269476708,436.9637753749266,2856.957096664953,937.431741356777,4738.893880628907,1575127.9598861062,1255.041019204594,0.39214282835977354,db34
32768,0.020875901442307693,0.0003400007262825966,0.027230227382011942,0.16501583979125137,-0.11885345255597835,892.2838788507506,2401.2516006331166,679.7966318708114,4567.164685666228,1615396.114469058,1270.982342312063,0.3041912593297138,db31
32768,0.030821814903846154,-0.0003230096772313118,0.016939837992728322,0.13015313285790828,0.022159174088607736,555.0880302032456,3038.377987704897,842.7528101486049,4782.977121016126,1708331.7849321011,1307.0316694449684,0.27758207953117325,db21
32768,0.035975060096153845,-6.816349923610687e-05,0.013329667659211477,0.11545417991225557,0.02569003934408559,436.7867021057755,2784.0471582458845,793.562277794645,4478.828946760381,1691695.3594122026,1300.6518978620693,0.3217927068913857,coif13
32768,0.032151442307692304,-0.0005210395902395248,0.01182170034619897,0.1087276429717805,-0.021811779410797497,387.3823728747666,2917.334420425169,978.9725009038592,4577.4038504739865,1541930.652260161,1241.7450029133038,0.3466121581018039,rbio1.3
32768,0.028725961538461537,-0.00013506878167390823,0.012651823272115092,0.11248032393318882,0.23393410056057795,414.5755427861586,2538.976063727886,901.7548500709416,4522.652281530303,1386602.7878979102,1177.5409920244433,0.4519889388299602,coif13
32768,0.023715444711538462,0.0008045323193073273,0.02300520923774383,0.1516746822569404,-0.0259112679977622,753.8559061195701,2840.066050996128,920.6926234340608,4647.258403577218,1757567.7498093895,1325.732910434598,0.3892400675252368,db17
32768,0.03289513221153846,-0.0002626059576869011,0.020155850553357967,0.14197130186540505,0.03897992827135114,660.469170675613,2763.6272962501075,761.7594503513803,4337.302631729045,1319320.5484198662,1148.616797900791,0.31113261312499757,sym10
32768,0.03457782451923077,-3.19555401802063e-05,0.018312522273141896,0.13532376832301818,-0.11392920256767636,600.0647633075714,2709.9203457534586,827.435519673807,4542.430533562922,1704266.0232130375,1305.4754012286244,0.43691958271360115,db38
32768,0.03497596153846154,0.00013396330177783966,0.018443649788008824,0.13580739960697585,-0.4728926500436561,604.3621043134481,2388.5367438948388,808.408610867721,4437.155436705611,1338364.7751807852,1156.8771651220302,0.4077646867153076,db28
32768,0.05424429086538462,7.458962500095367e-05,0.01518509087753158,0.12322780074939088,-0.2952963773070155,497.5852401833981,2812.189145402842,953.1378162441011,4637.789967334526,1687063.063148761,1298.869917716459,0.421603333684635,db34
32768,0.043216646634615385,-0.0005381368100643158,0.011731351659095095,0.10831136440418011,-0.2621826055488267,384.4224204905331,2925.1859695027188,1006.332593230224,5008.090908467773,1461391.1577543365,1208.8801254691618,0.4460449340230155,db38
32768,0.043134014423076926,0.00019604433327913284,0.01302034496344038,0.11410672619718953,-0.42610657154734555,426.6519231470302,2329.2442956086566,979.6471558663903,5155.3980397941,1199019.1932930797,1094.9973485324426,0.39726589560587405,db15
32768,0.019741586538461538,-8.108094334602356e-06,0.012312613415671685,0.11096221616240226,-0.4284543669006673,403.4597185589373,1523.8062450906764,707.0733487938887,5235.1141404618165,1030389.164744829,1015.0808661110842,0.2681432404331937,db38
32768,0.022010216346153848,-0.00019878428429365158,0.012038890056538567,0.10972187592517076,-0.3932061409342711,394.49164420645684,1643.979440116549,651.8404213392961,5072.471213514212,964439.305208753,982.0587076182121,0.3164615541554251,db37
32768,0.020590444711538463,-0.0001369202509522438,0.010392713218667455,0.10194465762690783,-0.402086426786398,340.5490410560742,1608.579211340016,640.3682178953636,4073.5288376363983,893537.2514309967,945.2709936473226,0.36241610128690566,db34
32768,0.022047776442307692,0.00039721839129924774,0.011705823207522496,0.10819345270173467,-0.639423792343891,383.58158507943153,2673.4768598836786,783.3863531686345,4782.9049424941095,2067838.8904692621,1437.998223388771,0.3272046606487591,bior4.4
32768,0.016180889423076925,-0.0006162766367197037,0.015139983986352933,0.12304464224968487,-0.5220214213901369,496.11944044940174,2024.5273313770635,1342.6175173628426,4687.958542103365,648884.781040084,805.5338484757074,0.2634291089242834,db31
32768,0.018870192307692307,-0.0001487554982304573,0.012384502028744434,0.11128567755441145,-0.1277506400234475,405.81608757469803,1919.9209285814122,1028.562898137196,4811.69388889343,1263951.1052325566,1124.2558006221523,0.2880653647907452,sym13
32768,0.027388822115384615,0.0004003038629889488,0.00795700869074478,0.08920206662821653,0.18304422324099026,260.7405116269365,2622.268043675029,1653.1128829322595,4531.539717482441,933171.7634065972,966.0081590786888,0.3349373289903004,db5
32768,0.03518629807692308,7.167458534240723e-05,0.008825208106634896,0.09394257877360455,0.2656839656258314,289.18458757549524,2818.5113737463967,1309.1379356078476,4724.522597999082,1396600.935997139,1181.7787170181814,0.3262478514142608,bior4.4
32768,0.02647235576923077,-0.00018299836665391922,0.015218906960018227,0.12336493407779306,0.024885352626699348,498.6942406138405,2059.7520823505674,1154.338533114812,5180.91476204531,737915.4339748259,859.0200428248609,0.3878571597361813,coif12
32768,0.01775841346153846,0.00041723065078258514,0.014384470898241013,0.11993527795540815,-0.5112237592125161,471.35604669339955,2339.373968683077,1119.271596799551,5125.473674429331,1856569.255875203,1362.5598173567291,0.22772434504905492,db16
32768,0.027261117788461537,-0.0001684967428445816,0.012057653127986092,0.10980734551015288,-0.261062425553926,395.10610801912844,2877.4260248602386,1370.1704750820188,4747.486814164988,1426257.6488690255,1194.260293599777,0.3598062255466016,coif1
32768,0.017998798076923075,-0.0003954041749238968,0.015267528854118688,0.12356184222533544,-0.3885108108030919,500.29150858707726,2497.9258091833576,1269.1250988044305,4452.604888503627,1025355.3599883087,1012.5983211463017,0.21907375118535558,db26
32768,0.017788461538461538,-0.000299244187772274,0.014913134533829864,0.12211934545283915,-0.33953885042799264,488.6765266833827,1733.0514614102945,1061.9811812632795,4992.587795972363,610630.4851236374,781.4284900895522,0.35926004830341524,db37
32768,0.021048677884615386,4.3147243559360504e-05,0.01654505799498325,0.12862759422061523,-0.4553102631507214,542.148521383293,2739.327950824024,1242.2875588668599,5276.023960828256,1647750.920791948,1283.647506440903,0.2760980990703287,db17
32768,0.023677884615384615,-0.0001407880336046219,0.01413772700257842,0.1189021740868451,-0.27952254564792356,463.26568792387843,2404.1062822854706,1300.526177515447,4744.355011804494,1163664.281939515,1078.73272034342,0.37202947470306885,sym4
32768,0.01805889423076923,-0.0002334238961338997,0.013902614408156507,0.1179093482644888,-0.4439332345713596,455.56265434715897,2633.26671589439,1291.3174725588108,4428.700801864382,1038347.4619700601,1018.9933571766109,0.18267705624878325,db15
32768,0.014565805288461539,5.1206909120082855e-05,0.011123984496930042,0.10547030149255307,-0.4180159182519962,364.51080991793424,1928.098527553676,1176.4942350861454,4940.092142631145,1008889.4933786232,1004.4349124650254,0.3485331894725958,coif13
32768,0.03914513221153846,0.00012982729822397232,0.008266026582018844,0.09091769124883696,-0.5788786633873912,270.86171134840697,2939.804524553363,1550.723589973721,5006.61222550892,1434898.1631412082,1197.8723484333414,0.3269747661085773,db34
32768,0.02637469951923077,0.0003590574488043785,0.010394711593293414,0.10195445842773829,-0.4848558862186197,340.61813401337713,2435.291435464543,906.73012375304,4598.829014061539,1529820.0019126183,1236.8589256308167,0.36310650014977375,coif14
32768,0.0205078125,-0.00020087137818336487,0.0086671827874296,0.09309770559702102,-0.3997241885391552,284.0075677447021,2280.887281043355,849.1173779199719,5010.234526040132,1150836.9286800148,1072.770678514292,0.3073450347397936,coif17
32768,0.020628004807692307,-0.00011761020869016647,0.011737552164478703,0.10833998414472241,0.05040398170225496,384.6165625778958,1570.7220176133058,554.8246165180511,5047.201518831236,2135471.054451399,1461.3251022450133,0.42755596661703404,db35
32768,0.03177584134615385,-0.00016440171748399734,0.007369996137027787,0.08584868162661431,-0.07127769291593829,241.5009190691635,2435.7649422935497,684.9584137534365,4991.970755205075,1984263.9062325305,1408.6390262350858,0.44162659359335776,db18
32768,0.046619591346153844,0.00026986096054315567,0.006661968240430359,0.08162088115445923,0.00046882731497269853,218.30176162999123,2602.4925922654934,622.0999424379339,5009.05124145361,2315653.303246182,1521.7270790934167,0.5119690869651781,rbio1.5
32768,0.0419921875,4.578195512294769e-05,0.00425476157727186,0.06522853345945975,0.06543386621178857,139.42009604535997,2145.452400859165,844.7572937883887,4526.512647833728,1107257.1666907957,1052.262879080506,0.4269460143946984,sym18
32768,0.02841045673076923,0.00019933655858039856,0.007753068996542474,0.08805151331205202,-0.03079351913681078,254.05386691726744,1529.6491485012612,626.5591783043402,4781.985225669335,1726383.837649276,1313.919266031698,0.44847135815320116,sym16
32768,0.034375,-6.798654794692993e-08,0.006828502357246786,0.0826347527209151,0.03886106362252513,223.75636524241418,2476.5894439181425,706.9288384199496,4733.274159120983,1740183.3630912846,1319.160097596681,0.41717872229180275,db27
32768,0.025247896634615383,-0.0005706353113055229,0.011306968991955664,0.10633423245576029,-0.24397424792343275,370.5174299972132,2736.452744877666,812.9323417831251,4715.1381606129335,1605135.6424698534,1266.9394786136602,0.23736894769751926,db23
32768,0.01309344951923077,0.00048534106463193893,0.009595138541977863,0.0979547780456771,-0.026920185484241955,314.42121844086796,1564.3154246349218,641.7040537932445,4767.442585566327,1089002.9272332483,1043.5530303886087,0.34310984834206143,db29
32768,0.02569861778846154,-0.0004164325073361397,0.009762336026277666,0.09880453444188514,-0.1765560088902864,319.89790940564126,2068.263693546631,608.7739207100329,4763.698917423491,2404333.0678288965,1550.5911994555163,0.27565249948255205,db16
32768,0.0263671875,0.0003199838101863861,0.009272960320767281,0.09629621135209464,-0.1964412420326713,303.85971889458597,2505.5375518874275,688.0594248656431,4797.270797800927,2125835.4558935915,1458.0245045586826,0.3892423906152357,bior4.4
32768,0.019343449519230768,1.2792646884918213e-05,0.009239869316616411,0.09612423896508315,-0.18929298728763566,302.7720431294292,2631.0019479121647,830.9975219418814,4675.66226432796,1275886.457351891,1129.5514407727924,0.19733505369129517,db37
32768,0.01415264423076923,-0.0004792315885424614,0.008996253352663859,0.0948485811842426,0.04487616188995033,294.796755454503,1567.3281838598389,635.6908866565059,4969.716024819166,1354771.404939887,1163.9464785547002,0.4106813349682386,sym18
32768,0.03126502403846154,5.60171902179718e-05,0.007274245580790024,0.08528918794776993,-0.16353650566671785,238.36258201487362,2736.11336380069,751.387778010659,5172.472418052164,2374595.6795949885,1540.9723162974046,0.29639175645294175,db27
32768,0.01877253605769231,0.00034053344279527664,0.008431764527721172,0.09182464009034379,-0.0933559106642161,276.2958599207923,2066.9309360544153,783.2137008442763,4505.49920126174,1633400.0707156812,1278.045410271357,0.411587886850523,db23
32768,0.034923377403846156,6.0535967350006104e-05,0.008891882814999474,0.09429678051237737,-0.08261725032276857,291.3693361636251,2258.9945408991357,976.1955132045998,4075.4740266769445,1157011.5800205893,1075.6447276032125,0.3999854126265227,db36
32768,0.025225360576923078,0.00018645823001861572,0.011312166203381713,0.10635866773978374,0.1627458362433276,370.67820138670504,1490.8504043291373,813.2080251886157,3899.1992886709386,776602.3829341668,881.2504654944398,0.45006635835952946,db34
32768,0.045072115384615384,-0.00024407170712947845,0.00972526386640973,0.09861675246330985,0.022504411748522645,318.67939839698374,1772.2198514604281,922.8277233276555,3588.487983562666,747787.4487581431,864.7470432202374,0.4515205080947584,db37
32768,0.03869441105769231,9.914766997098923e-05,0.006494449106056045,0.0805881449473559,-0.019386931775850245,212.81043042521924,1916.1993349717302,788.6008918924657,4370.038479228833,1613013.7448688636,1270.0447806549435,0.4511043562498408,db37
32768,0.02567608173076923,-9.326916188001633e-05,0.007158993452018833,0.08461083531096258,-0.002746795073784976,234.58618248905987,1997.9006358777042,1036.2010071974319,4620.264113203402,918354.988593504,958.3083995215235,0.42380575886332417,db29
32768,0.025428185096153848,8.689984679222107e-05,0.008398326586935827,0.09164238422769143,0.06946710935494027,275.19661305099726,1745.7322516703255,855.6087123057855,5028.753653605826,1172216.9440140335,1082.689680385859,0.4462621448495072,coif17
32768,0.03125,9.445939213037491e-05,0.007677638206295661,0.08762213308460175,0.05541428726218222,251.58114111889154,2387.0275479152315,1002.6433737254468,4481.46882831314,1288995.2984145659,1135.339287796633,0.39074494743576427,db33
32768,0.020365084134615383,2.4930573999881744e-05,0.0090633291758517,0.09520151876861892,0.1153233736062252,296.98719080071896,2130.689778971033,805.0843596745124,4567.450373726114,1699025.2384492257,1303.4666234504148,0.3436129231618432,db38
32768,0.02247596153846154,-0.0001503853127360344,0.008564540895017339,0.09254480479755381,0.03705505662540793,280.64361712057143,1785.5898478934778,948.7118435692967,4490.963832349283,886235.8572705045,941.4010076850908,0.34485183578979284,db37
32768,0.021048677884615386,0.00019168853759765625,0.009237748786517841,0.09611320817930198,0.019178267275935267,302.7037562802434,1761.7468214824069,908.2246390436158,4604.469810735365,1033763.3277664982,1016.7415245609369,0.3223440638903686,rbio1.5
32768,0.024098557692307693,-0.00024272780865430832,0.008705247797444436,0.09330191743712686,0.06722919041106688,285.2554904120043,1816.1717939596451,900.1835112427931,5355.187339713915,993521.3506607021,996.7554116535822,0.3454383150405808,coif13
32768,0.014993990384615385,0.00027400627732276917,0.009546144254700444,0.09770437172767882,0.023283029156725817,312.8105151411146,1448.4504959728708,677.5226893300311,4047.878549606292,912320.1310465555,955.1545063739978,0.3031669635780744,db38
32768,0.015211838942307692,0.0004690270870923996,0.010206953241673526,0.10102946719484136,-0.1928374252429029,334.46865233778954,1329.161496883373,688.648170256643,3981.694350996831,624980.5610336425,790.5571206646882,0.38437457293198996,db23
32768,0.021424278846153846,-0.0007471200078725815,0.012167790842879077,0.11030770980706234,-0.016443661354152404,398.73246105387807,1541.2188449027688,567.073866820079,4896.219153502893,1113106.2176636436,1055.0384910815546,0.4202183118605872,coif16
32768,0.020785757211538462,0.0001455908641219139,0.0141311657968808,0.11887458011232174,0.058864674525502966,463.05073540564626,1862.229888359481,560.3465758131981,5337.7554277847485,1682691.3816398217,1297.1859472102763,0.41156864760779416,db38
32768,0.028891225961538463,0.0001859031617641449,0.004915746856699141,0.07011238732705613,-0.07259709371539785,161.08032546192408,1030.6176354463457,587.4244201763647,5311.779085047085,621606.4420365562,788.420219195675,0.3560935633017988,db35
32768,0.04039963942307692,-0.00015092361718416214,0.002469706567795415,0.049696142383442755,-0.04512984635434466,80.92809120099992,1026.4674552679971,710.68373823001,3910.0455866166776,270740.55738546135,520.3273559841548,0.48376115757993743,db19
32768,0.05672325721153846,-5.951710045337677e-05,0.002236230243764732,0.047288796175888555,0.053924544987629025,73.27690870128572,1172.4328774936762,782.6202719646682,4240.424601752648,450732.8094094224,671.3663749469603,0.5170070814770245,db27
32768,0.07445913461538461,7.048249244689941e-06,0.0021053545349365432,0.045884142521535075,0.027520095385186055,68.98825902864337,1168.4870198700362,786.1507976660749,4414.052387662831,284974.3697489643,533.8299071323789,0.4735280480316342,coif16
32768,0.05855618990384615,1.4118850231170654e-06,0.0006273175716803164,0.025046308543981415,0.04517758099908034,20.555942254140973,1164.2647935132445,860.0158117224925,2619.1659054291417,75044.8092331653,273.94307662937075,0.5439558112628169,db20
32768,0.06085486778846154,-2.920348197221756e-05,0.00042180861920092835,0.020537979920160803,-0.16113179803338112,13.821852779947221,1210.5321020471843,958.2358404684113,2585.5415076592153,51014.381436117015,225.8636346030875,0.6103674115012443,coif16
32768,0.06324368990384616,-1.638755202293396e-05,0.000411100986104071,0.020275625418321157,-0.329291265920101,13.470965912565589,1136.9715630602952,875.0904692991653,1500.4360909875525,16980.17524320428,130.3080014550307,0.5428974082828336,db34
32768,0.051998197115384615,-1.3657845556735992e-05,0.0002391331163329865,0.015463929524315172,-0.024734471237474784,7.835920068435371,1239.654363696978,957.0028423634569,4213.977335714155,218270.30175319582,467.1940729003267,0.58208923781742,coif16
32768,0.06058443509615385,-1.9725412130355835e-06,0.000442313867412749,0.021031259292128682,-0.018026460959233007,14.493740934878588,1267.233763701332,816.7847540326761,4269.9093724383165,303297.0744882693,550.7241364678592,0.5509136843702935,db26
32768,0.0626953125,-2.2592954337596893e-05,0.0015306461051361937,0.03912347255978428,-0.16590897937686894,50.15622829925269,1101.1739451034052,696.2171381358143,2869.0692554322873,176490.0358328531,420.1071718417255,0.4859311893480223,coif16
32768,0.06528695913461538,-2.5350600481033325e-05,0.001716040078823075,0.04142511410754441,-0.1915319651496057,56.23122236132622,1039.836579810912,663.7606942248508,3673.4542642861184,262543.5088039415,512.3899967836428,0.5210489599777941,coif16
32768,0.06114032451923077,-2.0816922187805176e-05,0.0016450550265589836,0.04055927793438862,0.03269590300478008,53.90517731010914,1112.6237649593168,738.7282198836692,3839.6248875519263,364915.8659427935,604.0826648255961,0.5348916828770419,coif17
32768,0.06763822115384616,-8.522532880306244e-06,0.0017165225752772116,0.04143093741731185,0.08283725210758648,56.247014126740396,1077.4939279262842,695.3808096509784,3897.0380165853458,239070.8578811592,488.9487272518042,0.48085401513608866,db34
32768,0.06095252403846154,-3.271736204624176e-06,0.0007010369229867993,0.026477101861548204,0.12419560780970244,22.97157824318856,1143.0155714459245,754.6044912908126,4588.126842771298,332396.99246580515,576.5388039549507,0.5679383402874864,db27
32768,0.05065354567307692,-2.1901912987232208e-05,0.0007194800413479672,0.026823125122699017,0.23378975564843482,23.575937713496387,1242.2512140664787,698.6540353401265,4656.80628166222,689767.0540251379,830.522157455861,0.5906835895821106,coif11
32768,0.06391225961538462,0.0005871932953596115,0.028249186209519432,0.1680749422416067,0.05919332584992,925.6806319877505,4088.5214834642793,2412.236976146321,5068.612205158255,492256.1921583509,701.6097149828748,0.4200196255068011,db27
32768,0.04269831730769231,-0.0002878159284591675,0.021704674225721865,0.14732506312817878,0.2022560397877269,711.2214794643223,3453.2778790048596,1875.3478942691067,4840.356454151862,725126.7331082942,851.5437352880322,0.42029510711380197,db32
32768,0.047964242788461536,-0.0002135755494236946,0.018073428307585588,0.13443745128343362,-0.020977363575383816,592.2315934794024,3443.0819025812093,1777.9800095200007,4457.801818549789,568083.8235467989,753.7133563542568,0.4639716685350882,db24
32768,0.051382211538461536,0.00023391470313072205,0.01653747984428231,0.12859813312907117,0.08306677920660842,541.9019324742258,3566.7812041127017,1870.9163168040652,4899.017603666484,685115.2793331766,827.7169077246016,0.4744138942074067,db15
32768,0.048009314903846155,-6.467849016189575e-05,0.01778648717552661,0.1333659895757783,0.1955970249025909,582.8277488462627,3436.4380979160806,1718.7225969368494,4892.634648368176,540232.3699340628,735.0050135434878,0.5115789647776746,coif17
32768,0.03689903846153846,0.0003182636573910713,0.030199581904985874,0.17378026903243612,0.1366541492315169,989.5832189908251,3692.3384543684315,1852.4128032010613,4782.742157579915,664485.1636689238,815.1595939869221,0.43621603340955856,db38
32768,0.037838040865384615,-0.00019751861691474915,0.028391891860986763,0.16849893726960644,0.10721565580355648,930.3467908985913,3345.987791945652,1754.5971482667755,4338.051584061778,560232.3550753888,748.4867100192153,0.3897960401978863,db26
32768,0.04121844951923077,0.00022151228040456772,0.023434980673389547,0.1530848806165702,0.2073569860965592,767.9190545557067,3439.0778979196875,2032.9332435772446,4937.686161583168,711002.2495004181,843.2094932461434,0.47473929964586076,db35
32768,0.048505108173076926,-4.1949562728405e-05,0.020527388574485737,0.143273823758863,0.026652526495449996,672.6415264727548,3235.0605142691247,1696.5449359437648,4313.341858036142,542450.1997549895,736.5121857477916,0.48432752196144274,sym11
32768,0.04981219951923077,-0.0002938713878393173,0.019345453764396253,0.13908793536607067,0.03376412771919668,633.9146588090807,3480.428914443371,1856.9528025455893,4825.473556772804,633960.5623877749,796.2164042443329,0.4726931593194011,rbio1.3
32768,0.0603515625,-0.00028353091329336166,0.01625513998780863,0.1274956469367038,0.1896250521174333,532.6510613327846,3378.0217272616437,1598.8942061159782,4964.684310852842,734472.9419041954,857.0139683250183,0.5172052028513245,db38
32768,0.036853966346153844,0.000411083921790123,0.021222427496902754,0.14567919376802838,0.10866050354726033,695.4220416825265,3501.716513782036,1958.246893370287,5004.990867776922,663049.878738022,814.2787475662262,0.4443883225712046,db27
32768,0.03688401442307692,-0.0003074305132031441,0.024165522404533967,0.15545263717458757,-0.009836005612767323,791.858935170807,3348.362542508553,1641.8729091913497,4587.432055815078,652439.0403438987,807.7369871089838,0.36711430535562367,rbio1.5
32768,0.04380258413461539,0.00036297086626291275,0.02392997306002463,0.15469315776731896,-0.10075705156158235,784.1416743444279,3711.793771805714,1898.8297068837037,4904.917494975131,635505.8020411355,797.1861777785259,0.37044634923364483,coif14
32768,0.05585186298076923,-0.00035239849239587784,0.01797090645324026,0.13405560955528964,0.045250218645292876,588.8747319439426,3774.3287871985667,1757.7139316437083,5000.736676616874,509420.8721704585,713.7372570984777,0.45241300213107566,sym13
32768,0.05614483173076923,0.00021382421255111694,0.032928405797138564,0.18146185769229456,0.10010366384829394,1078.9994993396103,4302.77136384908,3049.7632135469735,5085.483022884505,310293.0763635323,557.0395644507958,0.40008125431058333,db18
32768,0.04245042067307692,0.00010687578469514847,0.02972616376899437,0.17241277147878104,0.05353375526201676,974.0673086727038,3388.146695439754,1840.928055324183,4974.3857806943015,621083.043503623,788.0882206349889,0.36606868445061724,db31
32768,0.04018179086538461,-0.0002639526501297951,0.024824319875181095,0.1575573542402293,0.10631637443094255,813.4455966493115,3335.9611557324342,1893.5456644528888,4735.066198176168,635807.864121845,797.3756104382959,0.3938808276747925,db37
32768,0.04825721153846154,0.00043653231114149094,0.022956188731055725,0.15151299855476336,0.1001979161678697,752.2346366243437,3377.787152576449,1854.9486365674836,4991.657651314296,591142.0644592859,768.8576360154628,0.4244301719151635,db19
32768,0.043479567307692306,0.0003179367631673813,0.019132238513250376,0.13831933528343163,0.0212264348079571,626.9285039156675,3451.0142842325167,1900.546709751061,4874.665188324477,720202.8391287078,848.6476531097625,0.49082100046995836,db32
32768,0.03312049278846154,0.0005132146179676056,0.043088841318047785,0.2075785184407283,0.07707082560492924,1411.9437830485404,3639.267226188733,1855.7817465534436,4791.280712852655,734973.2741500048,857.3058230001735,0.4242994224817319,sym19
32768,0.03456280048076923,-0.0008548581972718239,0.04361566743080762,0.20884364350108342,0.1430995585683647,1429.222136654891,3271.6605864866747,1590.8066970911952,4648.8456694539655,639094.5427929896,799.433888944539,0.3299900698886261,db25
32768,0.04216496394230769,0.0004709595814347267,0.03435856466018874,0.18536063406286876,-0.06413913246428608,1125.8687148233876,3383.9473507426596,1788.750098733285,4752.375487359218,711134.7226940163,843.2880425418211,0.42474795273512633,db37
32768,0.040294471153846156,-6.546080112457275e-05,0.02468311044364291,0.1571085944295948,0.048348908774642534,808.8163034319878,3120.676936073917,1466.2453452622137,4307.296584658292,745366.9167677246,863.346348094277,0.46600427451385623,db32
32768,0.05232872596153846,0.0001846887171268463,0.02162516692748693,0.14705497926791505,0.03210305958510751,708.6145875938237,3408.5987708621674,2014.4189149709603,4773.107660566155,570806.9105317574,755.5176440903001,0.4757243989188232,coif13
32768,0.05264423076923077,-0.0004434268921613693,0.018231047655777093,0.13502239686724973,-0.2900700263659913,597.4014126714319,3386.6217424408296,1833.2657337701298,4576.918831825117,529988.0384436804,728.0027736510901,0.49898560916391305,db24
32768,0.05125450721153846,0.0004526926204562187,0.024243635167755826,0.1557036774381255,0.0019060845104078865,794.4221523432061,3421.5583090364335,1975.2593122293713,4822.077056234437,581738.2399549305,762.7176672628808,0.47878711714720934,coif16
32768,0.035531850961538464,-0.0003818850964307785,0.027058948467013393,0.16449604392511508,-0.011780655119091838,886.6724021285772,3187.5456261824766,1684.5652397634337,4291.963569689115,574691.2663889865,758.0839441572328,0.2960650158899881,db36
32768,0.04571063701923077,0.00023168232291936874,0.0217359548090047,0.14743118669062086,0.013326312177292455,712.2455260595307,3784.8003188127627,1912.573252156417,4857.772607265924,717372.6793574905,846.9785589715306,0.3588011460357589,coif12
32768,0.04180438701923077,-1.5560537576675415e-05,0.021730734991103763,0.14741348307093136,-0.10409742131599993,712.072732122615,3676.452526331469,1501.7261999923612,4967.335572461771,856582.9319674306,925.5176562159312,0.3740404089510389,db18
32768,0.02228064903846154,-3.8351863622665405e-06,0.017216538647985696,0.13121180834050605,-0.16816202912810088,564.1515388991684,2892.565719037053,1129.1925164747583,4961.31911392914,1168519.35163722,1080.980736015781,0.3807551126736484,db21
32768,0.011921574519230769,-0.0005744528025388718,0.01384848398740706,0.11767958186281535,-0.25410461193191214,453.79793660901487,867.250068870429,591.4988887351452,3858.5562707445715,261629.34187092734,511.49715724618386,0.27897184628899063,coif17
32768,0.008841646634615384,0.00021624471992254257,0.02894912747874434,0.17014443123048237,-0.1261807168897833,948.6065415134653,768.2551281920202,472.0027021125008,3362.883927062706,212828.0610141282,461.3329177656069,0.24449888537172956,db34
32768,0.00829326923076923,-2.7418136596679688e-05,0.03112935210606338,0.1764351215208111,0.016943535004381147,1020.0466344449669,833.2922445171229,478.8233767438291,4921.464395392281,554726.1910184338,744.799430060492,0.16489954502484036,db37
32768,0.008631310096153847,0.0004420187324285507,0.03553690148378578,0.18851233774951118,0.061913265433326196,1164.4795900508761,927.8054489089425,401.59206898694697,5038.418353190698,807643.010287797,898.6896073104423,0.2465206407922868,db27
32768,0.007587139423076923,-0.00032736267894506454,0.028718097259434118,0.1694641474160069,0.13391871412018816,941.0381226232275,839.447579643567,534.7514436688868,4622.047024410251,382776.5106676128,618.6893490820839,0.1582535334522593,db34
32768,0.007091346153846154,0.000676293857395649,0.0396685347363291,0.19916961298433328,0.11231442570868026,1299.8735334509984,773.6776576656193,412.24151803815573,5070.919512487192,473818.56204196217,688.3447988050481,0.2014853160221951,db27
32768,0.007789963942307692,-0.000394430011510849,0.030401097891800545,0.1743591061338654,0.026662448169973808,996.188273601234,854.9633945834876,456.7246038291147,4785.505620721354,517368.1896213081,719.2831081162049,0.172159991448253,db35
32768,0.017916165865384616,0.0001367582008242607,0.008521725000506776,0.09231318974288981,-0.428191238219953,279.2404976701364,847.6330579572381,641.903500143951,2100.370290507474,64903.27397585468,254.76120971579383,0.2861094649760201,coif16
32768,0.018810096153846153,0.00021085701882839203,0.00753164102777667,0.0867850276705416,-0.3872486970432873,246.79827008582652,875.975781041384,511.20812813595296,3444.276230576878,169178.42738636135,411.3130527789768,0.37578428547086146,coif16
32768,0.016233473557692307,-0.0002954518422484398,0.010321269273394535,0.10159364780041386,-0.43287711283607466,338.21021192800254,918.4668008108407,574.1856831281506,3297.8823770600384,199049.14004006545,446.14923516696234,0.2601467454925955,db27
32768,0.014573317307692308,-0.0002542836591601372,0.008067313168373622,0.08981822291925855,-0.4708483966584178,264.3518366860226,938.8056650708897,634.997291204464,4537.241339006792,375453.67864253675,612.742750787422,0.3112421097003434,db34
32768,0.01407001201923077,0.0003313366323709488,0.007423512476184526,0.08615980777708668,-0.615138257345025,243.2572542205453,999.9389744342352,617.6831320501735,4741.795496302053,631259.6643537498,794.5185110201963,0.22407709316108246,db34
32768,0.011080228365384616,-0.00022887438535690308,0.011058612768579168,0.10515993899094449,-0.46785357829243307,362.3703397028148,972.1474704583864,518.437026464648,5021.333937061051,664934.7438186182,815.4353094014376,0.37388509858083685,coif17
32768,0.009825721153846154,-3.41217964887619e-05,0.016528862259432946,0.12856462289227524,-0.24692627068385486,541.6177966687828,968.2768535444742,581.8534074839006,5157.073765282001,637274.851383262,798.2949651496382,0.21806946115022147,coif15
32768,0.014498197115384616,0.000215054489672184,0.016743559553700216,0.1293969070484307,-0.26125603615643256,548.6544749243185,1667.5198404724426,597.5066553081192,4954.082740654171,1994241.9460172427,1412.17631548516,0.2633785275440539,sym4
32768,0.016376201923076924,-0.0002868557348847389,0.01755374542080622,0.1324905484206561,-0.305221327413567,575.2038263035938,2483.469640521794,719.6630040118882,5260.484185968035,1519213.057037234,1232.5636117609647,0.24702984356274332,db23
32768,0.010434194711538461,-0.00018271151930093765,0.029295194426752567,0.17115838988128093,-0.006809765335251728,959.9460248863325,1220.9844456782623,516.9898945647756,5212.590986984891,1319617.8771596593,1148.7462196497795,0.28786799566270865,db24
32768,0.013439002403846155,0.00010958034545183182,0.036981151396965506,0.19230483976480026,-0.021452555302334735,1211.7987624490634,2574.0461803602293,704.9049942818575,5056.898640874041,1963165.6868577066,1401.1301462953777,0.1486498065684593,db21
32768,0.011899038461538461,0.00013238564133644104,0.03960039589901984,0.19899848215255272,0.05944437268588043,1297.6263471096754,2039.9185566898584,513.7399641413666,4740.994901351047,2270796.583758423,1506.9162497492762,0.2989113496104043,db36
32768,0.010817307692307692,3.2300129532814026e-05,0.03587248169214382,0.189400321256707,0.08818023641886563,1175.4695142749697,2361.1388096415553,779.5879775467292,4599.144539995981,1264100.8489566967,1124.322395470577,0.14733565595360798,sym10
32768,0.008646334134615385,0.0007979050278663635,0.041418733235670066,0.20351592870257126,-0.002123045293885441,1357.229912493378,1473.3490651174732,504.34265791295655,4822.813349694598,1780979.0596784758,1334.5332740994043,0.23984589642068943,db38
32768,0.015444711538461539,-0.0004994822666049004,0.03990608828879291,0.1997650827567043,-0.2566524026580938,1307.6508760908619,2237.7321342642235,631.4265836605439,4400.420537048355,1598319.9093650477,1264.246775501147,0.22051430408504832,db17
32768,0.03085186298076923,3.207288682460785e-05,0.013566877260441555,0.11647693874944326,-0.36894187966301384,444.5594677776098,2536.555431010602,568.3690185419105,5220.2971748224645,2265985.6514790575,1505.31911948233,0.37944506466142874,rbio1.3
32768,0.020455228365384614,-4.726741462945938e-05,0.0073231113637967065,0.08557517960131142,-0.35033329313794376,239.96378637943417,1916.400665841108,703.9282294383792,5089.440908577612,1250063.9183297895,1118.0625735305648,0.2914359318026987,db36
32768,0.02168719951923077,3.1441450119018555e-06,0.0134635910050116,0.11603271523588336,-0.3377049967476616,441.174950376153,1534.2808745596308,576.0891365283253,5204.60270473171,1982046.6375764066,1407.851781110642,0.3350334778596741,sym16
32768,0.024729567307692307,-0.0001730937510728836,0.010220122622152765,0.10109462212280515,-0.32664567583586507,334.8939598593861,2355.0799651149096,638.1963493193653,5124.967489302137,1953163.02296088,1397.5560893791992,0.3209324440215366,db38
32768,0.033939302884615385,-0.00015282444655895233,0.009749277421293273,0.09873842930335318,-0.34772407400112476,319.46508784778416,2733.461461049379,831.2783880327243,4723.579036353378,1584427.0951855879,1258.7402810689694,0.31486978802715804,sym13
32768,0.019613882211538463,-0.00047399289906024933,0.00984341769654023,0.09921399949876142,-0.3709122605992506,322.5564730428159,1785.4795014158458,638.3382256169614,4099.594093761276,1207876.8156597135,1099.0344924795188,0.41125936186468076,sym18
32768,0.016541466346153846,0.0004520835354924202,0.020783807369292993,0.14416590224214945,-0.2799062473252592,681.0504969852045,1939.5289841777294,613.9331884486104,4813.234856167234,2177129.4284725897,1475.5098876227803,0.24503139946943495,db30
32768,0.01532451923076923,-0.0002874387428164482,0.019481061302141923,0.13957457254866276,-0.2381503318655831,638.3581240745261,2302.330612622764,698.671861815163,4505.898192875982,1485095.1179819186,1218.6447874511746,0.3440625343896259,db30
32768,0.02138671875,0.0004391353577375412,0.02239513026434358,0.1496500259416736,-0.25635065671751545,733.8499474786222,2247.00246303379,753.2413763943964,4586.664655397842,1533363.2003917696,1238.2904345878512,0.28627122108007685,db34
32768,0.01633112980769231,-0.00019981153309345245,0.027441214142138008,0.16565389866265753,-0.23864243012300537,899.1950132604688,1879.2406581074551,796.6758307639542,4541.733013747818,1281714.2799868872,1132.1282082815917,0.3532411609465067,db33
32768,0.011478365384615385,-0.0005904752761125565,0.04408350404667726,0.20996072024709111,-0.045408307185157204,1444.5396855268627,1922.359984815649,626.3011662442038,4784.228023998724,1407176.924537375,1186.244883882487,0.1529650902199117,db20
32768,0.012657752403846154,0.00040091201663017273,0.04053296262930571,0.20132799762900766,0.0020610601928032087,1328.1893862523139,1863.6577201016737,677.5092961288435,4909.1338531278825,1375063.3536139645,1172.6309537164557,0.3071162544602424,db37
32768,0.013206129807692308,-0.0001409566029906273,0.04428457952391845,0.21043901616363456,0.07574626836671776,1451.1177528994158,2202.5700614789143,580.1182513746094,4966.941079406447,1712350.866360631,1308.5682505550221,0.17866023605646855,db36
32768,0.015564903846153846,0.0010698148980736732,0.04449387249705288,0.21093570702243108,-0.03896397324324936,1458.0127170877531,1870.4609138242165,637.7050694612467,4436.088839686319,1285159.1167994782,1133.6485861145322,0.3270762053545305,db24
32768,0.010193810096153846,-0.0007161004468798637,0.041614539558800914,0.2039964204558524,-0.04729159045789413,1363.6420356882736,1966.3596274372878,663.215387871891,5079.310568138729,1554131.4273212196,1246.6480767727594,0.15223739268486117,db28
32768,0.019501201923076923,-7.220916450023651e-05,0.019677221274688843,0.14027551915672543,-0.174819046839791,644.7833575867116,2103.827676016875,675.2487841779158,5041.817526234655,2150190.238046249,1466.3526990619443,0.30754997533929457,db23
32768,0.023662860576923076,-0.00012441445142030716,0.009302385601235483,0.09644887558305427,-0.3318631154829992,304.82107859570533,2299.2579701890395,920.4485543643713,4443.79206553679,1190523.707970762,1091.111226214249,0.31484865906616666,db19
32768,0.02159705528846154,-0.00013101939111948013,0.012750814513856996,0.11291950457674262,-0.43881807505360987,417.81925248820335,2039.3619960207975,750.3752366135833,4541.324934360527,1289994.5845948977,1135.7792851583874,0.32354010474792655,db30
32768,0.024842247596153846,0.00011453870683908463,0.011980639683803347,0.109456108480995,-0.19528559710758955,392.58203104604036,2105.5935554888606,837.4387148241558,4708.685251698419,1281206.9277520087,1131.9041159709636,0.32491170133685005,db29
32768,0.030588942307692307,1.057889312505722e-05,0.012133409933921145,0.11015175865105897,-0.3031188960666931,397.5875803818926,2324.10014581118,708.742056007915,4725.034784823288,1683722.8300977796,1297.5834578545534,0.4065509971309413,db29
32768,0.034510216346153845,1.4100223779678345e-06,0.010927321649320665,0.1045338301667009,-0.19671654650918485,358.06647587008774,2095.7074142433476,867.9852259539764,4292.867407321444,1229561.2094261341,1108.8558109268013,0.3752415497281127,db36
32768,0.01593299278846154,-0.00038475729525089264,0.022961705725996456,0.15153120380303345,-0.3386181353354727,752.4140241444111,1844.156696805802,653.9586973248672,4570.088506453449,1342154.785682346,1158.514042073874,0.28139432843535644,db34
32768,0.01833683894230769,8.189119398593903e-06,0.019000855901295983,0.13784359216625192,-0.29258517910869813,622.6200483711436,1939.0220068256792,758.4757951615042,4738.622217890087,1276111.6053960547,1129.6510989664264,0.3120835473280239,db19
32768,0.020567908653846154,0.0004331115633249283,0.026713606822270496,0.1634429772803668,-0.16270617116772548,875.3576151579618,2151.543022571557,760.0081001992916,4500.204873558518,1593276.1818809868,1262.250443406928,0.3233290152233392,db29
32768,0.016413762019230768,0.0004462217912077904,0.02217709924445653,0.14891977452459607,-0.19561899615016448,726.7057126061991,2001.7026220928872,812.2294784907431,4067.370475451838,1228026.7988986515,1108.1637058208735,0.35750626304163113,db18
32768,0.014039963942307693,-0.0008677756413817406,0.04494436178017373,0.21200085325340964,-0.10281077806964597,1472.7615222493187,1831.8549529475463,663.6164236855016,5077.684573660348,1281639.4239146118,1132.0951479070175,0.15560990023296337,bior4.4
32768,0.012890625,-0.0005470244213938713,0.03573695225083412,0.18904219701123376,-0.08548278843426478,1171.0382567113265,1866.4434394502723,704.4395871777091,5147.271736557826,1369235.786595568,1170.1434897462652,0.2852222575874928,db26
32768,0.013514122596153847,0.0004328899085521698,0.044641601089304137,0.21128559129600896,0.0327719924907022,1462.8221250101924,2159.4074065398927,544.5662185500165,5063.635005032829,1783362.7238924992,1335.4260458342496,0.1826831217904059,db22
32768,0.012853064903846153,0.000633767805993557,0.04043209671802654,0.20107734014061987,-0.07506983097134162,1324.8921069046482,1818.1595822599347,658.1249378603638,4968.509904573824,1325758.2480195935,1151.4157581080751,0.33185857921596146,db26
32768,0.010283954326923077,-0.0006679501384496689,0.04581473395258144,0.21404376644177572,-0.042622011112195185,1501.2718218434602,1823.4554603142826,595.3033268509528,4271.732329419386,1332840.6778920973,1154.4871926063524,0.17825013833431844,db34
32768,0.013987379807692308,0.00021966639906167984,0.02473743394170904,0.15728138460005062,-0.04316984861834749,810.5978165669367,1871.7278173556738,670.6939814673589,5149.056275924106,1585717.2905443788,1259.252671446195,0.2862754731705749,db22
32768,0.033360877403846155,8.433312177658081e-05,0.011797812491013582,0.10861773561906721,-0.047893857270877534,386.5909527540207,2341.1911222129484,755.7580831438271,5209.724183666048,1727506.2179035905,1314.3463082093663,0.3459110697102327,db38
32768,0.02900390625,-0.00028369855135679245,0.013614345842127458,0.1166805289760355,-0.1868865446257465,446.1175218829885,2000.217502167496,804.0070279914165,4268.40840726694,1304070.1494081735,1141.9589088089701,0.4293150066169273,coif16
32768,0.026539963942307693,-0.0002655899152159691,0.01292013043415789,0.11366675166537439,-0.1058366938117944,423.3691454557702,2069.7589218971816,906.6649865199004,3942.2754522302234,1129740.1623732785,1062.8923569079225,0.335146794072933,db33
32768,0.02927433894230769,-8.018035441637039e-05,0.011819824164279255,0.10871901473191915,-0.18665956280552515,387.3122088769451,2130.3344992271523,721.9525931744821,4775.477350411333,1595677.416769236,1263.2012574286157,0.402012028719783,db26
32768,0.026171875,-2.361740916967392e-05,0.01054218305835633,0.10267513359307759,-0.04448685378692956,345.4462727336213,2164.1240898885058,861.726576358917,4082.717396902343,1080335.6969916986,1039.3919842829741,0.3356081129290862,db37
32768,0.021657151442307693,-0.0002909339964389801,0.018738513558776294,0.13688869039762305,-0.19436294157554404,614.0263858623803,1815.555180215422,655.8241038524384,3913.8679624064257,1044926.3486028886,1022.2163903024098,0.30302823895264,bior4.4
32768,0.019012920673076923,0.00025086943060159683,0.018205979692821853,0.13492953602833538,-0.22578098493527746,596.5756048439071,1890.7056707844622,710.1522343106059,4002.739420916877,1192425.975413448,1091.9825893362256,0.29322249086691754,bior5.5
32768,0.008909254807692307,0.00011204462498426437,0.005906990991902138,0.07685695148717608,-0.16724836351125288,193.56069219205528,1051.947634715443,761.6795571630182,4356.146966727981,336660.7421412447,580.2247341687914,0.28772281127646904,db36
32768,0.003635817307692308,-0.00020554102957248688,0.0013051141549963138,0.036126363711233296,0.004665419545481253,42.76736498437822,1124.4315235341123,809.9053808924718,5158.423266027635,706749.2531985405,840.6838009611821,0.10003555832607736,db28
32768,0.0036658653846153846,-3.110803663730621e-05,0.0002924282818450273,0.01710053454851711,0.00818430426828119,9.582321649417281,1380.3137431488256,1015.4802383013243,5211.639507693099,483529.725611946,695.3630171442439,0.09786920019320543,sym13
32768,0.0036658653846153846,-1.35079026222229e-05,1.5277635551091961e-07,0.0003908661606111734,1.1556317585248387e-05,0.005012154579162598,5113.586946384154,4402.758007177682,5369.4388565502095,30379.750343282332,174.2978781950094,0.09811852955273379,db25
32768,0.04261568509615385,0.0003192182630300522,0.0055522662955794465,0.07451353095632662,0.17178628513397765,181.94000104255974,2773.7257400987264,724.5469277747314,4603.171043197853,1635103.6846621775,1278.7117285229606,0.5472206149433986,db35
32768,0.03231670673076923,-0.00018403679132461548,0.005149225720387063,0.07175810560756926,0.043035416554178106,168.73093824274838,1648.5712821444918,693.1406491483795,4494.089181257628,1342064.9930277113,1158.475288052236,0.555603389588623,rbio1.3
32768,0.03940805288461539,-9.792950004339218e-05,0.0025484573589634727,0.050482247958698045,-0.09068764855720397,83.50816498976201,1782.3826080073159,663.1887922867852,4362.461225414531,1469746.9963824665,1212.331223875087,0.613862007980623,db37
32768,0.036733774038461536,-0.00013067014515399933,0.0022366781725470758,0.04729353203713036,0.0027583780762739747,73.29202986136079,2013.3124435024504,912.8599973964389,4521.723281058679,1323629.4758360635,1150.4909716447423,0.6228919648729813,sym13
32768,0.04823467548076923,1.4747492969036102e-05,0.00130002911461139,0.03605591649939563,0.004606460433857581,42.5993611542508,2350.080118103806,1043.33581974615,4551.121131001312,1475343.1316424422,1214.6370369960082,0.559916336997756,db35
32768,0.03967097355769231,-1.4197081327438354e-05,0.0035911773922049214,0.05992643316771758,-0.14798251800353435,117.67570739239454,1939.7826715004032,656.4786029977854,4684.91002133542,1277288.989813052,1130.1721062798586,0.5617600641616206,coif17
32768,0.020154747596153846,2.4772249162197113e-05,0.010181368020187338,0.10090276517612061,-0.07784557639552316,333.62308739405125,1836.7740065960709,594.9877303285506,4316.163278590522,1523101.2361579938,1234.1398770633716,0.3840518119184249,db30
32768,0.02481219951923077,-6.771553307771683e-05,0.006110315005253476,0.07816850392103891,-0.1108190986847307,200.22295234631747,1769.7389004207237,686.0409631664589,4117.944083215708,1365108.0427218939,1168.3783816563425,0.4677979438248475,bior5.5
32768,0.04837740384615385,4.79724258184433e-06,0.0018290199584294884,0.04276704290022269,-0.04559194972255702,59.93332675192505,2201.846393517116,879.3225129785787,4408.36049584582,1359058.2183870056,1165.7865235054853,0.5973911912519226,db33
32768,0.04456129807692308,-3.094132989645004e-05,0.0022063217753805616,0.04697149960753395,-0.030615758047810828,72.29678330663592,1949.8136032861448,692.6779166357863,4228.946241400799,1656904.7203048584,1287.2081107205852,0.615009374084651,coif17
32768,0.049729567307692304,-9.080395102500916e-07,0.0036296040769340492,0.060246195539088186,0.02112084358757165,118.93486641999334,1847.4045097080248,753.4481001928408,4159.909180998126,1512571.8946999954,1229.8666166296227,0.5636369764505863,db24
32768,0.0388671875,-2.3105181753635406e-05,0.00254636770113857,0.050461546757294015,-0.11027250456526214,83.4393943240866,1788.3700146687097,661.3262187741954,4267.441843242849,1387299.8035990996,1177.836917233918,0.63379814831414,db30
32768,0.04245042067307692,6.327591836452484e-05,0.00231451965678783,0.04810945496248975,-0.06097699688491927,75.84231131151319,1970.6212728833073,827.8044499461399,4432.715692550766,1295520.8584196372,1138.209496718261,0.6151272558097945,db37
32768,0.04327674278846154,-8.710566908121109e-05,0.002221143182998166,0.047129005750155245,-0.1474607024573349,72.78266844432801,2065.2210108595677,742.578806592192,4140.08778168187,1303961.8782147248,1141.9115019189205,0.6299531297921468,db37
32768,0.049556790865384615,-5.879439413547516e-06,0.0025201390453944827,0.050200986498220156,0.10153122979667566,82.57991737220436,2214.2871693005436,945.5615150796528,4472.403128441956,1316296.1785738096,1147.2995156339123,0.6414435513574682,db33
32768,0.04190204326923077,-8.559785783290863e-06,0.002408116555927888,0.049072564187414215,-0.1861853804278372,78.90916570555419,2133.813273325576,703.8626244515625,4939.859794176032,1454009.303413673,1205.8230813074001,0.617864855915957,coif17
32768,0.041669170673076926,-2.7079135179519653e-05,0.0023265455853907903,0.04823427811619855,0.017903896289239035,76.23626977019012,1767.6250233877145,717.9149278929402,4239.982729679132,1283946.7439954819,1133.1137383314535,0.6185642358900129,coif17
32768,0.034600360576923075,-1.7294660210609436e-06,0.005024752643230433,0.07088548965218787,0.17418627421674848,164.65109471138567,1633.6400772377722,656.2446654289706,4372.751689353506,1402295.181019393,1184.185450433923,0.5317338292841449,db35
32768,0.03363882211538462,-1.4993362128734589e-05,0.005465847859497932,0.07393137263366568,-0.19003839273073053,179.10491002630442,1754.5322557360505,653.7241530718683,4237.881729415204,1289541.8551134975,1135.579964209257,0.5168371152194913,db24
32768,0.04033954326923077,0.000280638225376606,0.004033149552378274,0.06350708269459615,0.03737050369302774,132.16082526836544,1970.4733729236884,720.0302883930891,4344.242242662411,1630571.6885440315,1276.9384043657044,0.5587580629564388,db38
32768,0.03665114182692308,-0.00011960789561271667,0.003795313091036964,0.06160611244866019,-0.018243394578136694,124.36528814770281,1784.4430556956413,792.4237629321633,4245.005926033091,1372658.5252725014,1171.6051063701034,0.5916057619262511,db35
32768,0.044103064903846155,-0.00013968441635370255,0.0025465905577793367,0.05046375489179671,-0.040896440112526695,83.4473187578842,2004.74251266469,749.698229928866,4425.126364304208,1504167.304769704,1226.444986442402,0.6268467842559325,db18
32768,0.03306039663461539,-0.00013334676623344421,0.002386039374585244,0.04884710200805411,-0.16884130862852964,78.18632088601589,2129.9913496560425,926.5142368003375,4511.7829956966825,1237035.7408468034,1112.221084518183,0.6282323905523384,db37
32768,0.03933293269230769,1.5166588127613068e-05,0.0012811605182520476,0.03579330270109267,-0.05192707700495903,41.981075399555266,2412.7285119111293,1082.2820771324396,4649.778193237804,1570437.9919926093,1253.1711742585724,0.5395595138962784,rbio1.3
32768,0.05562650240384615,-1.5723519027233124e-05,0.001882724311894921,0.04339037118872021,0.10988747557748207,61.6931183533743,2103.2484351243784,780.1498764056743,4613.042674272027,1371490.4484320933,1171.1065060156113,0.6022550894316416,db28
32768,0.04296875,1.2709759175777435e-05,0.003171901704245887,0.05631963870841047,0.12844023246073794,103.93688033800572,1768.4237217502528,709.2272967221287,4239.253396093146,1459302.981107364,1208.0161344565577,0.5636648426136114,db37
32768,0.03285757211538461,4.8317015171051025e-06,0.002240037527104985,0.047329034715542055,0.07323163227771509,73.40155045315623,1635.4745238380779,671.29809695199,4440.398410994311,1170459.9158839835,1081.8779579434936,0.5766602306613341,db38
32768,0.03210637019230769,-5.932897329330444e-05,0.0021009376027216198,0.045835985892327215,0.10536050444932549,68.84363870695233,1557.3576318033236,689.1914882438879,4677.837515400208,1213575.778482216,1101.624154819699,0.5152280327095544,db35
32768,0.03175330528846154,-9.180884808301926e-05,0.0026611660132599612,0.0515864906081036,-0.04654066285396113,87.20136411953717,1569.9445650710445,669.1897869487324,3887.85796574119,1349080.5824185503,1161.4992821429337,0.5875866651586038,db36
32768,0.040857872596153845,-0.00025253742933273315,0.004063228964164389,0.06374346212878924,0.025313219745959143,133.14597648195922,1809.6050935503727,644.7311682940899,4144.625256272783,1591268.6049542325,1261.4549555787682,0.5610506614853606,db36
32768,0.02549579326923077,8.969660848379135e-05,0.02317734316277957,0.1522410692381644,-0.36817515912914245,759.4754443923011,2003.8931307525872,673.185357004407,5234.336324405749,1276438.2574811517,1129.7956706772918,0.3067032741179522,db33
32768,0.017720853365384617,-0.00031117815524339676,0.030856492135039854,0.17566016092170658,-0.4327865843963525,1011.1087072668597,2026.8614362337592,681.31307145844,5246.016300158854,1413286.1149332088,1188.817107436299,0.3034582054312893,db33
32768,0.0123046875,0.0009910948574543,0.04199747193739065,0.20493284738516335,-0.17925249476314445,1376.205347435549,1225.9762709090992,519.0734181656179,4696.309634709275,942838.9903402686,970.9989651592161,0.27228505818781,db23
32768,0.010779747596153846,-0.0002683419734239578,0.03994232037997358,0.19985574892900523,-0.043740309004979654,1308.8323137499392,1830.3644856544374,653.1860205316439,4192.011685320154,1290738.2172738742,1136.1066047136044,0.1629173152874289,db24
32768,0.00712890625,-8.690636605024338e-05,0.0449791781644937,0.21208295114057069,0.004626619434209503,1473.8779575815424,1502.2528922354447,493.0229064482605,5059.09275853161,1458522.4349231077,1207.693021807739,0.2453858586398006,db38
32768,0.007143930288461538,0.0002509811893105507,0.034666026194389785,0.18618814729834385,-0.0011856922404843116,1135.9384104451165,1702.1607162533887,555.668935437604,5143.875079035382,1248093.5482391529,1117.1810722703608,0.16851334587191227,coif12
32768,0.006986177884615385,-0.0011339476332068443,0.050380257152121535,0.22445546808247185,0.016821144427458634,1650.9024006752297,1060.9704980179208,512.7858988492537,3706.0384461285066,591951.8786447132,769.3840904546397,0.23672816446551267,db31
32768,0.011673677884615385,0.0009181313216686249,0.037817205209973545,0.19446646294406023,0.060747649092972957,1239.2218026015908,1795.1841412602437,588.1950365531558,4450.251776896267,1479097.7526411489,1216.1816281465317,0.21403004978256027,db18
32768,0.011891526442307692,2.9142014682292938e-05,0.029805449329968068,0.1726425478552957,-0.5114099861355398,976.6649914728478,1953.3084745979215,533.7211492205851,4048.070349920247,1565948.5448016287,1251.378657641894,0.2801202643136154,db23
32768,0.011929086538461538,0.0002768738195300102,0.0245220097795107,0.15659505030335633,-0.6368554111076788,803.5397284207866,1670.7926279287221,618.4237830150352,4111.878725242401,1032503.6998057636,1016.1218921988461,0.3290036973984997,db33
32768,0.015745192307692307,-0.0005031358450651169,0.026977279060936665,0.16424761508447136,-0.6091570439164108,883.9997753463686,1405.6062139366832,607.2725707609721,4362.233657404442,1048535.2116466891,1023.9800836181772,0.2972679277251284,db20
32768,0.01877253605769231,-0.0010971808806061745,0.02286460646095144,0.15121047073847577,-0.5413442785092328,749.2668708236888,1745.4465275245966,628.5170481690952,4161.031164332033,1015689.6568486538,1007.8142968070327,0.372208005058254,db18
32768,0.012447415865384615,0.0005402583628892899,0.02715383289026895,0.16478420097287527,-0.5302478230654463,889.7863604426384,2063.641726402227,554.9064534694091,4323.265952239773,1464309.462876176,1210.086551811967,0.25239190558947705,db36
32768,0.018637319711538463,-6.959214806556702e-05,0.024323275838347792,0.155959212098381,-0.4477521220534956,797.0252613686025,1931.041229062299,610.2729123460683,4362.898906073706,1506667.6019686302,1227.4638902911279,0.3944853482368294,db22
32768,0.0197265625,2.3227185010910034e-05,0.028841041159920346,0.16982650311397318,-0.3488147875614475,945.0632544066757,1695.3550315187824,641.433329435958,4610.933829983527,1209112.9883075238,1099.596738949113,0.3172995418525596,sym17
32768,0.01953125,0.0001875758171081543,0.029369860307976836,0.17137637033143407,-0.3946307281154338,962.392735503614,1958.910404268234,603.3819307687983,4804.957644556467,1650613.8631980894,1284.7621815721732,0.34619973638593937,db35
32768,0.01376953125,-0.0009344536811113358,0.028435899080043844,0.16862947275029902,-0.5564648288385523,931.8161541931331,2164.5495367457925,623.9814473051744,4622.562056686354,1365398.0973763778,1168.5025020839184,0.2726822124514732,db38
32768,0.0119140625,-4.453398287296295e-05,0.032481934632747095,0.18022745249474925,-0.12965222421229616,1064.3680990338326,1444.3611461293865,573.7588098539954,4489.38821940642,1102132.7576967466,1049.825108147422,0.33899731979444936,db38
32768,0.013153545673076923,0.0010209456086158752,0.03764556075241503,0.1940246395497619,0.062173333086852904,1233.6038898024708,1672.6192972341855,614.2313903062271,4557.544096035195,1385618.287493534,1177.1228854684348,0.21608115100145459,sym20
32768,0.009517728365384615,-0.00011656153947114944,0.036185926496820994,0.19022598796384524,-0.02772317205674673,1185.7408846532926,1273.469196292712,514.3951376521921,5057.960113658148,961678.0145030026,980.6518314381525,0.3173511049176681,db37
32768,0.012319711538461538,4.40254807472229e-05,0.036127246520952054,0.19007168784685438,0.09964795728912891,1183.8176775109023,1958.515185942542,562.7356513660421,4903.35969278611,1345359.343949577,1159.8962643053806,0.23556878135849343,db29
32768,0.012777944711538461,-0.0008798707276582718,0.04138032856465063,0.20342155383501187,-0.023903316728648615,1355.975974490866,1326.2681186397072,569.1136389159316,4519.315131897725,991492.7170560401,995.7372731077411,0.32315927806105604,coif13
32768,0.011207932692307692,0.0007231449708342552,0.03410690748566479,0.18468055524517135,-0.029764519376813285,1117.6322801439092,1702.1776054997113,645.031170471004,4946.488189419286,1601758.5167161606,1265.6059879425984,0.21428636582272031,db5
32768,0.009848257211538461,-0.00036324746906757355,0.02623640076720351,0.1619765438796726,-0.48796634464771754,859.7187040355057,2051.103877768795,567.7689221730308,5219.139960868159,2077939.885646302,1441.506117103324,0.3051358569165031,coif15
32768,0.009622896634615385,0.00023647211492061615,0.020051917534458032,0.1416047934727424,-0.6395534850892818,657.0630661249161,1843.06237505089,652.4994336662157,5206.914735244156,1195689.5458730136,1093.4759009109498,0.22433469492229274,bior5.5
32768,0.009698016826923077,-0.000524311326444149,0.023922555884548453,0.1546691820775828,-0.7221019863245507,783.9033192256466,1375.8763033109994,569.2704640501423,5380.344649474225,996917.8225581263,998.4577219682997,0.25671907461247145,db28
32768,0.014565805288461539,0.00021904055029153824,0.01753877857585058,0.13243405368654462,-0.6014554345926225,574.712268541567,2004.8212276067934,727.976475331572,5395.494034971576,1492330.9478514486,1221.6099818892478,0.2918527599598195,coif12
32768,0.016729266826923078,2.0381994545459747e-05,0.027465945832332965,0.16572853053211134,-0.4550812542523913,900.004126646556,1956.9960937126843,569.5511044221304,4556.309342985691,1581201.021934147,1257.458159118683,0.30542278411864754,db36
32768,0.021123798076923078,-0.0003780955448746681,0.021454527711495718,0.146473641695343,-0.4903045113724688,703.0266484403983,2334.3066343809846,669.950819297406,5086.757725039693,1830821.1967997318,1353.0784148746634,0.3529077603221503,db37
32768,0.01835186298076923,-3.8786791265010834e-05,0.025883061494741254,0.16088213541205018,-0.466582240954645,848.1362083563581,1882.5293432651888,692.4435355472878,4982.783112923194,1217361.6692499176,1103.341139108806,0.317802505473496,db16
32768,0.019185697115384617,-0.0001395316794514656,0.02562428200057264,0.1600758632666794,-0.3635182789921148,839.6571105578914,1619.2318512134193,684.1153866224422,4356.7173286804355,1185039.498577277,1088.5951950000867,0.39328622099177313,db35
32768,0.01992938701923077,-7.765740156173706e-05,0.03418783822208386,0.18489953548368873,-0.048443812178423196,1120.2672804743052,2538.3355276345796,1063.6522154418205,4876.56853064244,1190216.0113961557,1090.9702156320106,0.2519175102307504,db31
32768,0.025540865384615384,-0.00010678265243768692,0.025154224397510083,0.15860083353346566,-0.0525512287293706,824.2539986958727,2762.197068446118,723.5028728649071,4650.60105575817,1928691.6771905678,1388.773443435094,0.26093207672055463,db23
32768,0.02878605769230769,-0.0002594832330942154,0.01824982805515426,0.13509192446313828,0.02332026184443061,598.0125720314682,2731.9530722121485,705.1397598090136,4457.1353900276445,1584313.030357359,1258.694971133737,0.32141915320414655,db26
32768,0.036951622596153845,0.0006462987512350082,0.014634941462723561,0.12097496213152356,-0.012094500461313716,479.5714491121471,2688.1760763134052,780.1142620934645,4573.248414612082,1839295.5867239966,1356.2063215912233,0.3600449112124821,coif1
32768,0.030310997596153848,-0.000845455564558506,0.02423911985624229,0.15568917706842145,0.005535382837015359,794.2909018555656,2475.781023871966,804.7818092753621,4455.417134798924,1457817.5333657356,1207.4011484861755,0.38767291991645736,db19
32768,0.02053034855769231,0.0007860064506530762,0.03409842808380503,0.18465759687541974,0.08667015633316014,1117.3575357217342,2795.2512482996794,654.8424928238102,4714.160819403682,2074742.5973084162,1440.3966805392242,0.369732970692146,sym16
32768,0.026682692307692307,-0.00022098515182733536,0.024453959652361915,0.1563776187705962,0.06840614563819764,801.3089500954375,2965.1392517222475,825.3434813424819,4824.890335665014,1681755.0453193372,1296.8249863876533,0.24242216759661522,db31
32768,0.023888221153846152,3.298558294773102e-05,0.025040575029597965,0.158242140498661,-0.3562484944820228,820.5295982230455,2798.822233049066,729.9499395451855,4887.528013469398,1987773.2191210913,1409.8841154935717,0.38851792572747096,db23
32768,0.037928185096153845,0.00014461763203144073,0.022419240676382284,0.14973056026203296,-0.4761070090405486,734.6343638021499,2482.166699880573,846.5725575014344,4806.082063366797,1494118.1808448448,1222.341270204375,0.3826801937215554,db32
32768,0.0421875,-0.00013231392949819565,0.016009231712787494,0.12652759269340225,-0.3553132585483563,524.5910784332082,2822.539657312998,768.9031917876501,5084.922599154439,1957826.296246436,1399.2234618696314,0.3883468397650147,db26
32768,0.04909104567307692,-0.00048687122762203217,0.01403345000625358,0.11846286340559889,-0.17214871678499563,459.85585724934936,2847.5756839959718,849.8063672556424,5045.909915877354,1629824.4580558809,1276.6457840982678,0.44713054126009727,db19
32768,0.03635817307692308,-0.00023185648024082184,0.024293040265793896,0.15586224772469406,-0.31812341292003166,796.0361049529165,2542.999353638971,755.3843359907913,4571.718250861519,1683145.5928549168,1297.361010996907,0.35095024118475443,db35
32768,0.036733774038461536,0.0005407063290476799,0.02224164284009083,0.1491363230071428,-0.3070536459275415,728.8237327458337,2731.8022800575395,777.0240975360528,4806.274413413779,1975724.4843690083,1405.6046685924916,0.31039656365400303,db37
32768,0.03463040865384615,-0.00042231008410453796,0.016534925720371834,0.12858820210412708,-0.21063396632417156,541.8222900405526,2810.360056840306,860.0209550209939,4838.0712075334195,1814500.3268648032,1347.0338996717207,0.3261956980729513,db23
32768,0.043795072115384616,0.0004672519862651825,0.013596661297652229,0.11660472245004586,-0.17579762323685277,445.5425514560193,2851.803893826758,889.2572157379004,4594.303074580502,1642501.3624994394,1281.6010933591776,0.3950946645236872,db16
32768,0.019666466346153846,0.0004097605124115944,0.026780996232376265,0.1636490031511841,-0.09772916029906825,877.565186410211,2473.592968464227,654.5018785382534,4656.04212654559,1889688.7769544658,1374.6595130993223,0.2975596073023061,db27
32768,0.028966346153846155,-0.0003726370632648468,0.01624869259936355,0.1274703596894727,-0.01803956382305921,532.4417092073709,3145.4853802867647,817.8575498772731,4964.47821185129,1824034.5211794218,1350.5682215939414,0.2578054393000643,db24
32768,0.030626502403846154,-5.480647087097168e-05,0.01265185452623907,0.1124804628646196,0.03131418976614708,414.57606754265726,2891.5623642580676,774.8993874901645,4748.85918671217,1894133.7853415406,1376.275330499512,0.3109103653234893,db22
32768,0.031640625,-0.0005148285999894142,0.011472223814689613,0.10710846752096499,-0.06067850894992537,375.9305150685832,3006.744685251263,951.1139924053232,4718.466204789297,1652971.4874855096,1285.679387516775,0.3463749762733921,dmey
32768,0.03329326923076923,-0.00015046726912260056,0.01285338636440584,0.1133727761166932,0.17397269782234012,421.1805062694475,2613.396411729473,881.7305076342772,4505.821533347829,1592024.2302136002,1261.754425478112,0.4682167551762002,db18
32768,0.023399939903846152,0.000787908211350441,0.0229244400127497,0.15140819004515477,-0.005757738867492432,751.2083926908672,2885.7632107925897,831.1122443405995,4585.854715694298,1855582.4030012975,1362.19763727636,0.39854206107338264,db35
32768,0.03420973557692308,-0.00019896123558282852,0.021717438985247695,0.14736837851197146,0.05128532890290522,711.6383378086612,2719.1843161744673,702.8778883029137,4409.982271237909,1456994.4386300493,1207.0602464790436,0.3279679526552345,db25
32768,0.03542668269230769,-5.8232806622982025e-05,0.01956036272817674,0.13985836667206128,-0.1257476036421712,640.9540769951418,2620.2189645823073,769.4934859156173,4573.677118173267,1747937.075248295,1322.0957133461613,0.44618741331207334,db4
32768,0.03737980769230769,7.439684122800827e-05,0.01812264717998947,0.13462038174061708,-0.30620521778642923,593.8430841611698,2405.581094945689,736.9857527202339,4449.014750579276,1366115.2066082663,1168.8093114825301,0.413242430022092,db34
32768,0.05211838942307692,0.00016294512897729874,0.014554091333840476,0.12064033875052108,-0.3139833906849326,476.90933485422283,2870.445261515992,985.4993118210912,4579.865560808545,1659407.0622630136,1288.1797476528707,0.4343751736255596,db36
32768,0.04617638221153846,-0.0005707135424017906,0.011066802360070292,0.10519887052659022,-0.2883685264643057,362.6476527294144,2968.588362327011,1001.7789485021897,4912.913504254421,1492511.9634333148,1221.6840685845564,0.45315620337478685,db29
32768,0.036560997596153846,0.00020121876150369644,0.01249506101707172,0.111781308889598,-0.4470618003931209,409.4394861506298,2370.0538064725065,871.3463438117151,4980.390058632511,1389820.0882746417,1178.906310219197,0.3929301161224173,db32
32768,0.019966947115384614,2.72504985332489e-06,0.012883507585477343,0.11350553988892939,-0.49070626221579766,422.16677680425346,1523.7581990992862,739.4437626197621,5381.341382579168,1092228.8952210958,1045.097552968667,0.2817252907780976,db36
32768,0.022904146634615385,-0.00022895913571119308,0.01248702540021298,0.11174535963615213,-0.42868436408493643,409.1765660876408,1633.467627730885,650.4285724074421,5116.308791844045,1077119.4303178145,1037.843644446414,0.3356835878974142,db38
32768,0.024834735576923075,-0.00011686421930789948,0.01057137683916334,0.1028172010860213,-0.3093620346141006,346.4033237863332,1598.481340185559,692.9620704213131,3768.7041436864615,968662.8463974396,984.2067091812775,0.38534996250079634,db33
32768,0.015564903846153846,0.00040433742105960846,0.019801490069965705,0.14071776742815992,-0.5767254303538243,648.8605838119984,2492.243361464848,733.7433764825863,4929.735024711377,1941717.6215999043,1393.4552815214072,0.26024335425151496,bior1.1
32768,0.012049278846153847,-0.0006808852776885033,0.020377947421325576,0.14275134822944957,-0.5178804991839392,667.7597725028172,1976.5374445234345,1315.3533567546126,4950.6864141585465,670374.5166095564,818.7640176568316,0.2511693973539102,coif16
32768,0.016083233173076923,-0.000153224915266037,0.01571509986052098,0.12535988138364276,-0.08069758769012013,514.9531615525484,1815.8494040118394,1055.62018436954,4814.860773802718,1064631.8565875175,1031.809990544537,0.31113869016500706,db15
32768,0.02421123798076923,0.0005356026813387871,0.015357479986676225,0.12392530002657337,0.10412996887106667,503.2433043671772,2360.7535903760872,1458.2687099855239,4307.324476551878,942607.2388986915,970.8796212191764,0.3163094047461064,coif17
32768,0.0224609375,-0.00040002260357141495,0.016314120685570227,0.1277267422491086,-0.08611030888770958,534.586350097321,2585.6150308656934,1247.1781837702447,4785.343726750828,1370608.5681751668,1170.7299296486644,0.3243523016959532,db4
32768,0.014205228365384615,0.0002337126061320305,0.042704023667651136,0.20664951891463754,0.0887728020443228,1399.3272373815998,1827.3622208872487,1098.3397901839357,4883.542332997051,662923.0799425266,814.2008842678364,0.2553385254043641,db19
32768,0.015009014423076924,0.00031523220241069794,0.013222450159552972,0.11498891320276478,-0.16377679473721884,433.2765030283481,2299.3721574725487,1129.7628359831374,5047.723061022294,1653663.9468960592,1285.9486563996477,0.2890393689806378,db20
32768,0.024181189903846153,3.0763447284698486e-05,0.012714037137353473,0.11275653922213769,-0.05507783640120014,416.61359992809594,2741.3518972705538,1435.918564988074,4787.984141823231,1384254.5824584372,1176.5434894037862,0.4206884474041704,db4
32768,0.01612079326923077,-0.000544106587767601,0.020106988454558015,0.14179911302458142,-0.22203954924364336,658.8754987102002,2391.0645214137817,1169.6690911511503,4870.992235584584,1142747.8537732612,1068.9938511391267,0.23609953997651564,db29
32768,0.010096153846153847,-0.0002796147018671036,0.029884445349058236,0.1728711813723104,0.124345040002731,979.2560671437532,1601.053898182423,967.2596971233884,4423.767176057294,497141.7706047656,705.0828111681391,0.30304617517552984,coif17
32768,0.01688701923076923,0.00018033292144536972,0.027636498082771854,0.166242287288078,-0.3298730452639821,905.5938347904012,2572.905724725251,1284.4220383080258,4876.7129175622595,1600978.982632324,1265.2979817546236,0.1970352165817376,db24
32768,0.02121394230769231,-0.00013982411473989487,0.014114736359629605,0.11880545593376428,-0.29927662272435773,462.5123216724023,2310.5365043014253,1222.044824854028,5096.49788962372,1300404.1788963468,1140.3526554958105,0.404116828669459,dmey
32768,0.025691105769230768,-0.0001984061673283577,0.008540537015674607,0.09241502591935256,-0.27417555679941025,279.8576068421826,2545.776015906879,1324.4461846466913,4887.5957214991295,1007383.9607283279,1003.6851900513068,0.34783115017721156,db25
32768,0.019673978365384617,7.977988570928574e-05,0.010208852939412259,0.10103886845868901,-0.25162952257612103,334.52390168141574,1825.3856945650364,1167.594865385954,4799.94846507728,826967.1726697411,909.3773543858133,0.4339016732146754,rbio1.5
32768,0.039573317307692306,0.00014791451394557953,0.007759425732148129,0.0880876026018879,-0.007575033370656241,254.26157931238413,2833.040480078125,1485.2307256557008,4967.2851221179535,1400684.1775912603,1183.5050391068305,0.42334762382579627,sym17
32768,0.023737980769230768,0.0002985987812280655,0.012786137269132272,0.11307580319914722,-0.4342199871187952,418.9790676701814,2279.523225336161,854.8075567647377,4606.868377017556,1485027.3557016812,1218.616984824059,0.3797554088866069,db26
32768,0.023001802884615386,-0.00029738713055849075,0.009399478010283466,0.0969509051545341,-0.27957809832228836,308.004993413575,2193.2820080258107,798.4988567371739,4906.102910610364,1149410.5636741545,1072.1056681475732,0.31796280229184903,db32
32768,0.019493689903846152,2.9820948839187622e-05,0.013760098979415863,0.11730344828442113,-0.3096937122322142,450.8909524977207,1493.228980831929,553.1091282869456,4875.31398516064,1847940.7689072334,1359.3898517008406,0.4173313134740878,coif12
32768,0.029109074519230768,-0.0002474868670105934,0.010189930219582626,0.10094518423175336,-0.16330826284226269,333.90564046707004,2273.824868708647,702.6441203383031,4942.092877067935,1786939.7128997121,1336.7646437947528,0.41657376583185063,db36
32768,0.044809194711538464,0.00031825248152017593,0.006799236874043948,0.08245748525175836,-0.06948943678452899,222.80071278382093,2511.689689727809,624.1058821112503,5199.160769860523,2128027.1712442595,1458.7759153633774,0.5074379679217457,bior1.1
32768,0.04088792067307692,1.5459954738616943e-06,0.004278274482143893,0.0654085199507212,0.005981565748357509,140.19049830920994,2059.7825704691218,868.5167711557606,4019.6116471436094,967204.4520204113,983.4655316890426,0.42801452716557253,db36
32768,0.021642127403846155,5.528796464204788e-05,0.0114574393563445,0.10703942897990674,-0.3202581685541558,375.43747299257666,1479.9577162193464,579.4377939463192,4853.501981689314,1703176.2244566246,1305.0579391186525,0.3938522660873109,sym17
32768,0.030896935096153846,0.00022146757692098618,0.009537215761834875,0.09765866967061795,0.09860554995867442,312.5170932849869,2435.6470100617657,664.9900106594107,4756.69543221884,1773608.3598102697,1331.7688837821183,0.3589759591698511,db35
32768,0.021657151442307693,-0.0006907042115926743,0.01176681804907972,0.10847496507987324,-0.18323826560653494,385.59072653762996,2600.5814581982227,803.4526308118549,4770.1548513539965,1583996.1563496154,1258.5690908129022,0.2531335484023632,rbio1.5
32768,0.01817908653846154,0.0004921304062008858,0.010052060809576581,0.10025996613592376,-0.12355558336564357,329.3938647666946,1499.5200617081553,622.3565843746327,3565.8893815504707,869015.5866663475,932.2100550124674,0.34109485779959475,db33
32768,0.023880709134615385,-0.00043489038944244385,0.009693435058465871,0.09845524393584057,-0.203924725382836,317.64067739620805,1998.0093212503498,607.9692603042513,4760.042775026182,2159812.871422412,1469.6301818561062,0.27758452835033676,sym14
32768,0.02540564903846154,0.00036247726529836655,0.009064790077574087,0.09520919114021549,-0.18346041960970752,297.0393466418609,2445.9950621036965,673.5987607870017,5103.2734123521595,2051227.4075325895,1432.210671490961,0.38063375592970766,db2
32768,0.016751802884615384,-1.2237578630447388e-06,0.008662115375651308,0.09307048606111021,-0.14522884824649476,283.84019667841494,2655.780172304546,841.3805120514055,4957.843963451049,1419586.288378273,1191.4639265954604,0.1512551320509728,bior6.8
32768,0.012086838942307693,-0.0004554819315671921,0.00879466792306454,0.09377989082455013,-0.06832948131276119,288.1904766764492,1561.8521504694165,634.149079788911,4988.552529277801,1399048.985760394,1182.8140114829525,0.37881367638864505,bior4.4
32768,0.03204627403846154,4.611164331436157e-05,0.008023849919483295,0.08957594498236283,-0.11020348409933686,262.9255838356912,2602.3577434604567,660.1582534096306,5085.195687753542,2372809.0086759054,1540.392485269876,0.32385592772640437,db19
32768,0.02175480769230769,0.0003408603370189667,0.008741363529016428,0.09349525939327848,-0.15087650415176787,286.4408072941005,2032.0998145637786,742.2165745722524,4584.634585105376,1770443.4338563946,1330.5801117769627,0.42001636413970594,db33
32768,0.03605018028846154,4.421733319759369e-05,0.009589585059941364,0.09792642677000608,-0.042612275133983676,314.23158731125295,2277.7386477273467,882.3314668694857,4632.8776228990355,1455073.385984067,1206.264227267006,0.4208192087905099,sym10
32768,0.024624399038461538,0.00016138888895511627,0.011655669465560094,0.10796142582218936,0.12087428682413115,381.9338305350393,1416.3089699995844,775.8793522512557,3783.5785476494525,707908.4728162303,841.3729689122597,0.4633166872436033,coif17
32768,0.03928034855769231,-0.0002017933875322342,0.010113293009347595,0.10056486965808485,0.016556074721290368,331.39371966198087,1742.932358398052,871.6742056487376,4205.918410662889,874859.7544394415,935.3393792840337,0.46138258623856526,coif17
32768,0.038063401442307694,0.00012527033686637878,0.006272512940361893,0.0791991978517579,-0.0271678692390162,205.53821824677289,1983.278286549129,737.1040691243014,4458.9159920746915,1979581.4222664179,1406.9759849643553,0.4503517065705117,sym16
32768,0.019125600961538463,-0.00012050662189722061,0.00668612217398759,0.08176871146097137,-0.04653014384621651,219.0913272490725,2122.21195178252,1044.3500188337553,4787.509418471575,1103153.475641855,1050.3111327801182,0.4042565200225082,coif13
32768,0.024068509615384617,0.00011834967881441116,0.008272583762957843,0.09095374518379022,0.123140152700945,271.07648371439427,1682.0679751172727,735.7536191083432,5123.314930539825,1207054.5843634936,1098.660358966088,0.4511835849328507,db23
32768,0.039227764423076926,6.272178143262863e-05,0.008470495107215778,0.09203529272630026,0.037000888226522394,277.56131258327514,2289.7605694243884,931.4707490859828,4348.3859488031985,1370266.0416884325,1170.5836329320655,0.4192103128581749,db30
32768,0.027734375,2.428703010082245e-05,0.009426890219406008,0.09709217383191092,0.15310979837375666,308.9003580380231,2145.006325602622,741.5194419166969,4503.22775807656,1896949.3450918475,1377.297841823564,0.3664067605344316,db32
32768,0.02022235576923077,-0.0001467699185013771,0.00841402235744372,0.09172798023200839,0.004730398788684911,275.71139047760516,1828.1457999916502,931.8790702681114,4657.957209039007,987336.3045592022,993.6479781890578,0.34954800664902375,coif16
32768,0.014287860576923076,0.0001902710646390915,0.008472728474698429,0.09204742513888386,0.02108123850159095,277.6355529613793,1741.5903354514521,842.6914465449904,4675.82612151023,1232745.7784973504,1110.2908531089276,0.2883867031386033,db15
32768,0.01779597355769231,-0.0002349521964788437,0.008068695572532114,0.08982591815579796,0.04710605973921958,264.39682539738715,1799.7686641928083,845.4309413079205,5402.548762815549,1142088.5286140265,1068.6854207923052,0.32045279723143005,coif11
32768,0.021799879807692307,0.0002763625234365463,0.010449276093021341,0.10222170069521119,0.01832098498138791,342.4043817128986,1383.28642745222,637.5557303493181,4045.181625230232,950630.4520004101,975.0027958936374,0.33767338499936034,db38
32768,0.027914663461538463,0.0003763735294342041,0.011363495380755317,0.10659969690742707,-0.17404539313707887,372.36365845426917,1264.7385831112506,654.2470545979008,3459.941338683602,617670.0385155195,785.9198677444917,0.41891554156017896,db23
32768,0.02126652644230769,-0.0006325598806142807,0.013914912504695199,0.11796148737912386,0.011805125197949684,455.9769644793123,1492.4778019817818,543.4091882333312,4145.331707967055,1133320.3913438488,1064.5752163862583,0.41656027736915047,db37
32768,0.02237079326923077,0.00013521872460842133,0.014048333356620889,0.11852566539201916,0.09639756244419903,460.3363865632564,1786.901826376921,595.2033796591883,4577.790605721649,1437736.8519270117,1199.056650841407,0.42208923753812133,db38
32768,0.025631009615384615,0.00012229662388563156,0.00466245200428824,0.06828214996826212,-0.052396350674073854,152.7797173699364,984.5035723089118,606.3489517325022,3313.5231494123163,224752.87050264873,474.0810800935308,0.35177612396473174,db19
32768,0.042735877403846156,-0.00011056195944547653,0.0027274704092719927,0.05222518941346209,-0.0366607228024895,89.37415092531592,960.5787535450125,699.2068468484587,2368.3418233793027,74170.44061844952,272.34250608094493,0.47501171019938276,db34
32768,0.05274939903846154,-3.8929283618927e-05,0.0022010135776459605,0.046914961128044864,0.15010855915065324,72.12286257185042,1061.6215618157607,766.8076972727384,2515.500035333357,74531.49920295764,273.0045772564219,0.5312502512104966,db31
32768,0.05721153846153846,-1.562759280204773e-06,0.0001684964931903364,0.012980619907783156,0.08781359916705544,5.521293168887496,1327.6437175809403,953.4815913754207,3060.7832362598742,126255.14642100933,355.3240020333686,0.5266386041523162,db31
32768,0.05918719951923077,-4.035420715808868e-06,0.0003535793859451774,0.018803706707592984,0.3951977323502178,11.586089852266014,1300.3244214561469,772.7298052721676,2664.0103067102104,109508.38738942119,330.92051521388214,0.5886959479439946,coif16
32768,0.05623497596153846,-4.3303705751895905e-05,0.0013400712887483,0.03660698415259443,-0.2623481251663581,43.91151743661612,1060.9503539080383,733.0664146428942,3615.075360223584,222844.173835927,472.0637391665738,0.519079775843473,db34
32768,0.055115685096153846,1.0235235095024109e-06,0.0006302217725573438,0.025104218222389316,-0.1659633178716975,20.651107077486813,1115.29392598366,775.3560289811154,3678.2975117529327,180330.55410749363,424.65345177861633,0.5682028695477924,db19
32768,0.056573016826923075,-2.501998096704483e-05,0.0008225009410580953,0.028679277205991355,0.14712765129794492,26.95173134934157,1092.475095615046,692.1702876114573,2532.9026114061894,73653.92638475455,271.3925687721654,0.5599570727561314,db34
32768,0.055994591346153845,-2.3739412426948547e-06,0.0018007110390020396,0.042434785718818466,0.2818165381405087,59.0056995106861,1062.2796650041305,722.5232659469856,2549.0776459519752,104922.10013060897,323.9168105094408,0.46536239306280947,coif15
32768,0.05474008413461538,-1.7896294593811035e-05,0.0019324249546242012,0.04395935571211436,0.08284869192355604,63.32171140797436,1006.5446421252074,668.7080027223968,2798.5114448859426,125725.63233713817,354.5781047063371,0.5175347398920307,coif13
32768,0.048272235576923075,-2.7163885533809662e-05,0.001946948581441814,0.04412424029308396,-0.026532655935562463,63.797635295428336,1027.7597214461784,724.0078913272883,2908.302816973401,185910.78930411566,431.1737344784764,0.5217592205395983,db25
32768,0.06024639423076923,-1.6046687960624695e-05,0.002294943622875907,0.04790556985232414,0.13807425314835398,75.20072107203305,1066.9635515703217,747.8205241649781,4040.2085492642404,323177.4441821854,568.4869780234068,0.4544108223165508,db34
32768,0.06651893028846154,-5.8105215430259705e-06,0.00045986377435552797,0.021444434577659724,0.24758435552283067,15.068817264400423,1258.4683457122158,776.9078489760296,3977.6655442537176,392061.84130207496,626.1484179506285,0.485657101277223,db34
32768,0.05211087740384615,-4.320405423641205e-06,0.00023794972481289056,0.015425619106307875,0.0515102690896369,7.797137194313109,1344.1898616925016,732.6517064822551,4697.548287856582,598550.3546056113,773.6603612733505,0.5995205442620749,coif14
32768,0.06094501201923077,0.0005190717056393623,0.031204330167849438,0.17664747427531885,0.017361140617121264,1022.512319800444,4013.366998738771,2202.1684467490427,5039.554909492702,540775.5093409228,735.3744007924962,0.4476714389620371,db17
32768,0.04766376201923077,-0.0002508014440536499,0.02281122838596139,0.15103386503020239,0.14595612558985113,747.4803929030895,3392.824351008599,1926.767067698508,5100.971613673766,759835.8427640849,871.6856329916681,0.44927957578010164,db36
32768,0.046875,-0.00017322879284620285,0.0204031113715021,0.1428394601344534,0.06972348537217979,668.5701367305592,3348.8798351564155,1696.1015317198385,5031.546961763358,658932.8578329802,811.7467941624286,0.49206900700730444,db22
32768,0.05047325721153846,0.0002574808895587921,0.019866540883995622,0.14094871721301908,0.08604487067938636,650.9889840874821,3415.587113912882,1721.8599315397548,5043.914657755106,726304.2018947799,852.2348279053022,0.50175470058286,db15
32768,0.048985877403846155,-2.4555251002311707e-05,0.02095488046743465,0.1447580065745403,0.1411842684202573,686.6495429147035,3314.18879016888,1631.2564947018288,5133.661529952873,590909.2370661008,768.7062098526984,0.5301904367971187,db36
32768,0.03639573317307692,0.00026220548897981644,0.032054457642998274,0.17903758723519,0.17215864485683624,1050.3627209020779,3603.417669357423,1960.0777287754836,4738.030232051853,598947.1061761698,773.9167307767483,0.4559451664688325,bior5.5
32768,0.041571514423076925,-0.00020914804190397263,0.03146671807060128,0.17738860749947072,0.05013277760233741,1031.1028511049226,3238.868342216396,1646.1274832880836,4355.486484235419,606860.1696509983,779.0123039150269,0.41577524075666517,db37
32768,0.04629657451923077,0.00025501567870378494,0.02712263918112561,0.16468952359250302,0.1615628112498374,888.7567716883495,3298.777629166906,1960.046728500577,4898.547494178366,754846.7985559502,868.8191978518604,0.49873659826693856,coif15
32768,0.04611628605769231,-9.248964488506317e-06,0.02361233194373004,0.15366304677354942,-0.07508411427085317,773.72889593523,3119.879917541861,1698.866783772617,4328.782747592499,589628.8268838063,767.8729236558653,0.5117809974865141,sym12
32768,0.04879056490384615,-0.0003771567717194557,0.023431749532378348,0.15307432682320818,-0.043531049076449994,767.8162298342213,3366.021136923852,1686.6555518211758,4691.112477658588,642986.9939994283,801.8646980628517,0.4830621573331954,db20
32768,0.052478966346153844,-0.0002414453774690628,0.02179504363324463,0.14763144527249142,0.022934955746060096,714.1819000132382,3227.0524162026286,1577.6671096175821,4610.467169301719,723924.9002041287,850.8377637388509,0.5163926138610174,coif12
32768,0.03943058894230769,0.00041840411722660065,0.024404183347521285,0.15621838351334097,0.0972687831745723,799.6820163633674,3362.6942199847613,1989.8744772748407,4760.474364821385,660771.0199997837,812.8782319633019,0.4866722041382866,db27
32768,0.03946814903846154,-0.0002888534218072891,0.026856627199498467,0.16387991701089694,0.10388139189698567,880.0406941138208,3177.124383493762,1646.290460650617,4372.837823314277,594582.3983585415,771.0916925752356,0.42955365594110584,bior5.5
32768,0.045703125,0.0003551403060555458,0.02604934080468532,0.16139808178750242,-0.06973962715180115,853.5889323400334,3514.0634140321936,2068.44679036249,4770.438265241326,670904.5748246012,819.0876478281193,0.4228654368603053,sym4
32768,0.05798527644230769,-0.0004785750061273575,0.0216643373004001,0.1471881017623371,0.022721111904482408,709.904509646818,3573.1043782046645,1650.771198253973,4719.3335198500945,579359.9075571935,761.1569533001676,0.4871161109496099,db27
32768,0.057940204326923074,0.00024804845452308655,0.03607929623912851,0.1899455086047799,0.06019215763412827,1182.2483953144401,4162.860684119706,2861.0088332152454,4994.543706830691,297513.67768498306,545.4481439009423,0.43789199092365244,sym19
32768,0.04100811298076923,0.00011446140706539154,0.03320651939898726,0.18222656062985784,0.008603414979595376,1088.1116569731385,3254.5102501217666,2032.1867081291816,4359.875406151722,545556.0688363072,738.6176743324703,0.39355511133681387,db34
32768,0.03925030048076923,-0.00023206137120723724,0.027320146089218317,0.1652880700148027,0.05408182688420303,895.2283116895705,3222.509031245353,1742.34203887137,4717.451756060677,664851.3502033459,815.3841733829189,0.41628344661704636,db34
32768,0.046499399038461536,0.0004483219236135483,0.026784309716601694,0.1636591265912222,-0.003918121018636355,877.6748469173908,3207.3438019148884,1640.7667676918516,4420.747536146676,609602.6784812324,780.7705671202216,0.4561916759745981,db38
32768,0.04719050480769231,0.00027182698249816895,0.0230749702992048,0.15190447754824346,0.11274242820126369,756.1230479888618,3308.3543130704206,1761.9939359910543,4753.381668316082,708316.5428025734,841.6154364093933,0.5132727931985259,db27
32768,0.03805588942307692,0.0005594445392489433,0.04554707437182001,0.21341760558074868,0.03888895930339458,1492.49678868521,3563.1315293054263,1896.7944702995023,4705.204119240773,652210.0684575476,807.5952380106928,0.4421889380741267,sym19
32768,0.03569711538461538,-0.000771903432905674,0.04583118323892656,0.21408218804684934,0.1322993430399145,1501.8157366914675,3186.0291232216737,1541.2649649849209,4437.701538218542,655181.4027537934,809.432766049036,0.3541271022655291,db38
32768,0.04097055288461538,0.0003743702545762062,0.034761640602613955,0.1864447387367473,-0.07111889241694631,1139.0740318028256,3359.06295000355,1807.6020635473083,4785.321263898884,697628.0679153891,835.2413231607911,0.44137556566769076,db16
32768,0.03807842548076923,-6.7176297307014465e-06,0.030830259996754733,0.17558547775016797,0.06498533118043942,1010.2459610523656,3021.6832393135555,1512.022303656181,4296.044923909695,761395.6539550747,872.5798839963448,0.4794086548271141,db27
32768,0.04447866586538462,0.00010016188025474548,0.028750452601463673,0.16955958422178227,0.06858368270238493,942.095159586519,3253.764442040737,1822.9060963254879,4653.774864080863,630303.2208997244,793.9163815539546,0.47179586967023324,coif17
32768,0.04975961538461538,-0.0005047041922807693,0.0242569406923484,0.15574639864969078,-0.28999721051697513,794.8597794789821,3209.145474992054,1759.7195924459365,4358.66387645444,508744.41525193304,713.2632159672423,0.5165307402135362,db28
32768,0.04447115384615385,0.0005671922117471695,0.02818792341960915,0.1678925948921189,-0.0477016699418846,923.6724163088948,3261.6664021266492,1998.5726185509222,4746.517176252602,641768.7857895634,801.1047283530185,0.5150149452933339,sym12
32768,0.037432391826923074,-0.0004051877185702324,0.03399659647224304,0.18438165980444757,-0.020178954480056334,1114.0058529572561,3015.482873780707,1594.034224172819,4257.462875027994,625194.334012321,790.6923131106821,0.3433188862226367,db29
32768,0.048572716346153844,0.00027520768344402313,0.026840809109824504,0.16383164868188474,0.017916148092164397,879.5221147350967,3644.4869532037105,1967.868659609624,4755.207000999921,692627.1045726722,832.2422150868533,0.39252840004579487,db26
32768,0.04047475961538462,0.00010260846465826035,0.026152055953060745,0.16171597309190192,-0.07002377271834802,856.9509144676849,3505.9846191682254,1455.8727823702307,4985.312782113586,884770.928121517,940.6226279021342,0.4071625622549719,db24
32768,0.0236328125,-0.00013168994337320328,0.018674494680258634,0.13665465480640837,-0.15102430112658208,611.9264099532738,2796.304680151214,1079.8030027250782,4794.222075456814,1127053.288979573,1061.6276602366636,0.4062414875276431,db19
32768,0.012454927884615385,-0.0005880696699023247,0.014479776313537703,0.12033194219964083,-0.2503872312362823,474.48464226629585,877.0727302781994,593.6484722673108,4489.382907048369,374155.0750558814,611.6821683324448,0.28575322142392123,db34
32768,0.0091796875,0.00022444501519203186,0.027120632328131423,0.1646834306423431,-0.09606515879287159,888.6905308347195,742.3482282143674,500.5151010732907,2530.546351688471,146675.8606815861,382.9828464586712,0.2627731762544105,db34
32768,0.01024639423076923,-2.6066787540912628e-05,0.026747496907035324,0.1635466199804671,-0.01601219059632983,876.4620009148493,818.4065092979339,493.6142390478301,4921.186176060483,477040.7666220825,690.6813785111646,0.20843294266741977,sym19
32768,0.0083984375,0.00042946822941303253,0.03540596184678473,0.18816471998433906,0.11668345259416342,1160.188601622358,942.5920626494692,401.5544869788713,4964.2157262530645,846566.3135283781,920.0903833474068,0.24784351486531372,db33
32768,0.008030348557692307,-0.0003203628584742546,0.028833509080465634,0.16980432585910654,0.11460533999904846,944.8197886059061,892.9241555199194,550.9341768791862,4925.6195667628135,533979.5726416176,730.739059200764,0.16124978481877256,db33
32768,0.00830829326923077,0.0006576050072908401,0.0358206971184028,0.18926356521634796,0.012259170687837008,1173.78677351214,806.6428937915622,457.0270166569252,4815.656562535216,520701.9738635636,721.5968222377116,0.20666899721361667,coif15
32768,0.007121394230769231,-0.00036254245787858963,0.026385245363243763,0.16243535749104554,0.14194105323982953,864.596026991494,839.6248624621217,435.88019293589286,4431.865240331776,442324.36008394277,665.0747026341799,0.15298718647033063,db27
32768,0.01787109375,0.00012436416000127792,0.009329340818734098,0.09658851287153197,-0.5411418055342111,305.70434675272554,836.3524744139696,572.1713306014311,2905.6391100907263,140887.49479541768,375.3498298859581,0.29793715420773975,db32
32768,0.019613882211538463,0.00020668096840381622,0.008160675407065658,0.09033645668867946,-0.26235594392982087,267.41041149012744,859.7439459282825,555.8660073816333,3100.9027942499356,152229.46694538693,390.1659479572595,0.3825201441413076,db27
32768,0.016391225961538462,-0.0003025531768798828,0.010272773120902912,0.10135468968381735,-0.4360082073852746,336.62122915685177,867.5258294518882,539.2083763794127,2695.348378281506,128500.3818442398,358.469499182622,0.26762989810326576,db34
32768,0.012192007211538462,-0.00025551673024892807,0.007868566490389734,0.08870494061995496,-0.4797733543093134,257.8393261404708,940.8134265167656,586.6396557573823,4531.031796596364,441985.57087222545,664.8199537259885,0.30148383886185576,db34
32768,0.013446514423076924,0.000329846516251564,0.007608249529175793,0.0872252803330307,-0.5683209944337523,249.31068568862975,961.1892838956265,569.3108842566786,4756.721930253527,655281.1373438066,809.4943714095896,0.23306710791273574,coif14
32768,0.011763822115384615,-0.00021193921566009521,0.01115288539211412,0.10560722225356617,-0.44376641416693174,365.4592204093933,931.4890819955594,528.9334244462799,4868.472781924902,649452.1280671858,805.8859274532505,0.38291736775798013,sym16
32768,0.008263221153846154,-4.6168453991413116e-05,0.01609398617781014,0.1268620754118824,-0.3004884605692387,527.3678089203313,934.4039574647534,519.3429063591985,5046.277965689079,751457.6589817475,866.866575074704,0.20244687195523517,db37
32768,0.014265324519230769,0.00017327163368463516,0.016790870271976233,0.12957959049162115,-0.32428173812757033,550.2042208677158,1615.3775241210865,558.5227206263119,4838.364218512113,2054097.0225348826,1433.2121345198284,0.2550566981746732,sym19
32768,0.01748798076923077,-0.00023987982422113419,0.0191317940508568,0.13831772862094288,-0.3376756516370524,626.9125130055472,2285.3511036025134,687.3676170501695,5272.870918789873,1390989.9829493766,1179.4023838153696,0.2834074843471844,rbio1.3
32768,0.01190655048076923,-0.0001613423228263855,0.029885192138393295,0.17287334131783677,0.01854587147381767,979.2788289859891,1118.0673472580438,522.0363886378176,5222.92505151782,1166021.49758752,1079.8247531833672,0.31980405039188947,sym18
32768,0.014528245192307693,6.58724457025528e-05,0.03728702663388243,0.19309848946556374,0.012408908126234429,1221.8214309252799,2450.299046410508,640.4410249428936,4737.654873926225,1827883.0127321153,1351.9922384141544,0.16776289418155796,db28
32768,0.012139423076923077,0.00010217446833848953,0.04135058852453584,0.20334844116573855,0.019400499708089127,1354.9764268575236,1932.822604280946,504.2732979008593,4822.399597059556,2078557.6847888227,1441.7203906405787,0.30675147592505286,db4
32768,0.011207932692307692,5.9215351939201355e-05,0.035801737128152815,0.1892134697323444,0.09259795684976545,1173.1514371149242,2299.8665844302313,672.7123322987426,4918.231250458822,1283194.9409981002,1132.7819476837103,0.14698597170547525,db24
32768,0.008638822115384616,0.000757620669901371,0.040845407492885594,0.20210246780503596,0.02404514319057003,1338.441121201031,1394.8651599297561,500.4604777242123,4849.279000495181,1702484.5500842005,1304.7929146359588,0.24804834934607214,sym17
32768,0.010434194711538461,-0.0005553867667913437,0.06089944446902908,0.24677812801994645,-0.3155811273264445,1995.5631037969142,2088.182108719734,581.6831551336031,4263.144398164494,1578159.6306881844,1256.2482360935614,0.2080024181352626,sym11
32768,0.025232872596153845,0.00012715905904769897,0.015694656416055993,0.12527831582542923,0.02362039934238177,514.2830312810838,2421.171712569507,537.9550717499502,4901.687569916508,2185826.766526661,1478.4541814093059,0.3882167021578192,rbio1.3
32768,0.019771634615384615,-4.460662603378296e-05,0.008260486929710209,0.09088722093732544,-0.5550928577186107,270.6797009129077,1862.65470312882,694.9791450207185,4782.936081800691,1175524.298605585,1084.2159833748924,0.2924040148663475,db36
32768,0.02023737980769231,-5.419272929430008e-05,0.01381354087504035,0.1175310209052927,-0.4156304473223517,452.64220362808555,1502.988230573055,570.3990258964192,4692.426977471025,1789383.6040112153,1337.678438194776,0.3262757160392505,db19
32768,0.022693810096153847,-0.0001767268404364586,0.01061594829307799,0.10303372405711632,-0.26300741615290285,347.8644170900807,2260.347964221935,597.4344198676432,4572.498619268763,1727631.497153209,1314.393965732196,0.3346510880492249,sym11
32768,0.02938701923076923,-0.00013790931552648544,0.009857471872298766,0.09928480181930549,-0.3549825210247021,323.0102615254,2655.247908756624,796.7616497677362,4804.65556194973,1594874.3590220036,1262.8833513123861,0.2852950277944815,db3
32768,0.016195913461538463,-0.00046951882541179657,0.00942300142804969,0.0970721454797909,-0.4658154235120046,308.7801344320178,1826.4959783097222,597.5594585856089,4256.160274594518,1347775.4381544725,1160.9373101741853,0.3689111381071014,coif17
32768,0.016879507211538462,0.0004839235916733742,0.02161408746203726,0.14701730327426518,-0.25051004555776735,708.2580916332081,1886.6447544494142,578.8229856445957,4741.141521635128,2106181.215417744,1451.268829479137,0.26185540047319816,db27
32768,0.016361177884615385,-0.00030169449746608734,0.020736705046647007,0.14400244805782647,-0.0862653569679699,679.5033334977925,2149.2139132685347,653.9542940067797,4383.4191723925705,1388561.05106868,1178.372203961329,0.3606346042037761,db34
32768,0.02243840144230769,0.00043473951518535614,0.023011878558416736,0.15169666627324654,-0.18614898215252085,754.0594297032803,2062.0823471193294,720.0023675195728,4651.091452910458,1421910.411419002,1192.4388501801684,0.2966697449399667,db21
32768,0.014573317307692308,-0.0002042250707745552,0.027667984308307258,0.1663369601390721,-0.15289291161543034,906.6258764984086,1688.7792871539634,802.4376308449836,3827.5462737999374,1014535.0219149021,1007.2412927967669,0.36334304188225564,db5
32768,0.01190655048076923,-0.00058793555945158,0.044588315995089695,0.21115945632410046,-0.0970581374024703,1461.0812653834,1855.0484811483777,646.0488822674744,4988.954660674044,1272090.6760519515,1127.869973025238,0.157394630661927,db32
32768,0.014565805288461539,0.00035454612225294113,0.040727669931912264,0.20181097574689108,0.025173037616066415,1334.5684073632583,1787.5129732208204,659.3881180016996,4946.944345588461,1308666.859804788,1143.9697809840904,0.30813147684166714,db38
32768,0.011899038461538461,-0.00012335553765296936,0.04378484977194949,0.20924829693918537,0.07917285935488262,1434.742455944419,2145.146217316317,580.8552377503763,4738.382261974729,1659567.7189933637,1288.2421041843663,0.174275989145393,db23
32768,0.012161959134615385,0.0010883063077926636,0.04359367994948271,0.20879099585346755,-0.038302426720590504,1428.516515351832,1793.0737874341655,561.6293427877501,4440.655440284173,1290075.969329147,1135.8151123000375,0.32020556478143564,db24
32768,0.009382512019230769,-0.0007030665874481201,0.041225769209702,0.2030412992711138,-0.04997236189296226,1350.9022027719766,1926.7423769673576,600.5800596093496,5120.95405823547,1590344.5390080344,1261.0886324949704,0.14721256254783432,db23
32768,0.016729266826923078,-9.403470903635025e-05,0.01930398227808204,0.1389387716876828,-0.151618290375879,632.5531810401008,2038.3422616843304,614.8197470008083,5085.920513492248,2220936.478824034,1490.2806711569583,0.29803155876794163,db35
32768,0.02013221153846154,-0.00010808836668729782,0.008913336692974042,0.09441046919157876,-0.3178337880779543,292.0725995870307,2263.364404565076,856.1967373335859,4456.23385351242,1245146.6409627155,1115.861389672891,0.29407827857703794,db34
32768,0.022415865384615385,-0.00012467149645090103,0.013040304753728176,0.11419415376335242,-0.41216944418230567,427.30521548260003,1900.6827160096616,749.2870856655206,4679.396952993527,1222425.5316158375,1105.6335430945633,0.33485777147279155,db38
32768,0.028598257211538462,8.424464613199234e-05,0.012936772529368108,0.1137399337496207,-0.16838009076523647,423.91239480208606,1941.2251414429802,824.3608195437301,3948.2462064341,1068442.915133514,1033.6551238849029,0.35639393234645234,bior4.4
32768,0.03103215144230769,2.9346905648708344e-05,0.012377678402480703,0.11125501517900531,-0.2352689574656437,405.59179411362857,2126.9646660397684,650.6549435159723,4659.785278177095,1507454.6917301277,1227.7844646883782,0.4182483121276784,bior6.8
32768,0.030799278846153848,-3.793742507696152e-05,0.010729443524324865,0.1035830272019739,-0.10603460798464222,351.5824525663629,1963.0102275063293,750.1247820835906,4278.320723750041,1189511.236879308,1090.6471642466724,0.39123222125317625,db20
32768,0.017022235576923075,-0.0003609880805015564,0.023821663600024075,0.1543426823662984,-0.21939352703556897,780.5925429221243,1744.8479945112476,633.813383689298,4658.948265718526,1277759.2594395448,1130.3801393511585,0.28880076711259683,db38
32768,0.021326622596153845,2.7560628950595856e-05,0.019940712237523826,0.1412115867679555,-0.09313954512033434,653.4172834893689,1881.1255223463663,722.2327939223474,4729.060321045554,1311209.433527298,1145.080535825886,0.3185474303823638,db31
32768,0.018922776442307693,0.0003862455487251282,0.026562784655524693,0.16298093341101189,-0.2678898955096185,870.4142161067575,2077.98377552086,697.5663991022327,4560.611885168557,1563218.226003513,1250.2872573946809,0.3219936051672806,db31
32768,0.01600060096153846,0.00045720115303993225,0.022084092741831297,0.1486071759432609,-0.21741554742342883,723.65840055421,1916.4813812783902,756.6717696720914,3930.8197760740663,1129238.9003441466,1062.6565298082662,0.3520877563397851,db34
32768,0.013153545673076923,-0.0008772844448685646,0.04551037762920419,0.21333161422818747,-0.07066553845363542,1491.3092733239755,1740.6713794059729,676.7309102797344,4841.4468140822855,1140708.3987542484,1068.0395117945068,0.15861248934864464,db36
32768,0.01768329326923077,-0.0004701400175690651,0.03630567734830013,0.1905404874253767,0.0344274117288762,1189.671678113751,1813.4225012788186,721.5389762228085,4929.262682601263,1262250.8610179005,1123.499381850253,0.292416920230687,db29
32768,0.01367938701923077,0.0004138462245464325,0.044754763035894526,0.2115532156122769,0.04827417380377787,1466.5296872928739,2124.095013166345,549.1056446440211,4971.420012703885,1769413.507442477,1330.193033902402,0.18242129040984417,db33
32768,0.012244591346153846,0.00048644933849573135,0.04019765077938827,0.20049351804831064,-0.028402362645448178,1317.204374727793,1778.793465618634,666.1397831043818,4971.382111476868,1315640.4497618785,1147.0137094916863,0.33258538339353727,db25
32768,0.01171123798076923,-0.0005549322813749313,0.046812254518907644,0.2163613979408241,-0.11408063709344468,1533.9540469758213,1820.40400857837,588.9706450243422,5045.803312029137,1424274.966341134,1193.4299168116802,0.18380158307957525,sym15
32768,0.013596754807692308,0.00023815501481294632,0.02502039384570568,0.15817836086426512,-0.19044369840213102,819.8701240653172,1805.8577417457323,671.8701532064498,5056.53859828656,1540043.6271661147,1240.9849423607502,0.29138188537171356,db23
32768,0.032782451923076925,6.396602839231491e-05,0.011425426945685501,0.10688978878118106,-0.20980001911179083,374.3885242315009,2290.290072615872,690.1531115347254,5100.423596701826,1684539.137903795,1297.8979689882387,0.3349156454805272,db19
32768,0.02712590144230769,-0.0002711983397603035,0.013354562404226158,0.11556194185036074,-0.2084294935231879,437.60471090022475,1942.9284617439507,794.7818666566453,4499.84354176713,1252010.9332555372,1118.9329440388897,0.42548979601001785,coif2
32768,0.02618689903846154,-0.00023616570979356766,0.013276979408979614,0.11522577580116183,-0.11369637538669072,435.06188888382167,2032.6602451137728,878.3800760729823,4198.012085211512,1129726.9916830056,1062.8861612058959,0.34068297634493483,db20
32768,0.032481971153846156,-0.00010867416858673096,0.012023700127142822,0.10965263392706452,-0.06583778597138798,393.9929927587509,2016.7702017926906,684.9796809689519,4730.23470688615,1562534.8791689929,1250.0139515897383,0.41536283293476367,db28
32768,0.029064002403846153,-7.014721632003784e-06,0.011854411077158216,0.10887796414866607,-0.09197479359486858,388.4453437887132,2038.6767282080823,821.8826392947059,3946.385807294352,1026657.5032630301,1013.2410884202387,0.35081999203265135,db21
32768,0.025961538461538463,-0.0003170464187860489,0.021079616020872965,0.14518820895951903,-0.03155062595709511,690.740151559934,1675.5843385363974,646.4893963688943,3735.7252462607235,974140.0948837977,986.9853569753695,0.3332723062165856,db26
32768,0.02050030048076923,0.00023869890719652176,0.018875372529041392,0.13738767240564706,-0.3418183778432801,618.5100740594789,1765.868378760889,735.9651908128193,3747.4029495808018,1112828.4269420148,1054.9068332995168,0.3134912096259587,db35
32768,0.011786358173076923,0.00013570860028266907,0.006347876595657594,0.07967356271472736,-0.15405572530614453,208.00782376900315,959.8192919658248,712.5296856654229,3725.846843181807,186797.53761507143,432.20080705046286,0.3072222334677684,coif14
32768,0.003868689903846154,-0.000212058424949646,0.001312386755951911,0.03622687891541184,-0.00022265639538036224,43.00576275587082,1088.233038859766,799.7890983727253,5094.974483814293,592477.0694901338,769.7253208061521,0.10235932996395085,db34
32768,0.003643329326923077,2.7368776500225067e-05,6.630470432323395e-05,0.00814277006449488,-0.0013443238572284208,2.172697096131742,1848.6030393429191,1463.5276059886723,5182.994596938983,362775.2074824104,602.3082329525394,0.09530389990055897,db32
32768,0.0036658653846153846,-1.351628452539444e-05,1.5277479317645642e-07,0.00039086416205180084,1.1304586753193406e-05,0.005012110807001591,5114.58976090113,4402.758007177682,5378.976495438996,30939.843933963188,175.89725391251332,0.09811556862532193,sym15
