n_samples,zero_cross_rate,mean,variance,std,skewness,energy,mean_bandwidth,min_bandwidth,max_bandwidth,variance_bandwidth,std_bandwidth,spectral_entropy,wavelet
32768,0.022761418269230768,7.558800280094147e-05,0.001563293006895085,0.039538500311659334,-0.13307530950245283,51.22617247141898,1707.9772959161828,858.6364605236797,5541.708380534323,1843188.118608272,1357.6406441353588,0.4350539883956962,db34
32768,0.02090594951923077,-6.0496851801872253e-05,0.002072423023088406,0.04552387311168071,-0.15721894216763266,67.90927754715085,1150.2881840996358,757.3507584116924,5134.983213447357,431986.8171527044,657.2570403979743,0.43654195357102193,coif16
32768,0.02346003605769231,6.498489528894424e-05,0.002805787519608553,0.052969684911358055,0.04823605347530857,91.94018382299691,1093.5442334151144,698.5277243723921,5000.857993743318,426707.26356048835,653.2283395264541,0.4588669276049713,db16
32768,0.024181189903846153,-6.531551480293274e-05,0.002476190981820156,0.04976134023335943,-0.11833178316658331,81.1399658843875,1139.8435004953228,744.7624800487049,4213.696894461636,292323.5516513883,540.6695401549714,0.47790234418494026,db23
32768,0.03046875,9.266845881938934e-05,0.004122974352986858,0.06421039131625704,0.042960885886545876,135.10190499201417,1020.3456683155044,753.9983683880567,4320.108813125719,337085.7473167374,580.5908605177466,0.3755330405382791,db17
32768,0.02588641826923077,-4.431046545505524e-05,0.002870246506529196,0.05357468158122077,0.03638146513177038,94.05230186320841,1116.5690660514495,799.9898658281198,4758.174594937902,384002.03209654224,619.6789750318645,0.4060699576656223,sym20
32768,0.03074669471153846,6.12996518611908e-06,0.002730659007963122,0.05225570789840209,0.02598055610703801,89.47823560424149,1199.9137654115516,728.3960493879831,5032.826096460236,490178.453806614,700.1274554012391,0.4154117837907715,coif14
32768,0.024571814903846155,6.505195051431656e-05,0.003973136925518274,0.06303282419119641,0.0034873832931389846,130.19188944157213,1135.0291921279534,700.8842664321447,4736.647187397115,495129.0131756626,703.6540436717909,0.4194088073315989,db31
32768,0.027914663461538463,-9.130313992500305e-05,0.003555747952128971,0.0596300926724835,0.024805378053592675,116.5150220580399,1105.6402519276874,661.933960303235,4803.633891782504,390870.6198851771,625.1964650293355,0.43392851785299724,db23
32768,0.026434795673076925,3.034435212612152e-05,0.0036398037851468014,0.060330786379317165,-0.11475919560359184,119.26912060379982,1103.9310076818167,724.7052353216602,4587.280977048728,313657.03314450453,560.0509201353967,0.40716910749077123,sym13
32768,0.02430138221153846,2.783350646495819e-05,0.002882084015781268,0.0536850446193469,-0.18342559502227987,94.44015441462398,1089.9696712962882,729.5088816999679,2977.7631717968084,131294.51567556697,362.3458509153471,0.4674615404072549,sym18
32768,0.026329627403846152,-6.159208714962006e-05,0.0013346668632461499,0.03653309271395114,0.20343783318668776,43.734488083049655,1269.0793417244113,882.1859872037355,4489.389307069412,263582.46857294085,513.4028326498997,0.4195235737521083,coif15
32768,0.02419621394230769,-1.5178695321083069e-05,0.002061712593268063,0.04540608542109816,-0.06209845365866019,67.5582058057189,1198.9703546525946,799.1161680153598,4840.417500936778,568832.2294899715,754.2096721005184,0.47615053682704434,sym20
32768,0.025939002403846154,4.169344902038574e-05,0.001969312189983974,0.044376933084475025,-0.30031299843036835,64.53047880344093,1253.8610830497335,742.3791461022286,5106.491865552779,702298.7660632995,838.0326760116812,0.4702978607211696,sym12
32768,0.024496694711538463,-1.291278749704361e-05,0.0022235958200654674,0.04715501903366669,-0.24590736474243086,72.86279329564422,1182.1021930993586,720.0585731409166,5254.485302902445,583187.7449614846,763.6672999163212,0.44454903539102897,db32
32768,0.028620793269230768,1.9492581486701965e-06,0.0032082466760616963,0.056641386600803624,0.024585628181320637,105.12782720569521,1124.1288856491542,796.7109877362412,5148.99708762697,544605.7672825645,737.9740966203113,0.4482247487660975,db34
32768,0.03086688701923077,-9.629223495721817e-05,0.004101753699633779,0.06404493500374389,0.08253593481737916,134.40656906086951,1087.6485439071612,779.2372874049081,5274.168644663357,520704.9372828493,721.5988756108544,0.38981073070812255,db20
32768,0.025217848557692307,0.00011135730892419815,0.00243448589739456,0.049340509699379476,-0.19687125583062154,79.77364022377878,1159.1585740540227,740.8540425515268,4805.842341231176,412444.182854469,642.2181738743221,0.4431112887624552,sym13
32768,0.029995492788461538,-8.493848145008087e-05,0.00312699010881778,0.05591949667886666,0.06850301399631198,102.46544829197228,1178.2658416257818,674.6115296147993,4943.569693477927,540503.3346496361,735.1893189169957,0.4605077182412271,db18
32768,0.02878605769230769,4.776660352945328e-05,0.0029682560865647153,0.054481704145196444,0.011654128783441691,97.26389020960778,1172.8172550773422,667.3987884183915,4498.014794908081,428370.2536872208,654.5000028168226,0.48240296156956414,sym11
32768,0.023001802884615386,9.142793715000153e-06,0.0034559332602814978,0.05878718619122281,-0.07619480274242779,113.24402381200343,1148.5332015167794,701.0880194658333,4769.5406867972115,601033.1512714975,775.2632786811829,0.414972349317009,db23
32768,0.02804987980769231,-7.549114525318146e-05,0.003094286597369207,0.05562631209570887,0.06432096102820588,101.39376996457577,1151.4874861307085,687.6151838677185,4426.607342104391,456532.13402124256,675.6716170013674,0.45046902620146434,coif13
32768,0.029972956730769232,-4.8493966460227966e-05,0.0015950579318698382,0.03993817637135975,0.029074383945803754,52.266935370862484,1236.3623529908366,808.6017101499849,4401.655799845014,296273.2014735438,544.3098395891294,0.4740833973733929,db34
32768,0.03463792067307692,0.00012460630387067795,0.001898544417506412,0.04357228956006801,-0.04418228519950387,62.212012252770364,1322.7177424980136,874.0345675348332,4129.956980869508,263623.36693309864,513.4426617774361,0.56213330269909,coif11
32768,0.03126502403846154,-4.8978254199028015e-05,0.0038923620132120204,0.06238879717715369,-0.1530452216321498,127.54499705508351,1140.8952749834207,807.6580235734876,4221.028079810659,259938.82798417984,509.84196373403773,0.431581534691913,sym19
32768,0.02390324519230769,-1.6908161342144012e-05,0.005124419328532311,0.07158504961604979,-0.24520203044035713,167.91698192525655,1076.6196749652759,745.4730434346303,5586.708692512519,514049.7930077688,716.9726584799233,0.4195676070101666,sym11
32768,0.023993389423076925,8.35023820400238e-06,0.0013654892527119285,0.03695252701388538,0.16289856693442348,44.744354117661715,1297.8058815529198,794.0889286314627,5450.949858424205,490829.52902138577,700.5922701695943,0.517425151402134,db31
32768,0.029048978365384615,6.98501244187355e-05,0.002012617999044021,0.04486221125896517,-0.04892785271530902,65.94962646905333,1178.5531234223001,822.9590974520759,4227.92319087766,283905.41080759116,532.8277496598607,0.4326954620244868,sym13
32768,0.023009314903846154,9.945500642061234e-05,0.0017889342266778415,0.04229579443251825,-0.20455315475760227,58.62012085784227,1116.3351596394648,721.6313431603099,4007.4026520589828,221376.39613276572,470.5065314453836,0.36974155225868316,coif13
32768,0.02960486778846154,-0.0002354942262172699,0.0023739734434573417,0.048723438337799414,-0.16031069112285132,77.79217902757227,1171.5632378419257,843.0634969724531,3473.8609588557156,132166.5949945632,363.5472390138085,0.5174414997798393,coif16
32768,0.027170973557692307,7.377937436103821e-05,0.0030058527404300678,0.05482565768351592,0.10306718159506645,98.49596096761525,1241.5050211124574,930.4663387630609,5030.7837399917435,461129.3377048309,679.065046740613,0.5317385180173466,db25
32768,0.025165264423076924,-1.877080649137497e-05,0.004237654220560973,0.06509726738167258,-0.07653687985961159,138.85946504492313,1208.1257779097805,852.5970274704495,5462.491853010072,874464.9151161097,935.1282880525589,0.40026902460575187,db34
32768,0.022040264423076925,7.158983498811722e-05,0.001256127937421559,0.03544189522897384,0.07684602493517138,41.16096819285303,1369.074424479083,815.352751541261,5346.816323751703,609689.4815339834,780.8261532082436,0.4932980007962142,sym16
32768,0.02186748798076923,-0.0001125698909163475,0.0014697285516072206,0.03833703889983185,0.14007556822975345,48.160480414517224,1267.6112900693854,796.1864928702081,4521.15031007381,406690.823859257,637.7231561259612,0.50444085590813,db18
32768,0.01877253605769231,6.958376616239548e-05,0.0033297537651654557,0.05770401862232349,-0.1324113780959903,109.10953003633767,1082.0426692595474,727.816630607978,4459.800944379935,415730.31965773535,644.771525160452,0.29506906714451825,db32
32768,0.022498497596153848,-4.665367305278778e-05,0.001940695780459685,0.044053328823820855,-0.08684325880758645,63.59279065579176,1167.9986208141272,771.6237954491597,4707.5718792224325,401673.881583827,633.7774700822262,0.4572368165342268,db15
32768,0.024586838942307693,0.00011322647333145142,0.0023830900277660994,0.04881690309478982,-0.07655454193230578,78.08951412327588,1203.9596312450967,688.0150317258324,5324.454658542441,579730.7425681326,761.4005139006229,0.4745242840375309,db20
32768,0.025360576923076923,-5.3804367780685425e-05,0.0022280749784729798,0.04720248911310695,-0.2822267863974318,73.00965575501323,1233.8540894940245,748.5907669893384,5279.775800947605,770475.401566872,877.7672821237255,0.4897825713961331,db36
32768,0.030341045673076925,0.0001529967412352562,0.004597826899303032,0.06780727762786995,-0.011985663208214162,150.66235886979848,1070.636220956009,777.5608455214094,4990.679279402841,376356.56286858086,613.4790647353672,0.4304494055402487,db31
32768,0.029552283653846153,-3.7649646401405334e-05,0.0055907333121552275,0.07477120643774064,0.10004576619970362,183.19719562120736,994.3612749403521,808.9367147527846,3603.123388666935,155093.24301869745,393.81879464888095,0.43593032057555353,db22
32768,0.025240384615384616,8.659344166517258e-05,0.004758578721909288,0.06898245227526555,0.18059205254853963,155.92935326788574,1095.8953771970127,850.8174634850706,4471.865060473202,349401.1139331247,591.101610497827,0.41999805217976094,coif16
32768,0.030190805288461537,1.0722316801548004e-05,0.0032899787702240354,0.05735833653640973,0.06570419985625155,107.80602810997516,1159.0489381687198,845.5027591808894,4687.542220824721,302025.50988599693,549.568476066447,0.48673131761116223,db18
32768,0.028966346153846155,-0.00015026330947875977,0.0044405949173516035,0.06663778895905538,0.10906720747544617,145.5101541224867,1147.58806017633,848.1782389875367,5072.893991393009,374257.65316582896,611.766011777239,0.4969484083062979,db34
32768,0.029507211538461538,0.0001400066539645195,0.003152477578218883,0.05614692848428027,-0.18264616492023175,103.30102759692818,1206.1447706161914,851.9033923922277,5315.794505553645,422620.84985222947,650.0929547781836,0.5256036708173699,db18
32768,0.027967247596153846,8.381903171539307e-08,0.003291019779219163,0.05736741042803974,0.0034178029604259213,107.84013612568378,1092.0537243607323,865.8687449850271,3186.972470536765,107309.08443969277,327.5806533354691,0.5049002615757633,sym19
32768,0.022047776442307692,-0.00019288528710603714,0.0090723265953385,0.09524876164727025,0.07111347147225835,297.28321700077504,1068.7718621461945,828.0785352782672,3462.3169311151996,192143.43284834543,438.3416850452914,0.36507566238601896,db38
32768,0.03169320913461538,-8.566305041313171e-05,0.010003935993026718,0.10001967802900946,-0.30970330835734816,327.8092150762677,1241.9322155791651,893.5046475276794,5472.172068790874,504126.30774613423,710.0185263400767,0.519641512081952,db30
32768,0.031490384615384615,0.00024764053523540497,0.010565722977645846,0.1027897026829334,0.05516372347463083,346.21962005645037,1206.4635282639194,774.8693311522551,5457.617578000499,719374.4438245961,848.1594448124692,0.42715827647546384,db37
32768,0.025473257211538463,7.495284080505371e-06,0.01356507327907841,0.11646919454979678,0.02317964378989082,444.5003230497241,1163.4200060286446,894.8799618516897,4265.567106822585,405252.2012392171,636.5942202370495,0.44994236297600915,db34
32768,0.030521334134615385,-0.00039582327008247375,0.013729487074646368,0.11717289394158688,0.22548554619912228,449.8929664231837,1136.9996719618734,775.9797626165703,4202.776397164057,236775.82833352944,486.5961655557198,0.504644839528621,sym20
32768,0.02529296875,4.448927938938141e-05,0.017375694601688384,0.13181689801269178,0.12450577510376226,569.3668255656958,1120.5121671542802,863.053352771916,3321.343567264587,178047.31399229082,421.9565309274059,0.4867287094565513,db33
32768,0.028575721153846153,9.673088788986206e-05,0.012452677329366446,0.11159156477694201,-0.05345789935709951,408.0496373344213,1208.317375128026,906.2616128837201,5885.7148316499515,587253.2145604958,766.3244838581734,0.49075338992508155,db32
32768,0.031084735576923078,9.779725223779678e-05,0.009980760094408098,0.09990375415572779,0.11990911865219256,327.0498601766303,1225.5025726787906,918.9752305908498,5603.527235773246,540284.483144,735.0404636099975,0.4726975806296589,db34
32768,0.02998798076923077,0.00014014635235071182,0.010555039197605113,0.10273772042246758,0.4096589320961486,345.8681680234149,1173.7363741650613,879.8521254808932,3186.2035973909647,149237.57424026728,386.3127932650785,0.5206003860338154,db36
32768,0.030025540865384615,-0.0002733580768108368,0.009070792313608729,0.09524070722967531,0.006470752698125618,297.23417110927403,1066.7555937668196,776.8143359545288,3343.6965377766073,128481.13827990991,358.4426568921588,0.5088842581812113,db23
32768,0.0248046875,0.00014270003885030746,0.015785423453878525,0.12564005513321985,-0.07954595976083334,517.2574230013415,1002.7790627172878,833.0312727573091,1516.6226685355487,13199.98242084595,114.89117642728684,0.5341512336032961,db35
32768,0.02538311298076923,-3.4098513424396515e-05,0.010499993811090102,0.10246947746080343,-0.14366927496906998,344.0638353014365,1131.8604775042293,828.0470821195214,4646.906837082143,290335.4294543856,538.8278291387571,0.5109988674744584,db34
32768,0.026397235576923077,0.00028321240097284317,0.006230322437955014,0.0789323915636351,-0.05940335992509777,204.1578339440748,1239.369690714737,925.6052430888749,4858.283623294314,367744.7033213216,606.4195769608049,0.5083280584098555,coif17
32768,0.031640625,-0.0001688087359070778,0.01066121781967226,0.10325317341211485,0.04558619967064841,349.3477192847058,1138.1522208262702,889.0009583658825,3470.742603353478,201986.31026508132,449.42887119663476,0.45958029235498515,db34
32768,0.028357872596153848,1.633167266845703e-05,0.009730746720990169,0.09864454734545731,0.058204769575630644,318.85711729340255,1145.4656853019796,870.969205878036,4660.391085503194,345700.8229962068,587.9632837143888,0.49166409872758954,db30
32768,0.028200120192307693,0.00020189117640256882,0.011361767305411838,0.10659159115714446,-0.054688816532959046,372.3037266889587,1200.4594561334413,807.5751762623174,5222.776328552085,633070.7418858254,795.6574274685214,0.5148239125285016,db36
32768,0.023121995192307693,3.108568489551544e-05,0.019712320598746495,0.14040057193169297,-0.05277718614058361,645.9333530440927,1169.8589666166897,855.324469721451,5212.669375435781,530875.8478019651,728.6122753577276,0.4744332584187664,coif11
32768,0.03126502403846154,-0.00013250112533569336,0.013257196965806628,0.11513990171007889,-0.03632461359840351,434.4124054685235,1152.8443588660077,843.8996804150897,3394.5498988179006,182602.26999662752,427.31986847866966,0.4951932788069413,coif16
32768,0.028350360576923077,-9.619817137718201e-05,0.012940564319328534,0.11375660121209905,-0.08867105535319987,424.0367148537189,1152.261470667452,903.0146166424075,3858.0293432311396,242060.78210530287,491.99672977094355,0.45079770723562756,db25
32768,0.02987530048076923,-8.889753371477127e-05,0.012871347179411345,0.11345195978656052,-0.10029407486955537,421.76856333296746,1135.096467811863,776.2889118107828,4151.974036036539,250048.98463188575,500.04898223262666,0.5049522254616925,db36
32768,0.03073918269230769,0.00015943683683872223,0.0094628182124998,0.09727701790505196,-0.0015941976173892139,310.0784601531923,1085.7072292804767,851.696593210365,2893.0278327469778,125505.62469362363,354.26773024595906,0.49868249244201696,db19
32768,0.023505108173076925,-0.00030527636408805847,0.015444572036802922,0.1242761925583614,-0.15882719114472366,506.09079027175903,1172.5272961401781,921.8429574780333,4600.0851495111065,327746.40962819365,572.4914057243075,0.5343945596842166,db34
32768,0.02567608173076923,0.0002124020829796791,0.0119700028210033,0.10940750806504689,-0.19947789754401568,392.2345307553187,1219.0157219272126,874.3911827341935,4759.780634034739,461392.7092886075,679.2589412651168,0.5126752612066086,db19
32768,0.03412710336538462,-5.166139453649521e-05,0.0014996629098914236,0.03872548140296546,-0.43780424053604666,49.141041685827076,1306.8217980986778,997.5750071055314,3918.0415834419296,220035.9024968754,469.07984661129433,0.42132440247469793,coif13
32768,0.025465745192307692,1.0557472705841064e-05,0.00427240665932066,0.06536364937272597,0.40832356802759107,139.9982250649482,995.3988257549101,699.2513425702518,5191.082190897175,480949.5404500894,693.5052562526757,0.3912248752210874,db18
32768,0.025848858173076923,1.8091872334480286e-05,0.0030459418747340546,0.055190052316826575,-0.06352573623260194,99.80943407677114,1101.207994655707,710.8647096681943,5096.215351285177,781173.2897592472,883.8400815527926,0.45992183029754247,db27
32768,0.021724759615384615,1.7725862562656403e-05,0.003425537577977934,0.05852809221201332,0.2460083621290014,112.24802565108985,1068.233678241257,791.9527419565445,4881.871593108305,403516.24662425386,635.2292866550265,0.457118219379707,sym13
32768,0.028380408653846154,1.6549602150917053e-05,0.004865265459823598,0.06975145489395614,0.07177939750203854,159.42502756230533,1016.0881039370138,717.22121737629,5239.62890779786,471446.32587814244,686.6194913328214,0.44526943310827183,db33
32768,0.02859074519230769,1.94525346159935e-05,0.003384205314807638,0.058173922979352505,-0.09790434437861106,110.89365215506405,1126.066893865185,878.1843101612109,5040.546775116716,432192.11558977654,657.4132000422387,0.4870005904847357,db36
32768,0.025525841346153846,-9.191595017910004e-05,0.004274230195942386,0.06537759704931335,0.2541874284005308,140.05825190246105,1004.2913021627338,680.8721580693959,4525.134627398708,376299.19783577195,613.4323090902304,0.4124778010766241,sym11
32768,0.02879356971153846,4.167668521404266e-06,0.0027271666012855583,0.05222228069785499,0.0616194327725763,89.36379576008767,1048.2987549058905,760.3464277390838,4738.61793460332,343085.851397357,585.735308306881,0.4632093741972721,sym20
32768,0.025653545673076924,5.3719617426395416e-05,0.002442267537731883,0.04941930329063617,-0.13496007596302037,80.02831723820418,1032.3532922164143,735.7881549880242,3646.508844942179,186048.8954153309,431.3338560967953,0.4814103511971365,db17
32768,0.02099609375,-1.547485589981079e-05,0.0027940840545954138,0.052859096233244605,0.22551233552469208,91.55655414797366,1022.3586098352557,741.5014861595124,3230.5626141665552,145913.74750483214,381.98658026798813,0.43711734654972906,db15
32768,0.02225811298076923,-2.5799497961997986e-05,0.001671171866427869,0.040879969012070805,0.16592321432787285,54.760981529951096,1189.5024543680588,844.8011688021554,5195.655414577414,421274.1866265304,649.0563817007968,0.44463973426637743,sym19
32768,0.037920673076923074,-0.00011074170470237732,0.0011663391002949414,0.03415170713588036,0.3852990282098616,38.219001496210694,1382.4042796958076,742.4948492934083,5389.210262422321,500884.92649284774,707.7322420893707,0.47910912867446487,db18
32768,0.02463191105769231,0.00011568795889616013,0.004270408620237288,0.06534836356204558,0.29005306384571433,139.93318822514266,924.4749384277446,660.9350802454558,3192.193235644153,157540.76515824406,396.91405260867754,0.4199218815048529,db27
32768,0.024060997596153846,-1.6126781702041626e-05,0.002688620463615385,0.051851908967899964,0.048492440039363996,88.10072387382388,967.623406333881,755.0976968815623,2311.431563254313,72297.26058026978,268.88149914092224,0.465818182296307,db15
32768,0.020537860576923077,-0.0001969682052731514,0.004246095805894669,0.06516207337013355,0.32396838814786566,139.13733865041286,1032.325012235827,718.8852902478686,5027.299294378276,400139.54484962695,632.5658423038877,0.4431682349013722,db15
32768,0.031971153846153844,0.00013218633830547333,0.004223059547071079,0.06498507172475136,0.051579943579389345,138.3817878011614,1008.3473857075656,702.3429018004465,4983.700460178875,384130.95107207104,619.7829870785991,0.4180660539130973,db18
32768,0.03202373798076923,6.951577961444855e-05,0.0032154161549870454,0.056704639624875895,-0.1306501127505383,105.36291491612792,1007.5963992043315,854.8798284612408,1579.2924372451678,19341.09537230479,139.07226672598958,0.4884752139507643,coif17
32768,0.0251953125,0.00010432954877614975,0.005468609225978789,0.07395004547651603,0.24204485502489775,179.19574378523976,886.5870925410569,671.0430682840366,2268.600419938806,50871.37725866007,225.5468404980661,0.4119414788511017,db31
32768,0.028290264423076923,-3.339070826768875e-05,0.0031648776934661473,0.05625724569747569,0.07653626518012643,103.70674879383296,977.6460295372008,739.2870984943308,3199.2941440695786,151187.48235472737,388.8283456163238,0.4689456282465228,db23
32768,0.02501502403846154,-1.6017816960811615e-05,0.002608123968165314,0.051069795066803564,-0.07629990276804031,85.46301459614187,1101.9522540877133,734.414817536392,4745.653339391827,416978.7800216989,645.7389410758026,0.46334114352857714,db23
32768,0.024263822115384616,6.551854312419891e-06,0.003532960850652889,0.059438715082451854,-0.06179507795277817,115.76806256081909,1118.7243238983028,809.7745760958446,4939.060265863037,607597.3715419726,779.4853247765301,0.4504659409825559,db17
32768,0.022716346153846153,-1.7136335372924805e-07,0.0025072723413747666,0.05007267060358142,-0.23579346613185093,82.1583000831306,1191.7649641023513,741.9612924226477,5387.06131491253,777359.058288526,881.6796800927908,0.4098396422426357,sym12
32768,0.02732121394230769,3.7707388401031494e-05,0.0030074240820340825,0.054839986160046414,-0.011185426440998169,98.5473189111799,1236.4065904505403,795.6166220556164,5247.478804343112,484255.6068045148,695.8847654637331,0.47243147135262314,db31
32768,0.02781700721153846,3.443099558353424e-05,0.007134020993224712,0.08446313392968978,-0.2586311015838841,233.76763875223696,1058.9154943716326,752.7081854774282,5055.640789017761,453601.3183683779,673.4993083651816,0.49654339276326204,db18
32768,0.029071514423076924,-0.0001721726730465889,0.009015452092897702,0.09494973455938517,0.09149342530784757,295.41930553596467,1088.7799084726626,753.462382890501,5108.421108285855,632702.3707277945,795.4259052405789,0.44264046843291194,sym12
32768,0.02517277644230769,7.582083344459534e-05,0.00700112218533276,0.08367270872472553,-0.013660169258214998,229.4129601456225,1037.1647673835957,732.5028466619274,4323.134377836509,494771.3460238202,703.3998478986331,0.48968268487907984,coif15
32768,0.029296875,7.025431841611862e-05,0.006794165091508161,0.08242672559011525,-0.05539379573252124,222.63136345054954,1088.9502856705565,762.0217969403081,4421.55141577696,509022.8698260387,713.4583868916524,0.4908890903785162,sym19
32768,0.030934495192307693,3.6675482988357544e-05,0.0036411686517060365,0.060342096845453067,0.07084237019293932,119.31385845504701,1215.659994055577,877.4883358129524,5013.917838369814,591056.6684655334,768.8020996755494,0.5100967908162554,coif17
32768,0.02537560096153846,0.00014558620750904083,0.005985900237110869,0.07736859981356047,0.022977389005515065,196.14667349867523,1080.8003774796662,763.5431569370302,5247.540510758522,691047.1983829179,831.2924866633391,0.48347369210929536,db27
32768,0.03018329326923077,9.682029485702515e-06,0.00574894645603073,0.07582180725906452,-0.04561367861291309,188.38148054294288,1047.5136119719239,788.6496613905268,4638.9773264147125,296949.18811241107,544.930443370905,0.5110418458614256,db17
32768,0.026239483173076922,-1.3590790331363678e-05,0.007463687657153438,0.08639263659105119,0.03198571961592038,244.57012320216745,1009.6568749248981,783.3517713679591,4598.035500604853,309832.0866424954,556.6256252118612,0.4757019768464781,db19
32768,0.02862830528846154,-3.8576312363147736e-05,0.00678566569496338,0.08237515216959165,0.11797030708639135,222.35274225566536,1139.846125081532,818.7618210514439,4673.1389244863685,413652.04224262876,643.1578672788111,0.4800895574887605,db34
32768,0.024361478365384614,-8.403975516557693e-05,0.006402034615775367,0.08001271533809716,-0.1699254096160199,209.7821017196402,1057.0708875940227,839.8551144004773,3535.23188000177,126136.20977761105,355.15659894983094,0.513980566480377,db26
32768,0.03550931490384615,5.7131052017211914e-05,0.0021186370765837736,0.04602865495084311,-0.10721902708934371,69.4236066788435,1283.662883649372,993.9077015679401,5302.573452081324,395461.45496888645,628.857261203913,0.4801338672222,db34
32768,0.028072415865384615,-0.00016421545296907425,0.003591931998586962,0.059932728943265734,0.332842323634592,117.70131137501448,1121.2952005836978,678.2751207496794,5291.30621327614,675524.555840587,821.9030087793735,0.409878927508359,db32
32768,0.026930588942307692,0.00014685466885566711,0.002798959958496869,0.05290519784006926,0.11147756865869311,91.71702660433948,1101.5253312142463,748.0601652591248,4693.895556757195,492873.3090186754,702.0493636623249,0.46311777004567806,coif11
32768,0.0228515625,-3.382377326488495e-05,0.0030352663247129553,0.05509325117210778,-0.07953862565741261,99.45964441634715,1052.574795033181,767.9711430451091,4372.4716459930405,318691.8259352418,564.5279673632139,0.45420570267175686,db17
32768,0.026239483173076922,-8.888635784387589e-05,0.005880998058184287,0.07668766561960462,0.32354332780295575,192.70880326349288,997.8012546154869,688.4654183252188,3340.2926488847384,242733.1457827271,492.67955689548063,0.4341159260523855,db15
32768,0.029041466346153847,6.74668699502945e-05,0.007750697991654365,0.08803804854524187,-0.10035833370641879,253.97502094320953,1122.246900842298,845.0371601287832,3871.1256460727427,307754.7778676401,554.756503222486,0.47154126857723433,db27
32768,0.033668870192307694,0.0003690039739012718,0.007060584678030319,0.08402728531870061,0.029061202821589697,231.36570054944605,1194.9009255952237,894.978831899453,4108.622518978607,376459.1800187864,613.5626944484047,0.5480430949662931,db36
32768,0.025743689903846154,-0.00016748253256082535,0.013776904714783725,0.1173750600203626,0.1983435503069567,451.4425328494981,1074.4578394295218,822.721592035515,4070.8157700853258,311260.1037020073,557.90689519131,0.38151409138887465,db34
32768,0.022543569711538463,-1.9791536033153534e-05,0.0082243597251792,0.0906882557180322,0.13256126810619143,269.4958323100582,1026.9157480575225,813.9994413919026,3442.0778784142244,158844.7845430391,398.553364736818,0.40827521928000604,sym11
32768,0.027989783653846155,7.474608719348907e-05,0.0057782481653618715,0.07601478912265607,-0.0014396284003524798,189.34181895665824,987.6987023982405,744.4103432707662,3268.51905308926,178940.95140900454,423.0141267251066,0.43674483824219484,coif17
32768,0.023700420673076924,3.9839185774326324e-05,0.004654712529820316,0.06822545367984237,-0.05648446637116792,152.52567218523473,991.7782917304393,730.1591244621479,3408.148108292867,193818.6150855494,440.2483561417912,0.4952168582694624,db17
32768,0.018472055288461537,-0.00019204989075660706,0.004735237672069722,0.06881306323707528,0.39650932714257564,155.16547662578523,988.8711743323443,719.3627533223338,5288.092423638467,531400.7592926399,728.9723995410525,0.34837715098962924,db15
32768,0.030904447115384617,0.00024007633328437805,0.005449086882686291,0.07381793063129236,-0.02185089231030999,178.55756760947406,1184.1997425231186,797.4703278125902,4701.300019007384,496563.63202938694,704.6727127038388,0.467200173974687,db16
32768,0.031024639423076924,-9.85320657491684e-05,0.0063344166773086855,0.0795890487272507,-0.27795907252342184,207.56648381240666,1095.6145099464254,809.0025947529042,4210.99578624955,416741.5846351383,645.5552529684336,0.5041155097809863,db19
32768,0.027681790865384616,-9.683333337306976e-05,0.00870087921506676,0.0932785034992884,0.1072679471325804,285.11071737483144,1119.901871112728,775.3402907183118,5328.659220321866,680324.7787436075,824.8180276543472,0.44909662232077435,coif16
32768,0.02675030048076923,0.00010100938379764557,0.008793444721889167,0.09377336893750361,-0.009558688723298363,288.14393097534776,1071.1282973569587,711.0453348774855,5399.917033292678,862353.1994034935,928.6297429026779,0.47452905562572234,sym16
32768,0.03103215144230769,-9.495764970779419e-05,0.005925235035536269,0.07697554829643156,-0.13664227457842187,194.1583971120417,1104.188944862161,836.6966469221209,5417.2877559321005,517381.94755147514,719.2926716931538,0.5020941224246476,db20
32768,0.02862830528846154,3.640167415142059e-05,0.0029963887583285783,0.054739279848465106,0.044838465509795825,98.18571025319397,1151.8576553766043,891.3930163962281,4214.73171098392,286249.31232764764,535.0227213190554,0.5107174883032725,db18
32768,0.02492487980769231,7.366389036178589e-05,0.0069052190343263375,0.08309764758599571,0.022395462076416732,226.2703951280564,1032.8500641347264,784.7158580311178,4321.122825240724,404968.6835935253,636.3714980995969,0.4765807270852706,db34
32768,0.029852764423076925,-0.00011517386883497238,0.006242449785236156,0.07900917532309874,-0.2304331028678156,204.5530292307958,1098.5053543679041,786.0485612179525,4247.455247057328,398849.2262709025,631.5451102422554,0.5039605906746887,sym19
32768,0.028402944711538463,0.0001269085332751274,0.007546715354618268,0.08687183291849129,0.07409474176008986,247.29129649419338,1096.0887726209853,757.2881655290541,4821.828876890694,546515.415538233,739.2668094390773,0.4795307798640088,db32
32768,0.031039663461538462,-2.7935951948165894e-05,0.00822161143325682,0.09067310203834883,0.24327699799020383,269.4057890176773,1150.950578294609,851.6381557445897,4744.721591994338,546495.1688578423,739.2531155550461,0.48037990962087357,db37
32768,0.025045072115384617,4.623737186193466e-05,0.0070802114501737606,0.08414399235937026,-0.10201424074371525,232.00443885382265,1165.1558005735799,839.2030163659653,4669.86633254997,532256.1083015952,729.5588449889393,0.5127116228042842,db34
32768,0.035719651442307696,-6.418116390705109e-05,0.0028880057882863476,0.053740169224578624,0.0010213775457780664,94.63430864922702,1322.223166704866,1029.378941803026,4329.454228234308,395553.71184536803,628.9306097220647,0.4586031008618226,db18
32768,0.030709134615384614,-2.3264437913894653e-06,0.003353265474162588,0.05790738704312765,0.4327893734194116,109.87980323471129,1135.8910402538863,723.0963901755166,3942.3903179296694,405132.9741681271,636.5005688670884,0.39431083574475345,db23
32768,0.028981370192307693,-3.7579797208309174e-05,0.003128231249211853,0.05593059314196348,0.04004417149919857,102.5059278504923,1051.2724369967361,723.6147532822779,4052.6684979332704,383179.4824914753,619.0149291345689,0.4645387809789391,db31
32768,0.023317307692307693,-3.248080611228943e-05,0.00393155088779594,0.06270208041042928,-0.1538073273497229,128.82909406162798,1080.4410435520242,717.6286867606899,4970.151999953096,574619.9128534583,758.0368809322264,0.4396371022696589,db23
32768,0.024368990384615385,-8.956808596849442e-05,0.00603618144414255,0.07769286610843076,0.3340514403972506,197.79385644104332,1082.0766664593127,745.1815956020179,4820.5023237341575,571207.0834646046,755.7824313018956,0.4474076987468116,db15
32768,0.02949969951923077,7.28163868188858e-05,0.007641139240618622,0.08741361015664907,-0.014932166272252424,250.38502437993884,1156.5840844926702,826.1692741153208,4687.0056918713735,542980.6095058643,736.8721798968016,0.4342762008847259,db34
32768,0.03517127403846154,-0.0001502959057688713,0.007594119201660579,0.0871442436518935,-0.14233922323077258,248.84483819175512,1120.1948457502797,864.517156178383,4707.83085182003,295017.1616194162,543.1548228814839,0.4866550043360561,db18
32768,0.02687049278846154,0.00023251492530107498,0.012020522720649454,0.10963814446008038,0.31362320182026276,393.89026005286723,1080.2309284757457,857.3853775881931,5198.515486899647,394858.6936451967,628.37782714319,0.3874137654124751,sym14
32768,0.024571814903846155,-0.00011258106678724289,0.007146332887111714,0.08453598575229199,0.05848576340807695,234.17145136278123,1112.20342186744,867.5042097356011,5260.642214994379,450641.55814769847,671.2984121444788,0.41773838934947966,db25
32768,0.026802884615384614,6.052665412425995e-05,0.004335343567473222,0.06584332591442524,-0.0052683745385845365,142.06065806373954,1020.221768219394,753.1664820161507,4535.558561625721,324966.9956707505,570.058765102994,0.4425875256893456,coif12
32768,0.02451923076923077,-4.699733108282089e-05,0.00445576613269477,0.06675152532110985,-0.04022394305017061,146.0066170124337,1060.9052371043342,762.0327223107115,4619.147924930139,422449.6356414728,649.9612570311193,0.4476244899860516,coif16
32768,0.020868389423076922,4.268065094947815e-05,0.005896996440265297,0.07679190348119584,0.32794104164975696,193.23283904604614,1022.2534511212074,740.5126084658998,5396.945853390785,590828.0654167787,768.6534104632456,0.4088329669978887,sym12
32768,0.031122295673076922,-3.0135735869407654e-05,0.010445064404304672,0.10220109786252138,0.15698512094194003,342.26390015892684,1337.7035729925933,849.6359837267906,5113.43527399385,545081.5967695068,738.2964152489885,0.5199288752804803,db35
32768,0.02744140625,-5.367957055568695e-05,0.006125609016133984,0.07826626997713627,0.21544185362206442,200.72405066154897,1105.0789289291222,860.6029208615416,4156.9211832969095,217379.36085527026,466.23959597536356,0.48849526837444573,db34
32768,0.02686298076923077,-0.00011711753904819489,0.013802007716859875,0.11748194634436337,0.09752021208679915,452.2646383289248,1076.8411145369444,793.4768425560914,3747.7674637338573,162335.99503611214,402.90941294056677,0.45490609024758893,db34
32768,0.027554086538461538,0.00019367225468158722,0.012197571008454693,0.11044261409643785,-0.19324549055038048,399.6912358980626,1224.560207516835,908.8514715475569,4276.976466316962,351635.6589044619,592.9887510775072,0.5113684783273117,coif16
32768,0.027013221153846155,-1.1125579476356506e-05,0.01570401602466889,0.125315665519794,-0.05779580027618172,514.5892011523247,1182.6541025050965,844.8465696305676,3997.939065550642,357807.01489065203,598.169720807274,0.5139213444047063,db35
32768,0.03025090144230769,-1.704879105091095e-05,0.009979747768831697,0.09989868752306857,0.08920756276169095,327.01638441346586,1218.0172012712196,915.3467958164492,4235.693383633528,416358.9747860677,645.2588432451489,0.49963778669847836,db18
32768,0.02949969951923077,0.0001614931970834732,0.01205307919837314,0.10978651646888675,-0.0343397824312163,394.95615376345813,1122.511708833212,894.3113513604173,3263.4865127788376,116337.80355894873,341.0832795065579,0.46481865111703163,db27
32768,0.029830228365384615,-0.00017240550369024277,0.01115530830835404,0.10561869298734027,0.3133827460520355,365.53811663296074,1156.2150333740556,859.6743121832897,4732.907542802216,288829.3288116323,537.428440642689,0.4683596726409581,db36
32768,0.0296875,-1.6058795154094696e-05,0.006625579346163068,0.08139766179788624,-0.07143936292558876,217.1069924654439,1203.9258388106778,923.9147523517923,4660.266480137878,286901.15526701324,535.6315480505356,0.4912582213429515,db25
32768,0.023625300480769232,0.00011799205094575882,0.017749768149650604,0.13322825582304454,-0.04866346089554267,581.624858927913,1049.6739539190894,823.7619961271038,4010.567550524717,189746.37102175617,435.59886480769916,0.528748135891183,db28
32768,0.027411358173076925,-2.5198794901371002e-05,0.007688781520518356,0.08768569735434825,-0.013336315449346903,251.946013671346,1216.5685596092037,939.539553616189,4180.653823188429,195142.39743126175,441.7492472333844,0.48166248407719603,db34
32768,0.030791766826923077,-0.0002248380333185196,0.008929491378599243,0.09449598604490692,-0.15071282434327563,292.6032299865037,1245.0806699787242,994.7303023658152,4258.018969598843,210560.63862948192,458.8688686645477,0.5327318213076254,db23
32768,0.03152794471153846,0.00020248722285032272,0.010736774192307237,0.1036184066288767,0.058073645832421944,351.8239602567628,1195.265617531226,858.7562433397926,5492.816639184865,686088.8725293447,828.3048186080682,0.443679348204203,sym16
32768,0.02956730769230769,-1.4265067875385284e-05,0.013529145494409707,0.11631485500317536,0.1624864313805587,443.3230462288484,1177.6837592465204,880.5481958027995,5452.224752568574,516339.99732988694,718.5680185827135,0.4700141388370092,db38
32768,0.02647235576923077,-0.00013189390301704407,0.013379249261578392,0.11566870476312248,0.013544125480993437,438.41180983558297,1157.4774988440754,891.9208313664583,3661.087864697659,200981.24578493895,448.30931931529034,0.5038508723704759,coif12
32768,0.02158954326923077,-0.0002837423235177994,0.021457127801811048,0.14648251705173232,-0.06976844299691849,703.1098019517958,1113.2779341615435,829.0231825784241,3965.5610054715653,299144.33013690216,546.9408835851477,0.49111038926429357,coif11
32768,0.03138521634615385,0.00025932397693395615,0.011486787035659056,0.10717642947802962,-0.08539362213221423,376.4012411972508,1148.0892557685659,907.6029220802277,3636.561078604702,166095.48637427893,407.54813994702386,0.5148708456121555,db34
32768,0.029244290865384614,-0.00023078173398971558,0.013300175470106923,0.11532638670359409,-0.09380090032818401,435.82189503498375,1147.4630191019216,908.0176325015893,4108.383303469982,228326.3235847309,477.83503804632295,0.44812157749529136,db36
32768,0.03064903846153846,-8.23289155960083e-07,0.013179256338735052,0.11480094223801063,0.027458891870440413,431.85787172988057,1196.0526213308763,849.2759459849024,4061.1644706911306,358343.78459418495,598.6182294202082,0.5002474993307016,db34
32768,0.0318359375,-0.00043331366032361984,0.00626671957251331,0.0791626147402504,0.0425522181379935,205.35401949565858,1271.7838496468014,891.9885050319303,4867.267485439113,500828.0336873611,707.6920472121762,0.5810284579155576,db35
32768,0.025240384615384616,0.0007064640522003174,0.015124687089111966,0.12298246659224218,0.026591927455206464,495.62210076488554,1248.4270996730982,908.3136586266038,4722.770034815202,477569.4938225338,691.064030190064,0.5538117259439838,db34
32768,0.027313701923076923,5.100853741168976e-06,0.009516385921118286,0.0975519652345266,-0.09231093020208474,311.8329347157851,1238.4762832561319,1003.5712459034119,4348.7934546774995,313679.5045682394,560.0709817230664,0.36446121074560467,db27
32768,0.023475060096153848,-0.0002615721896290779,0.0027645053123108083,0.052578563239316534,-0.11709444580044823,90.58955206070095,1149.1058438297177,856.0921120326619,4727.677063129436,372477.5024595679,610.3093498051361,0.45013770208531656,sym12
32768,0.022588641826923078,0.00011925399303436279,0.0025949340157163103,0.05094049485150601,-0.24820913071637796,85.03126383759081,1178.2925350836967,729.4754737875184,4754.691730044631,642635.5053813914,801.6454985723998,0.4652519897254322,sym12
32768,0.023249699519230768,-8.147489279508591e-05,0.00229510201028158,0.04790722294478757,-0.07794063034235786,75.20612019207329,1188.4959654979084,755.6037956472863,4847.29841664896,606199.5536510638,778.5881797529833,0.4457494206495921,db28
32768,0.02822265625,8.321180939674377e-05,0.0030043799462244752,0.054812224423247735,-0.0705007310083099,98.44774897024035,1153.798392145847,751.4010411469486,4473.481361732555,480041.1576445858,692.8500253623332,0.43928641644293187,sym12
32768,0.03221905048076923,0.00011850334703922272,0.0038881479440061825,0.06235501538774714,0.056237088675332815,127.40729199163616,1078.5005801054015,774.2955983336144,4538.6508352169085,438881.9422212587,662.4816542525979,0.3862368865694159,db18
32768,0.027884615384615386,-0.0001533878967165947,0.0021666298674313583,0.046547071523688345,-0.10870777939365808,70.99689845647663,1223.6009353213535,725.3676542255138,3975.0376412607498,389562.70750613057,624.1495874436918,0.41325278709330315,sym15
32768,0.02958984375,3.6298297345638275e-05,0.003812653244359974,0.061746686100227065,-0.1686574663062371,124.93306468520314,1156.0997993338137,701.3978176591587,4967.781536625374,509846.1728773428,714.0351342037328,0.45373691873154953,db32
32768,0.028079927884615385,4.9418769776821136e-05,0.003728142475188336,0.06105851681123884,0.05259457762982377,122.16385265346617,1079.9628282648546,713.5289693729727,4853.058243681794,369435.3721098868,607.8119545631582,0.4258673930485611,db33
32768,0.027749399038461537,9.082909673452377e-05,0.004944882954662706,0.07031986173665805,0.048905283752573886,162.03419499192387,1050.676584305758,704.4488935933199,3842.5438483927446,284241.9934354149,533.1435017285824,0.40395460298785985,sym18
32768,0.02792217548076923,5.646515637636185e-05,0.004614714511210934,0.06793169003646923,0.032683330857719704,151.21506957802922,1061.377375503686,716.7671995152491,4296.794731597164,280563.4474870305,529.6824024706036,0.4344461743175225,sym12
32768,0.029619891826923078,-7.455609738826752e-05,0.001978783501776295,0.044483519440083594,-0.14519668935366895,64.84095993079245,1159.4658818065868,797.0615368767828,2420.518117469458,74791.10470273798,273.47962392605774,0.4734172231146864,sym19
32768,0.024737079326923078,-1.7024576663970947e-06,0.0018019747245154732,0.042449672843444544,-0.0971672256061257,59.04710786789656,1182.1412925605857,861.9701628396565,4199.851691635917,236161.96939732376,485.96498783073224,0.4435888122418695,db15
32768,0.02294921875,6.233248859643936e-05,0.0019987949727289494,0.04470788490556168,-0.1189139812106599,65.496640981175,1203.8802617330712,756.4148243146406,5425.175472582184,651153.3591729521,806.9407408062578,0.459169164437816,sym11
32768,0.022025240384615386,-5.281250923871994e-05,0.0026076177716764988,0.051064838897978505,-0.002371286258768353,85.4465105375275,1183.7982969122259,745.7845495800841,5452.199116307919,777077.5110038955,881.5200003425308,0.4488801284192368,coif17
32768,0.025518329326923078,7.291045039892197e-05,0.0023923084725427073,0.04891123053596901,-0.042705174748846546,78.39133822079748,1184.2214790703044,728.7717960279246,5431.519412065698,529199.8514221854,727.461237058158,0.49319533188723197,db15
32768,0.031310096153846154,-9.472854435443878e-05,0.004396701846961221,0.06630763038264315,-0.0031570648125876276,144.07142016477883,992.0594390932122,751.9404849965649,3611.816881588573,247730.74935663718,497.7255763537144,0.38810194373037643,sym12
32768,0.02762920673076923,1.9548460841178894e-06,0.002956971747054968,0.0543780447152614,-0.14343120013114105,96.8940503327176,1172.0680056535778,734.472002456421,5402.465786395452,578830.9974378458,760.8094356919122,0.46400025705413006,db34
32768,0.030641526442307693,4.900433123111725e-05,0.0025537928020010993,0.05053506507368027,0.016169113748215797,83.68276122584939,1307.0447713808605,760.2696364259945,5807.891202412771,1023664.7730737525,1011.7632000985965,0.4583412963255402,sym14
32768,0.026607572115384615,3.615487366914749e-05,0.0039731481598116805,0.06303291330576179,-0.017697638083091428,130.19216173421592,1176.8582263980531,701.2555411538461,5458.579934275351,748883.8442584624,865.3807510330134,0.4162459204759735,db23
32768,0.029950420673076922,-4.698522388935089e-06,0.0039869988106677814,0.0631426861217337,0.03890824033816026,130.6459777513519,1124.2302061558612,719.4661580109532,4950.393212341637,580193.3694599807,761.7042532768087,0.4320039363451074,db30
32768,0.030145733173076922,-7.634982466697693e-06,0.004157782790429077,0.06448087150798348,-0.022524500179038662,136.24222838692367,1145.1395434119415,710.5432543573683,5115.805542540651,631790.2413755542,794.8523393533885,0.39475594539419717,coif11
32768,0.022160456730769232,1.641642302274704e-05,0.001998822937447609,0.04470819765375931,0.10831902983780739,65.49743884522468,1260.486690108135,837.6356858732235,4521.820677357934,486282.4734932772,697.3395682831122,0.4703864533400674,sym17
32768,0.03383413461538461,7.169879972934723e-05,0.001005335878547533,0.0317070320047073,0.15662423429522718,32.943014519289136,1411.0147807200344,988.5737981403256,5440.294617068577,612746.7826666512,782.7814399094112,0.44469857158517834,coif17
32768,0.028861177884615386,-5.70761039853096e-05,0.0025108684005635045,0.05010856613956844,0.1306926622553902,82.2762424973771,1234.980440853985,911.8525754032188,3190.015806690416,158199.3150346882,397.74277496227154,0.49433077303644574,coif17
32768,0.02930438701923077,4.8327259719371796e-05,0.005820954206315418,0.07629517813279826,-0.4686012210422903,190.7411039629951,1083.645617379211,789.6239066571853,4548.951713238931,360135.20384284743,600.1126592922761,0.47159248022701983,db29
32768,0.026209435096153845,-8.502043783664703e-06,0.0024152915472571545,0.04914561574807212,-0.02470541137435881,79.1442757891491,1216.061247539895,800.8191883644381,4579.06755672976,418369.5047167926,646.8148921575574,0.4376229558101165,sym13
32768,0.023580228365384617,1.8209218978881836e-05,0.0017058441610435793,0.04130186631429116,0.03287083486095462,55.897112334147096,1348.713841184431,787.0317629140529,5250.877772033193,556693.6818204202,746.1190801878881,0.46653027305521233,db20
32768,0.027013221153846155,4.1318126022815704e-05,0.002432129802249347,0.049316628050276784,-0.08711831756239743,79.69608530122787,1204.3902827487395,766.508772801669,5203.9411730389675,710050.1711964073,842.6447479195532,0.4505096944572951,db23
32768,0.027133413461538462,-2.8415583074092865e-05,0.0027664523596951634,0.05259707558120664,-0.12685374011673034,90.65113738086075,1171.8107017346458,841.1241702717648,4575.279914183636,384238.75532596407,619.8699503331034,0.4322604902193613,coif16
32768,0.02785456730769231,-6.422586739063263e-05,0.003931980573321442,0.0627055067224677,0.2798338711561401,128.84327459335327,1230.3346588634834,912.0915766135507,4799.990706120478,398664.07986494317,631.398511136147,0.5198001074745702,db33
32768,0.028981370192307693,0.00014388281852006912,0.005280549392034253,0.07266738877952236,-0.21231403388410755,173.0337208500132,1149.4579211200123,906.2894655829225,4853.078691747805,338220.01158560824,581.5668590846699,0.45218763962390557,db21
32768,0.025037560096153846,-2.201646566390991e-06,0.0012406467654231118,0.035222815978043436,0.02595333849030742,40.65351336821914,1304.4717593846508,906.8303541120963,4176.613655620791,265018.42234685534,514.7994001034339,0.5030822966722253,db23
32768,0.0212890625,4.284083843231201e-08,0.0013365766016004105,0.03655922047309557,0.2858964723344399,43.796942081302404,1319.6963194611183,820.4738126499313,5202.161352814197,532848.7082852394,729.9648678431308,0.4989039837018344,sym19
32768,0.02119140625,6.449408829212189e-06,0.0027781589264324804,0.05270824343907204,-0.10969021886623555,91.03471306432039,1111.756091362058,735.9183601834059,5043.397717269417,465248.01069145626,682.0909108699926,0.3602498854871086,sym20
32768,0.021221454326923076,6.382260471582413e-05,0.0022114023118326148,0.04702554956438696,-0.05235495705333057,72.46336442884058,1114.5217619115128,843.0569566371702,3369.2954104046403,130816.46701284478,361.68559138130564,0.4000841615800357,db36
32768,0.020838341346153845,3.0231662094593048e-05,0.0018465432881988515,0.04297142408855973,-0.16082960429383455,60.50756041612476,1177.9753626153072,792.1645296389881,5465.271314287353,466071.6900783285,682.6944339002102,0.4693643841879705,bior6.8
32768,0.025060096153846155,-3.292690962553024e-05,0.0021837629230605842,0.04673074922425901,0.0565134924892563,71.5575789893046,1211.4556789285211,785.9129758248204,5072.096640752896,569922.6394979622,754.9322085445568,0.44651555205719073,db23
32768,0.02833533653846154,2.514570951461792e-06,0.00279080684838183,0.052828087684316474,0.1578908866666837,91.44915901497006,1119.9405410859433,748.4888308021216,4892.648954658839,375036.4213127916,612.4021728511351,0.4985749843063687,db23
32768,0.031813401442307696,8.163414895534515e-05,0.007332662897130715,0.0856309692642254,-0.02887303872904198,240.27691618353128,1071.9984167139119,711.593718060515,5398.651152855218,833925.0225828572,913.1949532180175,0.37786986043334175,coif17
32768,0.02736628605769231,-8.649751543998718e-05,0.006880398265220008,0.08294816613536436,0.08929085369625987,225.4571355190128,1094.9683981614228,810.6486776981936,5188.955368150654,528282.9638916614,726.8307670232881,0.40342350744130784,sym20
32768,0.032947716346153844,6.535649299621582e-05,0.002966212685492131,0.05446294782227759,0.2504453407840561,97.19699724577367,1219.7057331188162,863.2075876717506,4469.045329280513,337104.4092967056,580.606931836596,0.5186949286145142,coif13
32768,0.028380408653846154,-9.136833250522614e-05,0.005157959175073857,0.0718189332632688,0.11787731960257948,169.01627980172634,1231.074863378552,861.0223806057099,4614.83813388665,445462.9011291865,667.4300720893436,0.5032134739788742,db23
32768,0.03106971153846154,7.789954543113708e-05,0.0030666195112103306,0.0553770666540792,0.18998439995512786,100.48718699067831,1273.0486585501978,856.6851595091654,4497.035937869027,425741.63119772135,652.4887977564989,0.5798204516118641,coif12
32768,0.030881911057692307,-0.0001337677240371704,0.002697193377109164,0.051934510463748126,0.168616977574417,88.38221892528236,1275.1497744408643,907.7306532034186,4604.638117359356,522111.5960415149,722.5729001571501,0.5294066706515167,sym20
32768,0.025638521634615385,-6.649643182754517e-07,0.006978946066921089,0.08354008658674641,-0.04604082557944629,228.68610473535955,1079.2204487883605,791.3151611976272,3452.06568157417,142437.07978163002,377.4083726967779,0.5006420247929276,coif16
32768,0.03316556490384615,-3.1313858926296234e-05,0.005910957130501255,0.0768827492387028,0.07603987356208557,193.69027538318187,1184.6886840757231,1024.1720332270604,2671.997697445224,69854.31379123869,264.2996666498819,0.4530345545085238,db33
32768,0.03349609375,0.00019516795873641968,0.013174343360974061,0.11477954243232573,0.26545012505668064,431.69813140295446,1205.303796303589,919.6238527946385,4696.724297688209,344072.1833478512,586.5766645101485,0.45703463410914547,db34
32768,0.029942908653846155,-0.00023148488253355026,0.017698363046679218,0.13303519476694586,-0.08340340012441426,579.9417161950842,1111.20130246411,843.4338490388525,4487.104398929628,290225.65800971765,538.7259581732791,0.4407833100048933,db34
32768,0.03135516826923077,-5.2838586270809174e-05,0.012231533052192321,0.11059626147475475,0.05462628766956989,400.802966539748,1154.8669123320703,833.6260048651136,4031.7293122660685,229715.08604081612,479.28601694689166,0.5228597223113487,db35
32768,0.026171875,0.00026470888406038284,0.020392800757978644,0.14280336395890206,-0.09409719872838215,668.2335913171992,1136.8965275628286,874.2969879790913,3718.8310775041764,213313.84462995073,461.8591177295851,0.5090128392089464,db32
32768,0.033143028846153846,7.168576121330261e-05,0.01564832772410361,0.1250932760946951,0.10155173423545323,512.7645712532103,1196.1289236543107,895.3091965826251,5180.3934483260155,429577.72331809084,655.4217903900441,0.4942215140605135,db22
32768,0.03324068509615385,-0.00013762060552835464,0.013235680051451773,0.11504642563527027,0.01677658552981315,433.70738453324884,1258.7286595112828,928.7731139906791,5045.579424800764,498930.5228576187,706.3501418260059,0.47088963329963873,db35
32768,0.03319561298076923,5.359947681427002e-05,0.014704117611605616,0.12126053608493415,0.17739812734266464,481.8246200364083,1104.8480888595866,835.0015884367355,3605.3936893894247,148443.51379522152,385.28367963777225,0.4841151926525785,db35
32768,0.032827524038461536,-0.0002784682437777519,0.00978194598400959,0.09890372077940035,-0.033441361787933985,320.5373469842598,1142.0449540947707,883.0772766489795,4782.4639020354625,318724.2281136244,564.556665104243,0.4957832918731477,db34
32768,0.026502403846153846,9.161978960037231e-05,0.020497050954300045,0.14316791174805912,0.09092701963278099,671.6476407311857,1176.4271543008601,913.9304698153613,4402.545623010403,292799.09900996304,541.1091377993565,0.5159820115301973,db34
32768,0.02977013221153846,4.352256655693054e-05,0.01387298266522739,0.11778362647340838,-0.07839614480426128,454.589958043769,1170.0027212707462,942.2322395135724,3797.6996824082717,221277.28254546344,470.40119318031435,0.43272742539307374,coif16
32768,0.035178786057692306,-6.896257400512695e-05,0.015152833390711606,0.12309684557579698,0.031495130888732126,496.52820038609207,1176.4210980009188,945.5476400520646,3856.7706541750854,174455.22530682082,417.67837543595766,0.475768480910651,db27
32768,0.03310546875,9.358860552310944e-06,0.008712430526749746,0.09334040136377038,-0.017790098774175915,285.4889263706282,1118.4107730217945,902.506666729164,4224.987670441219,218676.07064028486,467.62813285802736,0.5080011253166956,coif14
32768,0.03135516826923077,7.803086191415787e-05,0.015025927634606348,0.122580290563395,0.057406880146119284,492.3697962490842,1132.9458535114156,880.8570306897209,4297.6930149482,291003.1045150947,539.4470358757147,0.4695002965207899,db34
32768,0.027689302884615383,6.225798279047012e-05,0.017914518033034843,0.13384512704254437,0.23342312375194468,587.0230539171025,1179.4203281937127,952.8477728930353,4196.396236066757,267552.0480417636,517.2543359332656,0.5196544622710219,coif12
32768,0.026156850961538462,8.804351091384888e-05,0.020628888667736097,0.14362760412864964,0.07403823316233658,675.9676778707653,1217.2954996656706,887.4527255666296,4784.108410262595,541881.2771995267,736.1258569018797,0.5320277736408715,db34
32768,0.03430739182692308,-0.00022372044622898102,0.01114003503615465,0.1055463643909853,-0.027184896684311552,365.0383081305772,1232.2555028198499,979.1971722703976,4379.870249144875,324211.9618068709,569.396137857354,0.5521200945796267,db33
32768,0.03253455528846154,0.0002374444156885147,0.008857372776400332,0.09411361631772701,0.13853433274351495,290.2402385920286,1188.7185728594834,943.7646287730505,5188.051233081568,495735.76922925713,704.0850582346263,0.4777338035438667,db27
32768,0.033180588942307694,0.00016315188258886337,0.01257610858984029,0.11214325030888078,0.2049647595170675,412.0947985081002,1170.8191440453033,928.4753614782721,5060.127343429714,324055.3234924027,569.258573490468,0.4910786413607823,db19
32768,0.028966346153846155,-0.00024588312953710556,0.013714443119743262,0.1171086808043847,-0.020600607630904356,449.39685325231403,1125.9446462562669,934.7428780729106,2478.509148520311,43579.14218702866,208.75617879964332,0.5211674707246019,sym19
32768,0.027313701923076923,4.262756556272507e-05,0.020777190070735654,0.14414295012499104,0.18167645627112167,680.8270237809047,1136.1441897589668,920.7866495138885,3231.4356511768797,128206.33336541564,358.05911993051603,0.5073860287573774,coif13
32768,0.029559795673076924,-0.00013998057693243027,0.010392136624223057,0.10194182960994498,0.04093002982133415,340.5301749771461,1221.5051238133992,846.3061636530813,4035.804044119759,272308.0899014,521.831476533756,0.4438549819401956,db35
32768,0.030844350961538463,-8.02651047706604e-05,0.02193851966692189,0.14811657458543218,-0.11038698946620505,718.8816235531121,1155.87786941417,865.7652508272766,4132.089465538366,389410.27278236044,624.0274615610762,0.4041555512836698,db27
32768,0.03054387019230769,-7.356517016887665e-05,0.015150220856640136,0.12308623341641475,0.18599332491352208,496.4426143653691,1067.7562329208567,826.4384534588636,3924.4507259636,206668.50742665952,454.60808112775504,0.3835400695754903,db34
32768,0.028665865384615383,1.6913749277591705e-05,0.005972772225153271,0.07728371254768544,0.12014126607876895,195.7158096479252,1161.5623579128062,909.4469526168152,4198.38435687898,214857.7480497123,463.5275051706342,0.4887665096974558,db34
32768,0.03807842548076923,6.206706166267395e-05,0.0071222860650702454,0.08439363758643328,0.130745346373729,233.3831960130483,1142.7575583631358,854.0949667863255,4249.005193263658,396807.15741310973,629.9263110976631,0.49417811490405944,db19
32768,0.030393629807692307,2.1046027541160583e-05,0.012235909417017875,0.11061604502520363,0.0898671008515587,400.94629429094493,1178.7794096663993,912.1534932341867,4589.553583593432,456011.01392682944,675.285875705119,0.4646885276446571,coif14
32768,0.030881911057692307,-0.00010613445192575455,0.010725276985848227,0.10356291317768261,0.1619271617439927,351.44624538812786,1314.5803239227744,897.3910901326749,4778.60321122124,575696.0685288326,758.7463795820265,0.46386315643534687,db34
32768,0.03923527644230769,6.550177931785583e-05,0.010633973954214932,0.10312116152475656,0.18139420820781643,348.454199122265,1165.506376579092,857.7684643874361,4837.120225585131,546493.0376720864,739.2516741084097,0.43305723488878517,sym16
32768,0.03193359375,6.151758134365082e-05,0.008393557066421274,0.09161635807224207,0.05842004232637662,275.0402019601315,1200.2353455635443,972.1670217337198,3700.476635146718,214088.3298700374,462.69680123168934,0.5025138038560768,db31
32768,0.038649338942307696,0.00018433760851621628,0.017138231421585718,0.1309130681849055,0.15685696262014565,561.5866806907579,1182.9866824674277,917.1423868983544,5049.408431217309,423148.62047527405,650.4987474817104,0.4485957697802538,db38
32768,0.031798377403846154,2.9955990612506866e-05,0.015462892254274255,0.12434987838463797,0.4318680856491454,506.6880827927962,1295.8407820552648,905.0861278860475,5328.580359504352,734734.8500012207,857.1667574055941,0.4508043286278086,db37
32768,0.028846153846153848,-3.773439675569534e-05,0.005967752769223324,0.07725123150619234,0.2029489447340969,195.55136939976364,1186.2053353479525,923.9896232836112,5350.990954471782,446747.22571944894,668.3915212803413,0.40060265368380776,db34
32768,0.03372145432692308,5.0475820899009705e-05,0.012493442588236061,0.11177406939105358,0.22073400202237553,409.385210217908,1144.7480860559137,879.5205747753118,5571.031072903172,494882.64174805826,703.4789561515386,0.44401274426353354,db19
32768,0.031588040865384616,-0.00012862030416727066,0.019738306246367368,0.1404930825569977,0.04421501741787367,646.7853611679748,1187.7388793804785,886.1724194338702,5395.033434019961,625738.7457183532,791.036500876131,0.4505788717845041,db34
32768,0.028155048076923078,-3.4588389098644257e-05,0.006470089403647481,0.08043686594868973,-0.1096835134625742,212.0119287809357,1259.8287218415062,935.2909596529215,3960.930518092277,217697.71345434702,466.5808755771576,0.5511003467350222,db36
32768,0.024834735576923075,0.00017987936735153198,0.008625933818501907,0.09287590547877263,0.04280373495835505,282.6556596253067,1077.4596931041508,838.4108401552006,2630.1348026255814,107805.55124146353,328.33755685492866,0.42583247145252306,sym18
32768,0.03174579326923077,-3.259442746639252e-05,0.00890615853939605,0.09437244586952301,0.13350677796557645,291.8370378315449,1153.5832538732259,907.2436729801774,3688.575793560412,191736.9178316795,437.8777430193038,0.5290232575433236,db34
32768,0.039039963942307694,-0.0002564797177910805,0.005986987289079091,0.07737562464419329,0.1005779574091977,196.18375502806157,1155.7602436547518,794.5590881683269,4427.508960056202,383080.3032986484,618.9348134485961,0.43444315130695593,db34
32768,0.02987530048076923,-5.71003183722496e-05,0.002848677129982267,0.05337300000920191,-0.0242499012096539,93.34555903356522,1116.707221381089,849.7740075485328,4887.937071796048,492416.0854163263,701.723653168629,0.43941343211556133,db23
32768,0.027786959134615385,-2.9214657843112946e-05,0.0030678750477270266,0.05538840174374981,-0.08782559852877156,100.5281575312838,1153.8989379242896,819.001551820858,5295.403648149511,753855.1140100316,868.2483020484588,0.40165513690919025,sym18
32768,0.026224459134615383,-2.2698193788528442e-05,0.002938783450381663,0.05421054740898364,-0.1789830751387456,96.29807298444211,1173.9627952705357,791.4636178976241,5410.451276390826,725781.2954830879,851.9279872636465,0.42846114008862785,sym12
32768,0.02442908653846154,-1.6857869923114777e-05,0.0017004373634685933,0.04123635972620029,-0.08693759201182118,55.719940838404,1181.8633297828994,899.8118697760017,4611.515542310615,384174.1322099201,619.8178217911454,0.4706196260818858,db15
32768,0.029296875,-5.578622221946716e-05,0.0021103400466877392,0.04593843757342798,0.02159001527718798,69.15172462724149,1091.282399451025,842.4526143054659,4162.4405025699425,340263.3693322311,583.3209831064121,0.4684642441054377,db23
32768,0.02637469951923077,2.5385990738868713e-05,0.0024001810786411183,0.04899164294694676,-0.011777124363702133,78.64915470220149,1053.7871505576766,842.8715206043169,4473.024273896061,252472.70680146,502.4666225745348,0.4786008065697832,db18
32768,0.024564302884615384,2.367701381444931e-05,0.0031851155155381543,0.05643682765303303,0.1439459810318576,104.36988358292729,1044.1707111595508,841.8666289085338,4670.537896153699,329034.069650977,573.6149140764883,0.4484286398461499,db36
32768,0.030498798076923076,-2.3067928850650787e-05,0.0034586058370781308,0.05880991274503075,-0.10174531492227178,113.33161350619048,1054.9334296739942,836.7609137056612,4321.230398003765,275602.83246247494,524.9788876349933,0.47709658612560046,db26
32768,0.027989783653846155,8.718669414520264e-05,0.0029039822835927875,0.05388860996159381,-0.17552063644088803,95.1579405553639,1127.0227947312242,890.5891276570194,4155.616417937768,255067.11970875412,505.0417009601822,0.42803045903674003,coif12
32768,0.032970252403846156,2.2231601178646088e-05,0.01669675039321794,0.12921590611537706,-0.012855617128773656,547.1191330803558,1130.076847506224,815.4118776568345,4173.45473448902,351573.5893785796,592.9364125929353,0.4956897231319647,db37
32768,0.030423677884615384,0.0002675224095582962,0.00707463852070383,0.08411087040747961,-0.06098707691992538,231.8241001944989,1246.509854431997,930.1035466273701,4119.002132345035,327144.5387417498,571.9655048530024,0.5304920858745471,db36
32768,0.033526141826923074,-0.00021460466086864471,0.014515413576535179,0.12047993018148366,0.03638506044910146,475.642581211403,1185.3525118855005,887.8034671400708,4096.582661670585,315586.12358971103,561.7705257395684,0.43005974648754264,db26
32768,0.03258713942307692,0.00016503781080245972,0.011025508548482443,0.10500242163151498,0.2034207450166025,361.2847566343844,1221.1832644712722,980.7387313381554,4984.665169920837,406500.3143352959,637.5737716808118,0.4558056771511787,db30
32768,0.03611778846153846,-4.700757563114166e-05,0.016615862204351545,0.12890252986016817,0.08865869882925538,544.4686451200396,1175.4500673974821,852.324878073877,5025.481006809916,489140.3155812029,699.38567012858,0.4839710300443882,db34
32768,0.026697716346153845,-0.00019254162907600403,0.004175229951532174,0.06461601931047883,0.09736920295060053,136.8151498362422,1226.6538918286606,917.0961505264127,3462.4726042973457,212727.32171202244,461.22372197451256,0.48120426180071235,coif12
32768,0.03468299278846154,-0.00017860159277915955,0.01008876285397629,0.10044283376118124,0.1871509008920566,330.5896264500916,1156.08655098513,907.1396645750442,3384.7762977529433,130984.48976655373,361.9177942109972,0.4699831367553056,db33
32768,0.034555288461538464,-0.0003861915320158005,0.01231199913938635,0.1109594481753868,-0.030006862937479978,403.4444749467075,1168.8453963571426,973.0587374642496,2638.9162174585936,91335.79039863311,302.21811725744226,0.5198577650819133,db36
32768,0.03768780048076923,0.00017028208822011948,0.009601766269819163,0.09798860275470389,0.26437082491774394,314.63162727002054,1172.4489252691287,956.9902750223957,3733.45080624701,175996.24757061023,419.51906699292016,0.5633986224351242,db36
32768,0.029845252403846154,-8.292403072118759e-05,0.007858746087588435,0.08864956902088376,0.14375545242858057,257.515617123805,1209.7924764480886,948.3002718649445,3844.9820858980534,268638.0246145033,518.3030239295381,0.47343499683318074,db35
32768,0.03257962740384615,-0.0002337619662284851,0.013144749379366103,0.11465055333214098,0.03724330236310728,430.72893825918436,1175.5137759447725,934.6173881907218,3694.6752519578413,149556.88687707527,386.72585493741593,0.44767639742173804,db25
32768,0.036207932692307696,-3.499072045087814e-05,0.01907741939115214,0.13812103167567255,0.3178447980614899,625.1289187287912,1125.461522012863,883.1791947816218,3205.180968403317,103401.28365658066,321.5606998011117,0.41411524262172994,db38
32768,0.03332331730769231,-6.341934204101562e-05,0.006582743414242032,0.08113410758886815,0.2514018133514839,215.70346799120307,1225.3981408365714,1060.9656931930124,3180.4811791159764,125712.19574010119,354.55915689783166,0.5509693334830764,db35
32768,0.03469801682692308,0.000417063944041729,0.024422006324562606,0.15627541817113338,0.2070776710767872,800.2660029856488,1135.0488334679133,894.7305948871814,3837.986537406756,223076.2879690598,472.30952559636125,0.4571088083235157,db19
32768,0.03507361778846154,-0.00013976171612739563,0.015585329276853837,0.12484121625830885,-0.18111305160908456,510.7007098123431,1421.4601888157476,1004.0026352085354,4268.234064561222,336789.1907266498,580.3354122631582,0.49473528345468415,db25
32768,0.03419471153846154,-3.597792237997055e-05,0.03660177362621554,0.19131590008730467,-0.24599804310350518,1199.3669605990872,1257.1419260108844,999.5656812275748,4261.0618257686965,224864.6677509656,474.19897485229296,0.44327405022110594,db32
32768,0.024248798076923078,-0.000206751748919487,0.008606994960040852,0.09277389158616152,0.013907620036268798,282.03541156090796,1180.9750888031842,1014.0964062022344,3971.8043933267736,181271.86707820438,425.7603399545387,0.4336160272208611,coif16
32768,0.019966947115384614,7.652677595615387e-06,3.6311410226543515e-05,0.006025894973076075,-0.18234582539114952,1.1898542093113065,2390.651096216443,1445.2461224294796,4234.339192457199,447683.41523353104,669.0914849506987,0.4697122690030343,coif13
32768,0.028350360576923077,3.820285201072693e-06,8.715762902199164e-07,0.0009335825031671901,-0.013015351349841402,0.02856029011309147,5216.501376750702,4241.868945396154,5753.236875339791,135735.64921527705,368.42319310173326,0.25629565433347445,db21
32768,0.023482572115384615,-1.0394491255283356e-05,9.775291900062343e-06,0.0031265463214323794,0.24493320066965207,0.32032030541449785,3399.9700735349475,1773.0647422491284,4919.865596264202,727479.2319580012,852.9239309328829,0.44491830110904784,db17
32768,0.02569861778846154,2.2213906049728394e-05,0.0011776424059918161,0.034316794809419716,-0.1893898863583256,38.58900252915919,1511.0205659546375,894.6361514551181,5393.299098037776,765870.3605556249,875.1401948005959,0.37603599701729457,coif16
32768,0.017735877403846155,-0.00011341646313667297,0.0025274820631885214,0.0502740694910261,0.16333203384981385,82.82095375098288,1096.8379740599607,768.1870111007156,5293.691196788662,490059.46633561875,700.0424746653725,0.40219099349261966,db15
32768,0.019283353365384615,-6.1829574406147e-05,0.0044776502930629685,0.06691524708960558,0.01988879770898769,146.72377007175237,919.3305413618161,691.9772309155081,3994.600059136742,248226.36667061693,498.22320968679986,0.40762168528701875,db18
32768,0.018907752403846154,0.00016803201287984848,0.004116886915448715,0.06416297152913598,-0.21134209132841328,134.90307564195246,947.9994490424516,719.1673852072518,4200.900775413124,366893.4908164891,605.7173357404336,0.3572765769687903,sym20
32768,0.016774338942307693,-6.991066038608551e-05,0.0031345836695313113,0.05598735276409585,-0.1144117281924935,102.71419783681631,1010.2717039066987,728.9468059770503,3247.3000660921866,222451.69072618507,471.6478460951402,0.39623713620115597,db32
32768,0.02117638221153846,-7.181335240602493e-05,0.002019336194099669,0.04493702475798402,0.17902524400790068,66.16977739799768,1021.6238390852261,806.2693333770806,3380.3496311868594,143832.1108061045,379.2520412682106,0.38542276477881005,db23
32768,0.024136117788461538,7.600430399179459e-05,0.001644846151494002,0.04055670291695322,-0.08983690085689693,53.898507981561124,1228.1240759185807,841.862048515457,5599.549973359947,509234.3488023546,713.6065784466639,0.4020194297833673,db23
32768,0.018682391826923078,-1.992005854845047e-05,0.002279560450333915,0.04774474264601198,-0.012115567599174891,74.69664983917028,1145.416087703829,784.0989522279898,5289.442591645493,611850.4933738195,782.2087274978588,0.40824579111904113,db32
32768,0.02147686298076923,-2.419017255306244e-05,0.0031872715503412875,0.056455925732745604,-0.08141267334608686,104.44053333625197,979.9909467869738,705.0326695152639,3713.6478017145455,330457.28233347303,574.8541400507376,0.3697245825135743,sym10
32768,0.017337740384615385,2.5714747607707977e-05,0.004605523883054609,0.06786401021936891,0.1849366518626109,150.91382826771587,907.4522317389784,712.5924534660867,3467.0374499177356,205228.66344090155,453.02170305726145,0.34507701763671556,db32
32768,0.01736027644230769,-6.660632789134979e-05,0.0028188170679171965,0.053092533071206885,0.018335270450441327,92.36714305356145,1040.4648734976633,780.8132416796559,4893.031217123493,464468.9037928108,681.5195549599518,0.434836114099513,db23
32768,0.01906550480769231,-2.4184584617614746e-05,0.0026594086479823087,0.051569454602335175,-0.018790164107687166,87.14352174289525,1084.395640037703,737.7375066553333,4841.014635740077,534777.2225182226,731.2846385083052,0.3640828265752075,db15
32768,0.020943509615384614,-5.6138262152671814e-05,0.004022068239927812,0.06341977798705868,-0.22656541888712167,131.79523535445333,1019.8454111685645,739.6495065707475,4632.081774216993,372377.50559799414,610.2274212111367,0.4093346254023334,sym16
32768,0.02049278846153846,-3.316439688205719e-05,0.00387006164315581,0.062209819507500666,-0.3788351772945641,126.81421596370637,1058.1762968312398,742.9471866681326,5645.219860662621,649219.129575793,805.741354018641,0.4066366680266002,coif15
32768,0.015016526442307693,7.41640105843544e-05,0.004512751336801039,0.06717701494410896,-0.1897855662575414,147.87401603814214,1046.41490713366,740.6383689154256,5721.381048274142,859561.5123737729,927.1254027227238,0.34707645580786545,db23
32768,0.01631610576923077,5.990453064441681e-05,0.0031492532004058172,0.056118207387672474,0.09925495975038331,103.19484646059573,1059.5339631470551,790.1245538448771,4514.699928658,523095.204287536,723.2532089714749,0.40889743288444913,db23
32768,0.017983774038461537,-0.00022045709192752838,0.0035402265184741,0.05949980267592574,0.11035653134552333,116.0077351257205,1091.8365639134913,738.4172813255777,5443.265117634041,776319.3311304017,881.0898541751583,0.3318688257689465,db15
32768,0.01620342548076923,0.00011149328202009201,0.004114202314406115,0.06414204794365483,0.15749415640271,134.81458876933903,1017.314595992688,781.3951128574862,5077.459193983476,613644.0358505598,783.3543488425655,0.30315814834903926,db23
32768,0.023294771634615383,-3.0901283025741577e-06,0.0012286428604405782,0.03505200223154989,-0.046274812171733154,40.260169563815,1235.5187252367193,867.3590346716078,4147.748608771508,319077.9618801587,564.8698627827109,0.3411531370922421,db36
32768,0.04048227163461538,-7.567927241325378e-05,0.0009031303423144704,0.030052127084691866,0.07999559553833352,29.59396273083985,1363.608739234228,916.1875219458947,5220.2119056347765,527742.5787636663,726.4589312298847,0.3509471223784055,db15
32768,0.034157151442307694,3.9975158870220184e-05,0.000743858512291368,0.027273769675117666,0.1260576331774997,24.374808094464242,1371.5874711506544,1080.9568424571444,5366.862968023213,415666.2927783576,644.7218724212461,0.3789947622949054,sym19
32768,0.027381310096153848,-2.9239803552627563e-05,0.0009328258829712638,0.030542198397811245,0.10701981982946077,30.566866548731923,1347.8888678584503,1002.8431043751526,5128.747861989184,364725.3824321756,603.9249807982575,0.33440220929971953,coif17
32768,0.025232872596153845,3.680866211652756e-05,0.0007082128868910939,0.02661226948028097,0.0050168249020485205,23.206764274276793,1513.3053953377644,1015.6690181283526,5795.935704127261,784019.5004582341,885.4487565400011,0.3901936323886816,db15
32768,0.016391225961538462,-1.0666437447071075e-05,0.00029246856348585145,0.01710171229689739,-0.02935903670978476,9.583613616414368,1536.697939469155,1060.660072042481,5609.86199421426,488528.68702485104,698.9482720665751,0.4249204627776789,db21
32768,0.02040264423076923,1.9562430679798126e-05,4.6520460510310856e-05,0.006820590920903471,0.34642033452517623,1.5243949899449944,2404.2012604973447,1478.3077041368804,3835.5347449734545,441721.78981845704,664.6215387861404,0.3815309873793754,rbio1.5
32768,0.020252403846153847,7.894355803728104e-05,0.0013752898167635392,0.037084900118020264,-0.11896201009198172,45.0657009286806,1679.8894418414461,864.7446787354917,5312.517071020506,1490329.4408698718,1220.7904983533708,0.4205593629618676,db15
32768,0.022648737980769232,-9.79844480752945e-05,0.0022852755300996853,0.04780455553710007,-0.0030254870874420266,74.88422317430377,1168.420905575338,750.9554722698249,3888.0243505248313,335047.65581949166,578.8330120332562,0.39699388401508995,sym15
32768,0.02459435096153846,-1.86823308467865e-06,0.0021122756838620983,0.045959500474462275,0.003411730482395348,69.21504972316325,1104.6983612865242,796.9907239059924,3831.815177526465,235030.24230905157,484.79917729824126,0.43681034172876887,db31
32768,0.02393329326923077,4.6137720346450806e-06,0.00230320296336214,0.0479916968168676,-0.020416924310728172,75.47135540097952,1147.0280692363635,793.0348276318837,3518.9622003122026,233042.0385143006,482.74427859302546,0.44387165023930536,db15
32768,0.032564603365384616,-2.371799200773239e-05,0.003047068831002454,0.0552002611497668,-0.06446226883175829,99.84636988770217,1048.3310865557764,791.8736975792829,4287.279589798982,369126.2975915476,607.5576496033505,0.40805287728765466,db18
32768,0.02891376201923077,1.6017816960811615e-05,0.0019797959780512835,0.04449489833735193,0.06852100592311502,64.87396301608533,1125.4073739568878,815.8315241518204,3958.673225117888,264712.381947788,514.5020718595679,0.4666410854520192,coif12
32768,0.027599158653846153,4.13358211517334e-05,0.0024331219279423166,0.04932668575874845,0.06103544119529983,79.72859532386065,1169.4682422648275,773.1935161648357,4617.327164426827,366036.4374866723,605.0094523944831,0.4517150368182366,coif16
32768,0.023317307692307693,9.92603600025177e-06,0.004255913778348991,0.06523736489427659,-0.12553638984630155,139.45778591744602,1137.1313981333417,658.3392943165342,4881.914885281444,634788.4753270784,796.7361390868864,0.40352560864300996,sym11
32768,0.027771935096153846,-0.00010076537728309631,0.0037905207381585394,0.06156720505397772,-0.2066367341403548,124.20811626315117,1068.1531841273152,658.4340552724998,4760.55857248208,393576.4373815976,627.3567066522821,0.4651622185081204,db15
32768,0.026156850961538462,3.287568688392639e-05,0.0033427118760969016,0.057816190432238804,-0.13693595688991275,109.53401817195117,1087.2328634701128,706.6790261635041,4372.112645233842,323731.78834347794,568.9743301270084,0.44925465124968417,sym17
32768,0.024962439903846154,1.9323080778121948e-05,0.0038248853972165783,0.06184565786873464,0.126157511659719,125.33385693095624,1054.4674508400108,676.908236715305,3502.0910139379826,234520.5950873536,484.27326489013785,0.41332968738383696,db16
32768,0.02264122596153846,2.9579736292362213e-05,0.0014516944199287327,0.038101107856973564,0.15231513913096636,47.569151422940195,1220.4609539628468,970.5046522804013,4129.5103606034,282052.4619436184,531.0861153745392,0.32715836189721714,coif14
32768,0.02529296875,-2.482440322637558e-05,0.002090181386182498,0.045718501574116555,-0.07984755885077756,68.49108385574073,1211.6521399195817,834.4902125470163,5409.216031233443,586866.2091022675,766.0719346786354,0.44367321458783804,db34
32768,0.023843149038461537,6.44465908408165e-05,0.0019756116569035463,0.044447853231664024,-0.12007137562362885,64.73697887081653,1213.9793205173373,781.3710892575851,5315.475016301138,493647.5687692415,702.6005755543056,0.43300181373391955,sym19
32768,0.02305438701923077,-4.0638260543346405e-05,0.0016456553354125742,0.040566677648195125,0.030458176790110626,53.92488814610988,1156.5871005249123,803.4737565704017,3771.402217955307,216580.27790678653,465.38186246005176,0.4139533934882642,coif14
32768,0.028658353365384616,-1.9080936908721924e-05,0.002936883464144502,0.05419302043754806,0.006816237077714187,96.23580928333104,1077.930748433751,804.4750689364383,3327.8425728097495,214981.5985658668,463.66108157345576,0.4331862789068904,coif17
32768,0.035314002403846155,-8.721649646759033e-05,0.0027321713028081174,0.052270176035748316,0.060059086045588954,89.52803850732744,1047.5250172721974,844.5792112592524,3392.113341386405,156287.2811228462,395.3318620132283,0.4617710544820395,sym20
32768,0.025465745192307692,9.85981896519661e-05,0.0020916078699571767,0.045734099640827926,0.11600865598925536,68.53812524024397,1137.1104203053235,756.0338683996822,4340.711579852605,287651.54783185787,536.3315652018422,0.4432939558311667,sym20
32768,0.026284555288461537,-2.8901733458042145e-05,0.003724303245608531,0.06102706977734169,0.17726993148527295,122.03799612354487,1089.8097725802404,661.7183027232968,4514.327475286461,387072.39649265085,622.1514256936576,0.4572310668109798,coif15
32768,0.027103365384615385,-0.00010044313967227936,0.003543050430637652,0.05952352837859708,0.2635505644603098,116.09900710172951,1061.3528518682085,648.5289716317326,3035.6843868049136,147107.20576489728,383.54557195318694,0.47352500939319225,db18
32768,0.022611177884615384,7.327180355787277e-05,0.0035181255147634016,0.05931378857199565,-0.11910275692517844,115.28211279120296,999.8181231669805,658.2297456552094,2457.608081786245,99439.80135709257,315.3407702107239,0.429866641291607,sym12
32768,0.025525841346153846,3.412831574678421e-05,0.003696457091060845,0.06079849579603795,0.1707397277175167,121.12554412614554,1089.5486537211207,640.8768596491527,5390.2376600179905,463772.936597654,681.0087639653796,0.45105513598914687,coif13
32768,0.022798978365384616,4.131253808736801e-05,0.0024566083401658793,0.049564184046202955,-0.04041027711305922,80.49819801654667,1225.4082632443212,710.2052932451771,5398.360751762961,565465.4716861831,751.9743823337222,0.40776305099344984,db18
32768,0.03133263221153846,8.863862603902817e-05,0.0019263609569922361,0.04389032874099072,0.18087903134044542,63.12325329054147,1335.8308714871816,851.9516758990767,4756.842441991562,409403.41049193766,639.8463960138696,0.5504916932361542,coif17
32768,0.029379507211538463,4.627928137779236e-05,0.002605159954643485,0.05104076757498348,-0.05834916852387929,85.36595157533884,1248.1459218197342,883.6511674406015,4823.587116690378,608237.167734723,779.8956133577897,0.46395292497667134,sym19
32768,0.02276893028846154,-0.00010004919022321701,0.003893143253976874,0.06239505792910905,0.2171187103471564,127.57084614876658,1155.231461066986,786.9793912984977,4497.098107024509,518086.47735576,719.7822430122599,0.40159201321196325,db27
32768,0.02489483173076923,7.866229861974716e-05,0.001205742580300677,0.034723804231401215,-0.07725438121921258,39.50997563172132,1343.216125353072,811.5002957388864,4744.355475092093,505733.5366308082,711.1494474657266,0.5183037323784615,db16
32768,0.02890625,-5.24669885635376e-05,0.0014809853833808173,0.038483572903003915,0.07340075879088176,48.52901924587786,1230.9076662193906,804.4597898509976,4500.102894205701,481298.41588069143,693.7567411425214,0.45728420370061285,sym19
32768,0.02361778846153846,0.0001276722177863121,0.001355595654469742,0.03681841461103047,0.11418755908253796,44.420692530460656,1131.936312506034,799.1479661672807,4216.417056563378,273871.64996199927,523.3274786995225,0.36520293137760185,db23
32768,0.025428185096153848,-0.00022925995290279388,0.0030241281492911177,0.05499207351329024,-0.004204958768739588,99.0963534861803,1172.0577711373858,879.8805899258643,3046.4885398031083,120730.17708439162,347.4624829882956,0.4548157390244081,db34
32768,0.030198317307692308,5.562882870435715e-05,0.0027189979826010213,0.05214401195344506,-0.13296364901814464,89.09622729662806,1206.163883196384,981.3054613448761,3104.5679758876,141700.4396780141,376.4311885033095,0.5180445746179826,db36
32768,0.021514423076923077,-4.738848656415939e-05,0.005236311168873678,0.07236236016655122,-0.0013719057704633237,171.5835179677233,1084.8239688681188,844.6302940353728,3656.023661274987,220106.12357494282,469.1546904539513,0.37015826194502494,db34
32768,0.02312950721153846,2.9712915420532227e-05,0.0012156359686974483,0.03486597150084088,0.08371686760084972,39.833988351747394,1270.1949599725117,853.6972491778843,4169.108528102959,279142.25448656897,528.3391472213364,0.47884354327402284,coif16
32768,0.02224308894230769,-7.060915231704712e-05,0.0013128715141008107,0.03623356888440346,-0.06692535611566805,43.02033714391291,1288.8779882227916,827.0415514642154,4458.171939555728,362153.88773295464,601.7922297047002,0.49836464513404366,db18
32768,0.02147686298076923,0.00013084616512060165,0.00220703416582793,0.04697908221568329,-0.1430911251523741,72.32065655756742,1155.290863904587,730.5366001516534,5148.874313433572,650785.9264730796,806.7130384920524,0.386375367879386,sym19
32768,0.023009314903846154,-7.227621972560883e-05,0.0020158199225207246,0.044897883274389726,-0.0035041400469393727,66.05455839633942,1213.1006876456306,810.872939074635,5447.954570731976,637764.0147078956,798.6012864426751,0.45779664534777237,db20
32768,0.02303936298076923,0.00010217353701591492,0.0022306753380448713,0.047230025810334586,-0.09986153647749875,73.09511155635118,1211.3364972571367,753.7410847622954,5045.1878127709715,621711.5349688063,788.4868641701055,0.4366141247687228,db31
32768,0.025240384615384616,2.5797635316848755e-05,0.0016680046466083093,0.04084121259963163,0.0327038165601254,54.65719806775451,1212.7204611530772,808.6964636178712,5244.5689131869485,477647.52822081716,691.1204874845031,0.4900152332968401,coif15
32768,0.030220853365384614,-1.8387101590633392e-05,0.003830217770475706,0.06188875318242973,0.07296595579100269,125.50858698133379,1110.0936221505506,821.146452551028,4118.628499166784,325599.4205830128,570.613196993386,0.4466358943990722,db19
32768,0.03227163461538462,-2.9929913580417633e-05,0.004829280342075011,0.0694930236935695,0.00864286909818045,158.24588760267943,1057.6314040918517,805.0636260008964,4079.450747187207,255822.90565173232,505.78938863101143,0.4666889259206731,db35
32768,0.03026592548076923,1.7583370208740234e-05,0.004739403875415604,0.06884332847426543,-0.0761106996633893,155.3007963206619,979.6924414969499,858.788648019957,2437.6282848732335,47647.14572851647,218.2822615984095,0.44432264326323534,db33
32768,0.032962740384615385,-6.235111504793167e-05,0.004129660082528221,0.06426243134622453,0.13631769183747564,135.3208289751783,1127.9038783993817,840.840790326881,5041.584153755816,353063.56042683613,594.1915183060393,0.475348542203554,coif16
32768,0.026938100961538463,1.2799166142940521e-05,0.003630655151060395,0.06025491806533634,-0.15960637211994724,118.96931335795671,1208.6943313282172,832.2449814412147,5134.532556627781,460534.77460470836,678.6271248666003,0.5242067837573547,coif11
32768,0.029995492788461538,4.489626735448837e-05,0.003641405889730635,0.060344062588879734,-0.2109588212700813,119.32165424432606,1176.0763091337212,824.0035391291221,3760.6370679270935,245475.58204736645,495.4549243345619,0.5214566606355167,db29
32768,0.025758713942307693,-5.118176341056824e-05,0.0035991183212323724,0.05999265222702171,0.055002791900849404,117.93599498830736,1193.9458703479056,924.2538138882454,4887.545786318295,441554.8404854659,664.495929622948,0.46640002774244027,sym20
32768,0.0232421875,-6.664544343948364e-06,0.008439099578516946,0.0918645719443407,0.19107942867684385,276.5324164442718,1119.205522202729,882.8609198825358,4913.24084350919,386976.3824428094,622.0742579811589,0.3644634586490198,db36
32768,0.029341947115384615,-6.777234375476837e-05,0.008300255471993749,0.0911057378653713,-0.23945665202753702,271.98292181268334,1185.9324593221606,906.7370201078892,3049.814922357619,122016.788028338,349.309015097432,0.5213707542971024,db35
32768,0.030048076923076924,7.804669439792633e-05,0.006676386707167382,0.08170915926117085,-0.20553969190617793,218.77203921973705,1200.752888599963,851.7687226555955,4432.434196954826,298850.6466785015,546.6723394122859,0.4676991730860292,db34
32768,0.031678185096153846,1.4808028936386108e-06,0.011400879568579072,0.10677490139812386,0.08294568195682848,373.58402177505195,1166.5819182609866,878.8320758375338,5173.631382175396,544204.0700302521,737.7018842528818,0.4661061348487344,coif16
32768,0.03179086538461538,-0.0001381291076540947,0.013841273444696801,0.11764894153666153,0.3470622061189166,453.55147343780845,1208.9408936931225,825.1521817571033,5078.990113266044,336105.41517820803,579.7459919466525,0.49297913189704057,db36
32768,0.028192608173076922,-0.00012120325118303299,0.01666417489754362,0.12908979393253217,0.005745544659811945,546.0521644121036,1134.4106805476056,847.8544114868449,3259.6956754989747,131982.97152064706,363.29460706243225,0.5027852487515234,db34
32768,0.021807391826923078,5.791522562503815e-05,0.017433964713959443,0.13203773973360589,-0.08367370985904227,571.2762656565756,1184.8787404132481,838.7213771888391,5277.158110718513,454034.9364176199,673.8211457186691,0.4319662506461326,db35
32768,0.03212139423076923,-5.56018203496933e-05,0.009214060621710509,0.0959898985399532,0.2927127646661944,301.92643975652754,1158.8628062503435,935.5614760574175,5264.032918104608,408264.5224079661,638.9558063027255,0.48066503040550934,db33
32768,0.03231670673076923,-1.998618245124817e-06,0.008515523492333638,0.09227959412748649,0.09914409082685388,279.03667392767966,1125.7525725876976,878.3272862050487,2997.64981492776,79676.35720557426,282.2700076266946,0.5326185673531861,db34
32768,0.033270733173076925,0.0001339484006166458,0.006537648712534089,0.08085572776578101,-0.0038239855277624295,214.22626094147563,1169.2787870420493,864.5292418848502,3891.3063873308165,247573.90407706745,497.5679894015163,0.5294352474029383,db33
32768,0.02654747596153846,-0.00011275243014097214,0.01893941648996218,0.1376205525710538,0.14356835014405953,620.6072161262855,1178.9062280903293,869.0651325940737,4367.385131616671,458179.05768242653,676.8892506772629,0.5161292146557925,db28
32768,0.023670372596153847,-0.0002293270081281662,0.014837306463989168,0.1218084827259135,-0.2233501021643335,486.19058150984347,1163.470840598079,806.6724973230207,4210.049814967249,341357.578852687,584.2581440191373,0.47262443948299504,db35
32768,0.025345552884615385,9.104236960411072e-05,0.005473512784386555,0.07398319258038649,0.28043500805057037,179.3563385233283,1247.818262981936,905.679022635499,3800.2476804382704,249203.40605853705,499.2027704836353,0.47621806406626316,db27
32768,0.027967247596153846,-8.001364767551422e-05,0.007989766138313783,0.08938549176635872,-0.3272353031255984,261.80886660702527,1144.6997091366757,927.5656800271117,3750.930900008971,159183.87726704686,398.97854236418135,0.4746339879605769,db34
32768,0.03291015625,-0.00016308948397636414,0.008911209360455401,0.09439920211768424,0.14534890416082158,292.00337989255786,1046.3034489053102,868.1550248115166,2830.7975380067164,71332.44297528587,267.081341495968,0.48501563077586995,coif15
32768,0.026772836538461537,-2.1165236830711365e-05,0.01285473907695841,0.11337874173300042,0.3715327488462756,421.2241047527641,1171.0146999361298,850.6141051509885,3976.4901300711194,223029.27223019017,472.2597508047771,0.4779252970875175,coif13
32768,0.02783954326923077,-4.921481013298035e-05,0.018635524606225404,0.13651199436762107,-0.14115218088050518,610.6489496640861,1188.6485089185157,867.718046130231,4658.731178033301,457484.21103287366,676.3757912823859,0.48938272850504844,db26
32768,0.025916466346153848,-0.00011226348578929901,0.01343020477981393,0.1158887603687861,-0.1379654366451763,440.081363203004,1223.4221028044751,818.418696739155,4743.335758156113,381571.7404105338,617.7149345859575,0.4734728353528369,db34
32768,0.031077223557692307,-2.8436072170734406e-05,0.00988489674780788,0.09942281804398767,-0.0035623221122496698,323.9083231287077,1166.8806459188693,913.6072544151873,3809.1684514905073,308768.40365991334,555.6693294216565,0.47067273263363163,db33
32768,0.03153545673076923,-0.00015941448509693146,0.008992029408555141,0.09482631179453908,-0.030133381635421515,294.65165239199996,1257.6006903868308,835.9516640749549,5435.652262175345,603821.6354321452,777.0596086737138,0.5208893482807256,db23
32768,0.030686598557692308,0.0002100905403494835,0.007229046074540639,0.08502379710728426,-0.13577653533095044,236.8828280856833,1246.6191999011292,901.9504829296584,5335.468269424022,597209.6921023757,772.7934343033562,0.5225966414287466,db19
32768,0.028733473557692308,-0.0002858247607946396,0.0214908618185288,0.14659761873416907,0.14578429214162436,704.2152370773256,1190.4972777093587,882.7289147864731,4711.25472053258,500299.16598642216,707.31829185058,0.5018407147123264,db19
32768,0.022596153846153846,3.6174431443214417e-05,0.017994969351039468,0.13414532921812622,0.06338283662074705,589.6591985747218,1186.089227294032,852.0596137592966,4988.697021970664,484232.50083167746,695.8681633985545,0.46051262823300454,coif16
32768,0.03430739182692308,-6.389617919921875e-05,0.0019217668647115715,0.04383796145707019,-0.20832804055840018,62.972590405493975,1245.874403744278,936.995990147914,4381.41238798575,375399.05625903443,612.6981771304975,0.4036944902128878,sym19
32768,0.027666766826923078,-6.643589586019516e-05,0.003803186795401604,0.061669982936608664,0.13985473535883133,124.62296954076737,1024.4172932721112,699.4916712439208,4502.762931574457,542729.7560553366,736.7019451958414,0.39434978803168624,db15
32768,0.02820763221153846,-2.9332004487514496e-05,0.0031227636084607113,0.05588169296344476,0.06142726194827858,102.32674611452967,1006.0154452161618,701.8864550870425,4176.308968934009,353262.9742501676,594.3592972690573,0.38526190335782984,db38
32768,0.022791466346153845,0.00010417681187391281,0.0031726567023543017,0.056326341105687856,-0.014436343320219081,103.96197044756263,1050.628249378434,758.1435545014485,4046.2788110371685,298699.9742725148,546.5345133406626,0.47225383446327596,db15
32768,0.03137019230769231,-8.786935359239578e-05,0.0039260131564914005,0.06265790577805326,0.038918675216515555,128.64785211440176,1101.4105610332697,679.932816028052,5448.5593976010105,715730.6780298167,846.008674914044,0.46185205063514195,db23
32768,0.03545673076923077,1.0570511221885681e-06,0.0031288171127723235,0.05593583031271033,0.015334855797158832,102.52507918793708,1156.8142482653664,837.8078608038255,5471.1706613573115,684675.6122205493,827.451274831666,0.5089416589100981,coif15
32768,0.030596454326923078,-1.589301973581314e-05,0.003207367966633885,0.0566336292906775,0.19760024682108376,105.09904180746526,992.4176437311739,712.0564991035745,4036.775801330229,344827.35267943254,587.2200206731992,0.4247069756504967,db20
32768,0.0298828125,3.202352672815323e-05,0.0029147453523480065,0.053988381642238605,0.08445266365723801,95.51040930952877,1049.7879895086674,711.2928854858087,4047.427805968192,324611.64992424205,569.747005191113,0.37533230224153524,db23
32768,0.023377403846153846,7.05476850271225e-05,0.002629944507595762,0.0512829845815916,0.1781975995757605,86.17818471044302,1084.8553855701796,741.7381169690423,4047.16338359361,332189.27569865243,576.3586346179369,0.4130311332020136,db31
32768,0.023978365384615386,-0.0001161377876996994,0.0030819973923624745,0.055515740041563656,-0.048657048324355474,100.99133252725005,1022.124815210002,704.6007990322718,3481.309484905643,228178.01253512886,477.6798221980167,0.4424639116089879,sym11
32768,0.01962139423076923,5.8949925005435944e-05,0.0022275591854284942,0.04719702517562409,0.15265657687273512,72.99277325998992,1091.690143021609,823.3704115813391,3813.6320443102436,298113.290810762,545.9975190518378,0.41088353800375144,db23
32768,0.03649338942307692,-6.442144513130188e-05,0.0014349753320329478,0.03788106825358741,0.2255038348600091,47.021407671272755,1287.2473540423282,735.3725943837637,5304.278077222898,561099.8321377499,749.065973154401,0.4792500850429275,db18
32768,0.027681790865384616,5.5322423577308655e-05,0.003222241484756606,0.05676479088974614,-0.023336807500365105,105.5865092612803,1078.8663868315073,700.2594907801315,5307.755194238012,777152.7313476413,881.5626644474239,0.41745412252596675,db23
32768,0.027501502403846155,1.6339123249053955e-05,0.0028079475649444574,0.05299007043724756,-0.0014297892474308244,92.01083455607295,1063.8487942157021,737.6389269379287,4869.287544493148,514500.6960612356,717.287038821444,0.4008149276776336,db32
32768,0.023197115384615385,-0.0002491772174835205,0.004708004277275357,0.06861489836234808,0.08996103339647528,154.27391869947314,984.0410735796738,761.5059563106984,3610.9754471193337,189484.561820554,435.29824467892587,0.43208473960430166,sym19
32768,0.03263221153846154,0.00014501716941595078,0.0034359690848867457,0.058617139855905165,-0.008565209291590218,112.59052408393472,1031.4528934510888,750.9999208895289,4942.517328631115,394550.910025865,628.1328760906127,0.45646971438214085,sym12
32768,0.036192908653846154,5.3447671234607697e-05,0.0028361221858812713,0.053255255007194094,-0.1192753920115429,92.93414539378136,1133.4184726522583,823.3809077065007,4896.532123107078,518768.23515531217,720.2556734627726,0.5122980494061212,db34
32768,0.028387920673076925,-3.0386261641979218e-05,0.003839661115546086,0.06196499911680856,0.20151322789517712,125.81804568972439,980.3994541188085,744.2582216073683,3316.3053900280993,204354.68278923412,452.05606155568154,0.4205936622841873,sym10
32768,0.030423677884615384,-0.00012344121932983398,0.003306108922625839,0.05749877322713798,0.13672121839513982,108.33507648669183,1007.3685884719029,695.904810738534,3414.4296434489515,236853.60624785614,486.6760793873643,0.39489325622048327,db15
32768,0.02334735576923077,5.8910809457302094e-05,0.002423689053279594,0.04923097656231891,0.08466994522206897,79.41955661866814,1100.6040825022774,760.6106831514093,3611.7525135105607,268460.7900793573,518.1320199325238,0.44361834424718477,db17
32768,0.02723106971153846,9.257439523935318e-05,0.004424088006779665,0.0665138181641955,0.24145220089157238,144.96879662852734,998.9712553020613,736.3118237130776,3583.639372007446,159970.392121576,399.96298843965053,0.4181522643434748,db18
32768,0.02157451923076923,-5.768239498138428e-05,0.003273625960517057,0.05721560941314054,0.13588855803949687,107.2702845018357,997.9847822248375,790.5794549925226,3963.3387022959782,204298.91560868322,451.9943756383294,0.36263440301216276,db32
32768,0.02442908653846154,-1.2127682566642761e-05,0.0026995214481945152,0.051956919156109664,0.013377285442205906,88.45792363397777,1282.203565058098,835.0020446393056,5419.219197422919,588458.4692110528,767.1104674106936,0.44311793313924147,coif17
32768,0.02674278846153846,0.00011152029037475586,0.007145820668252867,0.08453295610738375,0.08932065227649753,234.15465918555856,1138.1898008327046,785.9662358994614,5511.059559985987,811090.2666745097,900.6055000245722,0.44856022816899027,db29
32768,0.026434795673076925,-0.00011095777153968811,0.009156524809416517,0.09568973199573984,-0.0034033949480650346,300.04140838235617,1133.5984581093908,741.6597420067758,5179.946401503983,715701.9611444202,845.9917027633428,0.4408321404539037,db24
32768,0.02587139423076923,9.983591735363007e-05,0.006236110486610207,0.07896904764912774,0.00899040500074273,204.34519503079355,1058.5375496107094,744.1952815810587,4959.352932942169,476468.71962055896,690.2671364193424,0.46995000633378425,sym20
32768,0.028079927884615385,-5.059409886598587e-05,0.00658200505101126,0.08112955719718468,0.13654445207427446,215.67922538984567,1035.766179334116,803.7001134670891,3587.71074464014,236671.4551210198,486.4889054449441,0.44638992296558194,db36
32768,0.032249098557692306,6.266310811042786e-05,0.010873093824123808,0.1042741282587575,0.07484579798581854,356.28966709785163,1081.8323790131453,759.9192347179729,4518.64877564079,382720.77581532806,618.644304762703,0.39073405635724145,db26
32768,0.02517277644230769,4.919338971376419e-05,0.005120774396550183,0.0715595863357956,-0.05249457925394881,167.7976147243753,1089.4241048584684,791.3531833368397,4495.238785371784,511819.3985475633,715.4155425677885,0.4676642980476862,sym19
32768,0.027020733173076922,-5.3180381655693054e-05,0.005969994718873656,0.07726574091325117,0.0536323637143458,195.6248796209693,1073.7285509759938,807.3902122627721,4397.178755685959,314118.80184167903,560.4630245089136,0.45369088609275454,sym20
32768,0.026194411057692307,7.036328315734863e-05,0.007483240435433025,0.08650572487086057,-0.05468481192855126,245.21098482236266,988.767334321905,771.9573660462281,2862.499511785515,102168.3018652696,319.63776664416486,0.4730661462102381,db19
32768,0.02889873798076923,-0.0001378525048494339,0.004827907120794667,0.06948314270954263,0.025091769104983667,158.20148323476315,1142.7622200998217,842.5064609755703,5045.757998209757,390661.98447215225,625.0295868774151,0.49881330005197105,db18
32768,0.026502403846153846,-8.491240441799164e-05,0.006486805167258493,0.08054070503328421,-0.06459943692792557,212.5598679818213,1102.6269650979063,904.7902007923175,4905.648031776771,295760.01653783483,543.8382264403955,0.5014604100755669,db34
32768,0.03489332932692308,9.896326810121536e-05,0.0022464308267107825,0.047396527580728764,0.33524570564958234,73.61136625055224,1216.0129680851473,908.271368634074,4911.979205320559,331940.5816411399,576.1428482947089,0.4650204986974711,db34
32768,0.030393629807692307,-5.914643406867981e-05,0.002859723294832514,0.05347638071927189,0.1194587997594636,93.70752755738795,1066.353262871253,708.439678020847,5076.866380038797,459226.336455044,677.662405962618,0.410956647730673,db18
32768,0.03037860576923077,5.4786913096904755e-05,0.003179809230385417,0.056389797218871225,0.10030471249763787,104.19608721788973,1025.7790155058026,720.1581910177674,4638.422875113082,346402.45858358074,588.5596474305563,0.37998164766928555,db15
32768,0.024226262019230768,-2.197548747062683e-05,0.0022809392546801893,0.04775917979488539,-0.21067065549545533,74.74183332175016,1163.8036216179132,767.1481178525609,5388.154300540251,686116.0903562756,828.3212482824979,0.44300185250094454,sym19
32768,0.027584134615384615,6.028730422258377e-05,0.006929175919632427,0.08324167177341182,0.2584340449845429,227.05535563174635,1039.6451981194737,700.4803114860235,5382.0999784296055,579171.2760455122,761.0330321645126,0.36447347510855005,sym12
32768,0.030634014423076922,-0.00013012997806072235,0.006802480137039485,0.08247714918108824,0.12909398223869478,222.904224017635,1163.8195334406855,836.8992135510559,5277.473242421988,463221.3339257816,680.6036540643765,0.47385267876057474,db33
32768,0.03456280048076923,0.0002429978922009468,0.008099399907821832,0.08999666609281608,0.20150451867609803,265.4030710635707,1220.0361535420225,845.1021259849791,5294.945740866581,705939.7751927265,840.2022227968256,0.5232849499732922,db34
32768,0.02550330528846154,-5.992967635393143e-05,0.012297587660214096,0.11089448886312654,-0.05985094803110364,402.96747013833374,1093.4791723118028,806.0573600921817,4879.808471554118,378690.004290306,615.3779361419339,0.39118700589384486,coif15
32768,0.02637469951923077,-2.1675601601600647e-05,0.007375705491349051,0.08588192761780007,-0.288047249608288,241.68713293597102,1026.921615231421,774.886583977916,4391.90345714865,298342.03690345824,546.206954279656,0.4359455643611603,coif15
32768,0.0279296875,0.00014819763600826263,0.004929667499648205,0.07021159092093132,-0.18479035027010143,161.53606429696083,1092.4723216740613,691.074551866891,4478.98127820787,506364.4768282109,711.592915105407,0.4513529488521493,sym19
32768,0.02499248798076923,4.2747706174850464e-07,0.0061845060250951345,0.07864163035628861,0.1776446034836804,202.65389343630522,990.275709432766,716.8012496881494,4125.177411866349,436899.5381476167,660.9837654191037,0.42576376310621866,db20
32768,0.023760516826923078,-6.168056279420853e-05,0.005187912526149147,0.07202716519584224,0.0002131049234246039,169.99764232244343,965.4702744447228,685.5662434088279,3959.2424570741537,383983.829201709,619.664287499053,0.3231128532477008,db18
32768,0.029462139423076922,8.728913962841034e-05,0.003374091318119383,0.058086928978208024,-0.09548046533663525,110.5624739844352,1160.8780032787597,880.4323642609825,3659.8259340432205,212745.89268148676,461.243853814321,0.49034844873466277,db33
32768,0.027569110576923076,-5.674269050359726e-05,0.0068556858922965685,0.08279906939269649,0.0953953116252966,224.6472208229825,1060.2862687967988,806.7608305077725,3835.3244120542795,307300.0116028491,554.3464725267485,0.4199172849476077,db34
32768,0.026239483173076922,-0.00010422617197036743,0.009496002007234272,0.09744743201970113,-0.08646277022130591,311.1653497349471,1022.2003834002239,746.9192702457128,3863.0614134564935,224258.2950276269,473.559177957335,0.44266114396129863,db34
32768,0.027666766826923078,1.9962899386882782e-05,0.005944879909163127,0.07710304734031675,0.05939127846864667,194.8018379220739,1002.7891389813931,782.6375576240808,3208.1542428868947,141010.80591116057,375.51405554407756,0.4740421440642589,db34
32768,0.028973858173076922,-4.428718239068985e-05,0.007531951026123028,0.08678681366499767,0.15041019217692234,246.80703549366444,1102.811097839503,830.2639226694481,5232.152688504184,525239.3875456932,724.7340115833485,0.4560459717565993,db24
32768,0.030701622596153846,-4.795752465724945e-05,0.008101446415725267,0.0900080352842193,0.08313576953737109,265.46827151440084,1042.6798798844038,770.8223836526261,5161.589111096948,433388.40334595565,658.3224159528185,0.41821204065318385,db37
32768,0.026029146634615384,1.8812716007232666e-05,0.005936492757587286,0.07704863890807732,-0.06224587935521911,194.5270062778145,925.722305296501,794.0571379528981,1505.930709472217,10938.30302359401,104.58634243338855,0.47039889546278063,db34
32768,0.025961538461538463,-4.1126273572444916e-05,0.006829090903329281,0.08263831377351114,0.04524968686319461,223.77570614311844,977.4310190860162,814.8708777985813,2650.8744795462567,61421.11518989186,247.83283719049794,0.4616320509655523,coif13
32768,0.02733623798076923,4.502944648265839e-06,0.007873181824651956,0.08873095189758733,0.012241674618687175,257.988422694616,1063.7069279093932,751.232891881812,4787.106756311956,373199.51944777835,610.9005806575882,0.47270619678752723,db19
32768,0.031978665865384615,6.376765668392181e-05,0.005678844307035826,0.0753581071088959,0.12909892438046913,186.08450349792838,1132.4198855357415,867.9292184665007,4761.500961983043,332707.7072137768,576.8082066109816,0.4992617605763436,db34
32768,0.026307091346153846,6.448943167924881e-05,0.007000747327344339,0.08367046866932405,-0.06646338165254086,229.40062470082194,1126.5674497401844,887.2315540989952,4772.147806614362,329945.9365050803,574.4092064940119,0.5092537295142459,db19
32768,0.03449519230769231,-9.365938603878021e-05,0.0027622226198176464,0.05255685131186653,0.2555483025810555,90.51279824972153,1292.1476461234142,951.5223418989016,4527.497078189425,356730.32984313794,597.2690598408208,0.4429600199987234,db17
32768,0.03221905048076923,-6.764661520719528e-05,0.002894759422959004,0.05380296853296297,0.20506127628787663,94.85562672000378,1090.6994745756588,761.8754017486954,3964.6474488920535,331072.48463304725,575.3889854985471,0.3980726388356373,db23
32768,0.030461237980769232,5.823187530040741e-05,0.0035272336671570105,0.059390518327061353,0.1178863694386661,115.58050392009318,1074.5037088021704,686.4965070425352,5011.579777693548,614714.1883684937,784.0371090506454,0.34871641464843645,db18
32768,0.024932391826923077,-0.00011204089969396591,0.00420188923168993,0.06482198108427364,0.0173813235516387,137.68791768606752,1043.863698506174,702.147674968393,5083.812428588938,487007.80702116824,697.8594464655245,0.4154872653240354,sym19
32768,0.02576622596153846,7.721688598394394e-05,0.006934613430986168,0.08327432636164743,0.15738999508804558,227.23360828403383,1024.9084601553054,733.406292130626,4591.773025667863,395360.6880556866,628.7771370332151,0.3785270073493922,db36
32768,0.032166466346153846,2.2059306502342224e-05,0.005872357947362928,0.07663131179461126,0.15485120529176802,192.42544116452336,1176.344356005416,846.0582619106254,4655.893779095934,502404.95648892544,708.8053022438005,0.47689891121837674,coif17
32768,0.03592998798076923,-0.00017449818551540375,0.0063727661367737,0.07982960689351852,0.11431599816716967,208.82379854284227,1205.876212055726,859.169509295594,4757.09284903735,534776.6227085278,731.2842284013295,0.5282305243385585,coif17
32768,0.027644230769230768,5.0419941544532776e-05,0.011698157746631268,0.10815802210946383,-0.2360544296949166,383.3253163434565,1139.3976129397638,821.3616042206311,5127.7114287185495,663935.1524096648,814.8221599893224,0.43118840983049966,db34
32768,0.027486478365384617,-0.00013764947652816772,0.007589994353235985,0.08712057365075132,-0.2482050518047726,248.70955583453178,1125.2846361429379,781.0370400580234,5493.296983838071,582486.8452847414,763.2082581345287,0.43740041086313386,db34
32768,0.027877103365384615,0.00019272882491350174,0.00363615501693775,0.06030053910984337,-0.1976954511479736,119.15074474271387,1052.501297553914,744.3565347956237,4123.039012860443,337157.82740355097,580.6529319684445,0.45599356695784377,db15
32768,0.026307091346153846,4.2702071368694305e-05,0.0056165743914522795,0.0749438082262456,0.10857280628165927,184.04396941047162,996.8441162032309,730.1638861527155,3984.017678159585,347919.5256378329,589.8470357964283,0.4224773543548466,sym12
32768,0.023572716346153846,-5.420111119747162e-05,0.007887754808244352,0.08881303287380941,0.14907301031046827,258.4660458210856,1054.2545728441783,730.0236449271258,5727.840247762735,682904.1365165224,826.3801404417476,0.3389423465610425,db20
32768,0.031497896634615385,-0.0002101333811879158,0.009648535735906674,0.09822696033119764,0.14681771887704567,316.1646658992395,1279.9649536749612,933.9231106848065,5402.658370526953,450007.8276471534,670.8262276082781,0.5282425478268102,db37
32768,0.029995492788461538,5.607679486274719e-05,0.006733259161790667,0.08205643888075248,-0.1993515856332908,220.63553925603628,1147.233668983449,841.5161735275223,5211.682073117718,426764.1087335951,653.2718490288672,0.49645572688114004,db18
32768,0.029139122596153845,0.00017920415848493576,0.01099824335840043,0.10487251002240973,-0.13998645510742794,360.3914906838909,1127.273055061328,858.5043847344957,5165.571146184477,414937.4408948456,644.1563792239006,0.4905774340111481,db26
32768,0.029815204326923077,0.0004622451961040497,0.013553016062228238,0.11641742164396288,-0.20486304660197882,444.11223188601434,1222.0734631085986,923.0345520199199,4337.647416095526,238189.74761995435,488.0468703105823,0.4924891157399098,db34
32768,0.029710036057692308,-0.000497700646519661,0.01425293901161994,0.11938567339350203,-0.17744858645672712,467.04842236079276,1183.2973194283122,846.5472813537802,4250.959123598129,279177.426581706,528.3724317010739,0.5317574558150403,db19
32768,0.022633713942307693,9.202677756547928e-05,0.012963069686779063,0.11385547719270717,-0.1147494003555777,424.77414500620216,1099.7408044531192,901.5502001362988,2974.6659701373683,75941.52851273358,275.57490544810787,0.4330257163427706,db34
32768,0.02979266826923077,6.769783794879913e-05,0.008597477048514261,0.092722581114388,0.02701531973311613,281.72227810136974,1130.5637204976244,933.992430731185,3928.937294345169,167231.96024785115,408.9400448083449,0.48705147513030167,coif16
32768,0.032789963942307696,-0.00010922830551862717,0.010379466414477003,0.10187966634455083,-0.16644610998941498,340.1147464187816,1172.8316988235697,846.146620001846,4027.010976786743,299672.7193968873,547.4237110291143,0.5070690773252213,coif13
32768,0.03576472355769231,-3.414321690797806e-05,0.00407004106075682,0.06379687344029344,0.4341732020673911,133.3671436784789,1285.665732584885,1016.2728655426099,3704.774890068193,248514.9912641178,498.5127794391211,0.5337108148596995,db19
32768,0.025,2.067163586616516e-05,0.021060542818791418,0.14512250969023177,-0.11716195162633292,690.1118810884655,1111.974843548637,757.170347044537,5095.112549808391,432083.66987653595,657.330715756183,0.5263669978671003,db35
32768,0.02235576923076923,-6.254110485315323e-05,0.011213903710120291,0.10589572092450332,-0.22240470324996037,367.4573249416426,1227.005473062897,939.5236708749196,5246.7912928512815,393292.30299375445,627.1302121519537,0.44045324665499513,db18
32768,0.03076923076923077,-0.00015894044190645218,0.008855393437248095,0.09410310004058366,0.04706785856099922,290.1743599390611,1211.2189889906388,943.8560260605794,2761.3221099740554,75867.8629933745,275.44121513196694,0.5265520370726253,db37
32768,0.03137770432692308,0.000131191685795784,0.007308030610166711,0.08548702012683979,0.02802242025917829,239.4701110124588,1201.5725753314177,922.3089768961644,5103.297045308643,425522.74190859724,652.3210420556716,0.4940672650871653,sym20
32768,0.030588942307692307,-9.017903357744217e-05,0.009722482328885609,0.09860264869102457,0.020601964863012103,318.586567430757,1200.5542879052862,891.1639450966221,5136.68070081102,552971.7061656098,743.6206735733009,0.4939141674536037,coif17
32768,0.031017127403846153,-9.83821228146553e-05,0.014678196808290002,0.12115360831725154,-0.0971286062835452,480.97547017689794,1208.656100911015,859.1921984767232,4020.756352138526,253922.02971559463,503.90676688807685,0.48643558079628824,db35
32768,0.02634465144230769,0.00026704277843236923,0.022027897731746106,0.14841798318177654,-0.13364231457180778,721.8124896204099,1105.3616571306281,801.0412101031131,3866.53564573776,238693.0413540261,488.56221850858066,0.5070163148498211,db25
32768,0.026817908653846152,0.00012741610407829285,0.010411289717254675,0.10203572765092958,0.02952806480086535,341.157673439011,1182.496112349942,915.7198197128677,3905.3922380732365,173209.24562510528,416.1841486951483,0.5096671693935434,db35
32768,0.029507211538461538,-1.3280659914016724e-05,0.009718678557087619,0.09858335841858716,-0.11606934135384793,318.46166473813355,1128.111717492628,939.5445191030223,3437.9284103903137,127756.58267094565,357.4305284540559,0.4854029804832768,db36
32768,0.034592848557692304,-0.0002645617350935936,0.00983893733332343,0.09919141763944818,-0.13470444532244266,322.4045920660719,1174.8561349720194,899.536875296014,3593.852580555818,183144.55585025268,427.95391790501543,0.5161651899860901,db35
32768,0.03373647836538462,-0.00030261091887950897,0.006974121115164817,0.08351120353081266,0.042364372897131894,228.53100137785077,1261.7433681619707,892.529236814818,5097.6070559839945,411843.6406384768,641.7504504388578,0.5840939997659791,db34
32768,0.02607421875,0.0004464210942387581,0.017757966961550763,0.1332590220643644,0.303238131259927,581.8995917895809,1249.7334447995067,856.8867245553351,5034.46937741085,589531.4143589714,767.8094909279068,0.5455457917337391,db34
32768,0.02101111778846154,0.0001095551997423172,0.009719096418710375,0.09858547772725136,-0.24085222550260116,318.4757447410375,1227.7891115144273,988.7165415228878,4691.03637679049,318948.68081207946,564.7554168063193,0.3997476434561492,coif17
32768,0.024361478365384614,-0.00019722431898117065,0.0025496246232785125,0.050493807771631885,-0.21696914630677588,83.547374246642,1086.4854956936688,851.1113600708396,2897.759471699207,109778.25149107358,331.32801193239544,0.452091066033606,sym20
32768,0.021724759615384615,-1.7265789210796356e-05,0.002414398016079406,0.0491365242572102,-0.05641608464790416,79.11500395927578,1100.3163001293271,771.3993306261478,3053.5035884087865,179932.182219648,424.1841371617378,0.4128105154158571,db31
32768,0.020658052884615384,3.8675032556056976e-05,0.0017200227483638434,0.04147315696162813,0.07603532889720013,56.36175443138927,1207.2405262743341,788.7264145093009,5003.321026765061,421144.8891628418,648.9567698721092,0.4431719030597449,db23
32768,0.025578425480769232,8.55540856719017e-05,0.001994728052435819,0.044662378490579954,0.015585746005968591,65.36348866764456,1113.3938244372305,819.8155962228302,4656.228247246906,307472.9688409206,554.5024516094772,0.46992223805727107,coif11
32768,0.03427734375,0.00010173488408327103,0.0028926558137873986,0.05378341578765148,0.0893231317758389,94.78688485454768,994.9895329278214,808.7544412558009,2158.8830629092295,45789.48551053512,213.9847786888944,0.4509772513571812,db15
32768,0.02882361778846154,-0.00013134442269802094,0.0014159644324485928,0.03762930284297854,-0.08827989053863003,46.39888781495392,1202.2130752227174,802.101147932848,4631.556766415916,327291.6105262447,572.0940574121048,0.44974046634986137,sym19
32768,0.028252704326923075,0.00010852143168449402,0.004371138020847194,0.0661145825128405,0.1360614917282774,143.2338365726173,1035.367957677137,654.075042924232,4129.544401932245,245921.9147745076,495.90514695303136,0.4631975050526994,coif12
32768,0.027531550480769232,2.5775283575057983e-05,0.00457426582257557,0.06763331887890443,-0.160981196421843,149.8895642440766,992.3421936918222,697.6676098709048,3627.8325528062383,198334.91623598096,445.348084351983,0.43185349581898075,coif15
32768,0.026021634615384617,8.614175021648407e-05,0.005691910631124003,0.07544475217749744,0.018490649171353908,186.51277071237564,1029.6780357645175,644.3640108761917,4131.578041097087,420819.97161127493,648.7063832052795,0.4003812999636661,sym18
32768,0.027569110576923076,2.1047890186309814e-05,0.004870785433093994,0.06979101255243396,0.17660541414567413,159.6059115882963,1108.979200320052,668.4989957406891,4587.735686036976,556724.7697011497,746.1399129527582,0.44970466130860337,coif15
32768,0.021784855769230768,-0.0001989779993891716,0.0031160983725938753,0.05582202408184314,0.3185175181455873,102.10960883181542,1226.8433995704966,710.7117432665898,5026.668114291812,623852.5672717239,789.8433814825088,0.42377291104382053,coif15
32768,0.022228064903846153,1.3482756912708282e-05,0.0017211756127442827,0.04148705355582971,-0.1567666858816135,56.39948843512684,1211.6860316215916,881.6471763437322,5044.236805705043,470321.03234702285,685.7995569749392,0.43283632021706747,db37
32768,0.02333984375,-1.3216398656368256e-05,0.002147254359193577,0.046338476012851106,-0.09628330477763818,70.36123656574637,1132.1405442597961,749.752689043175,3376.377924719968,205185.5812105744,452.97415070903816,0.4061891113840998,coif16
32768,0.026539963942307693,-1.429673284292221e-05,0.001917281474147643,0.0437867728217968,0.0818990947408164,62.825486042536795,1147.097607993196,796.5918542249448,4864.49274910363,373211.18313607416,610.910126889442,0.4510709270136565,coif16
32768,0.02490985576923077,4.3490901589393616e-05,0.002269088469922155,0.047634950088376864,-0.03187272578803135,74.35355296172202,1245.5572941696848,791.7678446291685,5200.596485034528,715865.3206250186,846.0882463579189,0.45485623709189127,db34
32768,0.03122746394230769,-3.544706851243973e-05,0.002679968221855919,0.051768409497066056,0.026513333299931344,87.81723986659199,1128.3823564627035,815.8005807549563,5047.760470533848,714599.5311109681,845.3398908787921,0.44189797956941446,sym16
32768,0.029860276442307692,3.2553449273109436e-05,0.002390177731176914,0.04888944396469359,0.14508643851851327,78.32137862034142,1149.5262122628885,797.4545173499473,4624.640978267193,434077.81054957025,658.8458169781229,0.4686740951876755,db21
32768,0.028951322115384617,6.381701678037643e-05,0.002502665676977273,0.05002664966772483,0.19892944309332364,82.0074823545292,1214.2087150801137,782.9967727352592,5451.309007315262,637513.3645661086,798.4443403056399,0.4769064712558133,db16
32768,0.02481219951923077,-5.4562464356422424e-05,0.004324028349228815,0.06575734445085822,-0.10611126118723888,141.6898584999144,1153.4462588105034,667.2868478075053,5500.886361779921,856603.1965360305,925.5286038454082,0.41292715075682657,db34
32768,0.027982271634615384,3.245845437049866e-05,0.005358342011773527,0.07320069679841529,0.1779771956320699,175.58218556456268,1112.7957823164347,665.6697922188847,5292.123369757864,772323.7388457523,878.8195143746823,0.43313456103221887,coif17
32768,0.02804987980769231,8.78702849149704e-06,0.005122836110000119,0.07157399045742886,-0.02111119626056537,167.8650961825624,1115.4165158799474,689.4489473555551,5503.470068557471,724873.6655817981,851.3951289394355,0.417859874890651,db18
32768,0.02540564903846154,-9.455997496843338e-05,0.0023517930926235026,0.04849528938591358,-0.26728152948306994,77.06384905707091,1204.5692851761858,720.6128851699668,4444.189346797848,422864.44663940533,650.2802831390518,0.4680602152616803,db32
32768,0.023497596153846154,3.490876406431198e-05,0.0016971526489600376,0.04119651258249948,0.22272231502213435,55.612337932921946,1325.7920420458481,1015.2581713719057,5204.537691328209,516858.36652897415,718.928624085155,0.36392507622154335,db36
32768,0.03173828125,-5.414150655269623e-05,0.002021233421031467,0.0449581296433856,-0.14836328940893861,66.23187279328704,1192.061530401122,964.4731207213829,2745.325815255076,92075.5188371862,303.4394813421388,0.5123497182919087,db15
32768,0.02637469951923077,9.050499647855759e-05,0.004832893500758252,0.06951901538973529,0.19268398512719137,158.36452264059335,1093.4455806872406,794.5492928934922,4731.599808279444,368625.6624249479,607.1455035038535,0.46214670076247777,coif17
32768,0.024782151442307693,1.96751207113266e-05,0.0019626821197040417,0.04430216834088419,-0.1466003698652623,64.31318038329482,1251.1763511352744,912.553651963781,4707.8819384997705,374245.36458327144,611.7559681631814,0.4090763503588197,sym15
32768,0.025939002403846154,1.751817762851715e-05,0.0012302648925807918,0.03507513211066769,0.0012967459051899438,40.31333005614579,1296.3544110750024,813.4913339113527,4249.172810895239,329358.5623084438,573.8976932419608,0.4912227108356906,db21
32768,0.02736628605769231,2.3135915398597717e-05,0.0023278869643047722,0.048248180942961696,-0.2788138573422152,76.2802175860852,1128.9705807115417,774.8006428611634,4291.311731615469,410590.6365178976,640.7734673953796,0.4204164483535097,db32
32768,0.024661959134615385,-1.9497238099575043e-05,0.00261045271815681,0.051092589659918496,-0.2247939694313571,85.53932712506503,1201.2626580034218,886.1205533479358,3824.4487726801563,274611.5175403102,524.0338896868315,0.4489251899573916,coif17
32768,0.029740084134615385,-1.2543052434921265e-05,0.0030479908193827704,0.05520861182263842,-0.07811192852193045,99.87656832486391,1271.8987976388885,997.3603335993142,4090.5342508994518,249147.42568657204,499.1466975615205,0.5219559498306895,db34
32768,0.026622596153846153,-9.153969585895538e-06,0.00660435625402215,0.08126719051389773,-0.027977292431001343,216.41154847759753,1149.3258530947123,881.0839651878421,3535.523836173091,218618.8660261232,467.566964215954,0.41828796742431895,db34
32768,0.02276893028846154,0.00011866353452205658,0.0018668177917688061,0.043206686887203076,0.0578277062611112,61.1723468080163,1221.3550732003657,890.2305847651677,3556.1249947576357,154144.0735471151,392.61186119005004,0.46799270195667597,sym12
32768,0.022798978365384616,3.4253112971782684e-05,0.0011594309020219245,0.0340504170609102,-0.15999227666795135,37.99227024335414,1223.909462002872,836.9387242835693,3051.6959014628533,119544.63860370629,345.75227924585874,0.47971656811936303,db31
32768,0.021747295673076924,6.662867963314056e-05,0.0018275090781449082,0.042749375178415275,-0.05379875815240351,59.883962942287326,1130.8979518673405,800.2347773479834,4450.122737458619,356127.3225037989,596.7640425694219,0.4066303230223049,db23
32768,0.02243840144230769,5.351845175027847e-05,0.00170740092070938,0.04132070813417142,-0.06537527193528984,55.948207224719226,1244.4989080553485,866.3082321805708,4930.247834786361,590192.311891169,768.239748965887,0.4125388039734995,db15
32768,0.022393329326923075,-5.496107041835785e-05,0.0018585863152762133,0.04311132467549812,-0.18525419184357533,60.90225536189973,1262.4022921030821,782.7270340909886,5109.068398873864,710793.8639377337,843.085917292973,0.41473015384438366,db18
32768,0.02666015625,-4.874076694250107e-05,0.0015212206860954745,0.03900282920629572,-0.02524733305489226,49.847437287680805,1194.2444517675603,820.9868903689347,4472.115444829971,332472.1344843904,576.6039667608873,0.45133158369824716,coif12
32768,0.027959735576923078,-6.888993084430695e-06,0.0034757689639153613,0.05895565251878196,0.03934225231717662,113.89399896468967,1095.38707794806,770.3452038391565,3857.8184868883045,201587.9678125867,448.98548730731454,0.44013763099537945,db18
32768,0.03257211538461539,1.628044992685318e-05,0.004404468357997611,0.06636616877594796,-0.0541259206825089,144.32562784012407,1058.8670313725115,767.9733770490051,4155.404999032297,411195.08948909136,641.244952798142,0.4291941190246478,sym19
32768,0.027786959134615385,-1.8730759620666504e-05,0.004923513277670599,0.07016775098056513,-0.0409423360116032,161.33369457907975,1095.1301968865082,830.7984217222931,4177.292522763576,352279.22791156935,593.5311515932161,0.4553780263703162,db35
32768,0.03496844951923077,0.0001353072002530098,0.004878744581451522,0.0698480105761898,0.14606268015385063,159.8673023628071,1185.9823331018342,848.4509379187353,4846.809236385215,434423.29738133744,659.1079557867114,0.44740870652977477,db37
32768,0.028455528846153846,2.7377158403396606e-05,0.004822119064130089,0.06944147942066103,-0.16963964664085446,158.01122205331922,1236.2040843628304,843.5403885186823,4921.071914645388,552971.3469167914,743.6204320194486,0.5139280562660014,db35
32768,0.031580528846153845,-6.295181810855865e-05,0.0030865443372575475,0.05555667680178097,0.11521732615008255,101.14001470059156,1277.3885449445893,869.2783818385444,4903.346908893536,511366.1420590794,715.0986939290823,0.5779097681556239,db22
32768,0.02725360576923077,-0.00010923109948635101,0.0038275807508517342,0.06186744500019161,0.13291629356163498,125.42255701310933,1272.8081996911035,864.1135483809784,4993.129946255424,575387.874239137,758.5432579880577,0.4607939823709275,db34
32768,0.02559344951923077,-0.0001279721036553383,0.00676561427842126,0.08225335420772371,-0.29286175728091957,221.69618531223387,1171.8729810495727,810.55981440147,4614.104443074488,373286.2607136278,610.9715711173702,0.47115022093896164,db19
32768,0.030310997596153848,0.00014327187091112137,0.006394113954155808,0.07996320375119927,-0.10236351908546923,209.52299867291003,1351.8247600712518,1026.4740517261553,4751.907677464186,548266.4842855459,740.450190279904,0.44546438551304973,coif16
32768,0.029845252403846154,-0.00011586584150791168,0.012253674761142329,0.11069631773976192,0.06991594279533593,401.52885448001325,1178.1191686124337,923.7880593008339,4868.795831621637,345378.15219278383,587.6888225862253,0.4754693265184624,db28
32768,0.03465294471153846,-8.012820035219193e-05,0.012731669737000191,0.11283470094346061,0.1463468633441328,417.19156432989985,1058.33960850201,915.5668648325112,2749.6074027199525,62593.88597926509,250.18770149482785,0.472931631471673,db36
32768,0.03298527644230769,0.00010247156023979187,0.01156658102653672,0.10754804055182372,-0.022784376100784657,379.0140711553395,1213.897269218394,889.720569831963,3919.318229270308,213210.63238754743,461.74736857674395,0.5391515175189735,db30
32768,0.028042367788461538,0.0003237966448068619,0.01740134739737561,0.1319141667804319,-0.23280659789783545,570.2107870541513,1222.0063564082106,958.0778905689344,4121.723586949732,346000.82590756443,588.2183488361821,0.5248107804821539,db36
32768,0.026607572115384615,0.00010079331696033478,0.018677044314860718,0.13666398323940626,0.1675545560411321,612.0097210090607,1181.6008412583515,868.9816614772526,4387.0421911861695,305406.96292218316,552.636374953896,0.47207244460721803,db36
32768,0.03254206730769231,-0.0002026781439781189,0.012802320001561396,0.11314733758052549,0.09103415360598846,419.5077678691596,1156.0655638170203,945.9780391750631,3206.086772520409,126246.29902876393,355.3115520620796,0.46999327540600516,db27
32768,0.03487079326923077,-9.119044989347458e-05,0.012043513667048898,0.10974294358658737,-0.2508835100793263,394.6421283306554,1164.0353586775745,907.757244298854,3052.4671612182983,111536.74850440217,333.9711791523367,0.5138710000146627,db34
32768,0.03466796875,-8.09328630566597e-05,0.008055864552456113,0.08975446814758646,-0.149044198226133,263.9747842894867,1232.3222092125309,912.6228523102708,4105.337403203015,281362.221355876,530.4358786468691,0.5154211691120536,coif17
32768,0.029702524038461537,-0.00029360223561525345,0.023083383634461843,0.15193216787258004,0.08135968268271623,756.3991396101192,1195.1464364241474,891.3543910879455,4568.336166011032,371164.7536407276,609.2329223217731,0.5212568486994364,coif16
32768,0.021334134615384616,0.00021831411868333817,0.011565851788666558,0.10754465020942026,0.23778703147013852,378.99139316845685,1279.810562067541,958.5713020174508,4547.883370541705,442812.6144087069,665.4416686748035,0.44095390557945996,db33
32768,0.034247295673076925,-1.5665777027606964e-05,0.014901151039173676,0.12207027090644829,0.12559993357423205,488.28092529345304,1253.3277083340402,946.1819234545658,4389.602820153788,322811.9502391971,568.1654250649163,0.46753448776306966,db36
32768,0.034254807692307696,-0.00018098670989274979,0.008022773835564647,0.08956993823579788,-0.19167637786966324,262.8913263985887,1150.3881739020987,911.4997918287236,3306.9487043964987,134275.5219244427,366.43624537488466,0.4820515020597521,db34
32768,0.031986177884615385,4.016514867544174e-05,0.011121501729922807,0.10545853085418366,-0.14137804555620037,364.4294215487316,1159.2325505704532,918.7095278421175,4659.673265675009,312991.9130462525,559.4568017695848,0.5047231405179066,db28
32768,0.03017578125,-8.766353130340576e-05,0.01745727993618984,0.1321260002277744,0.1145444338186567,572.0404007676989,1204.6337462667104,934.0227099699397,4705.581225750708,288258.09240563906,536.8967241524566,0.5246207046713741,db35
32768,0.026938100961538463,-8.607655763626099e-05,0.025811469439727057,0.1606594828814255,0.10526268364081032,845.7904733847827,1165.858659371006,880.4395301807205,5493.402699190429,470633.9936482206,686.0276916045158,0.48869528805171447,db34
32768,0.03212139423076923,-0.0001484910026192665,0.012887940732140583,0.11352506653660496,-0.11264795288640968,422.31276443134993,1234.072847736099,917.7795377237493,5351.051125537968,452234.34007009177,672.4837098919883,0.5197339905250812,db34
32768,0.03358623798076923,0.0003518480807542801,0.006432904950479429,0.08020539227807211,0.2368908224555766,210.797485999763,1202.4665225789713,994.4660115845643,4855.005963758424,327126.99045535736,571.9501643109803,0.5080138781678692,db34
32768,0.03412710336538462,-4.307646304368973e-05,0.012830326207379247,0.11327102986809666,0.08152186330074869,420.4241899671033,1232.6754693246894,954.3616187447113,4812.2288103446135,556444.0626071572,745.9517830310194,0.48753616007742023,db27
32768,0.03182091346153846,-7.82553106546402e-05,0.014422607913009165,0.12009416269331813,0.08336550448379909,472.6002167612314,1286.2381726966073,908.204428608787,4916.680065618422,611075.3607227858,781.7130936109397,0.5141047040845022,db32
32768,0.02527794471153846,-2.0332634449005127e-05,0.01861926331327529,0.1364524214269402,-0.05994254965736433,610.116033796221,1284.1088402669009,862.9730503760671,5274.563258078564,618948.1988122842,786.7326094755982,0.5007982918136702,db38
32768,0.031497896634615385,8.876249194145203e-05,0.006782530471641441,0.08235611981899973,-0.12064168432866533,222.25021666660905,1302.0083140780926,929.8900569410418,4957.400120445359,477923.46951717156,691.3200919380049,0.47009978372840805,coif17
32768,0.02771935096153846,0.00010025408118963242,0.013428583052674135,0.11588176324458536,0.12933019374194496,440.028138817288,1175.2506740891126,926.4423928400529,4267.585913090363,266789.30782737833,516.516512637668,0.443374507386164,db34
32768,0.030896935096153846,6.902031600475311e-05,0.007600958975915168,0.08718347880140576,0.08766449421461413,249.06837982311845,1143.3287687431841,929.8435909441565,2987.2301821023957,123334.03536166053,351.1894579307023,0.45839917219274806,db36
32768,0.03368389423076923,-0.00010417681187391281,0.004104724579513016,0.06406812452002178,0.04799207255364446,134.50397064629942,1242.1296966343205,964.2211431961492,3239.305257033261,169861.30724459296,412.1423385732082,0.5420991929168385,db34
32768,0.03995643028846154,-0.00014600902795791626,0.007130349615783016,0.08444139752386276,-0.03651995303739957,233.64799477905035,1128.365285999052,887.2709521854665,4088.773415776901,311672.96677931136,558.2767833067317,0.4885079821470055,coif17
32768,0.030911959134615384,9.67634841799736e-05,0.017645775448092905,0.13283740229352917,0.10456235309983847,578.2170766955242,1159.0065727758456,884.9325058737677,4454.045076150399,456944.6289526535,675.9767961643754,0.44190978107738044,coif16
32768,0.032384314903846155,-0.00020858272910118103,0.006681484104096509,0.08174034563235287,-0.01408721799704451,218.94029675237834,1227.895001688635,974.9163147217703,4462.402920919573,287854.8359176092,536.5210489045227,0.5320220112115601,db35
32768,0.04153395432692308,3.9667822420597076e-05,0.005029647320473006,0.0709200064895161,-0.020867764723559164,164.81153495889157,1218.355404211172,853.8904924928801,4855.390250622936,327320.5423825381,572.1193427795796,0.5178791206147795,db34
32768,0.02830528846153846,-5.978904664516449e-05,0.011888448779227644,0.10903416335822293,0.1339394764990933,389.5608067344874,1208.8801668281312,881.5162646115148,5033.350128223195,483914.7808867302,695.6398356094411,0.4411136008626575,db36
32768,0.033135516826923075,7.492862641811371e-05,0.010645797034510818,0.10317847175894213,-0.18199397504478665,348.84166119620204,1257.6595533577988,964.8660581860976,5166.448188689795,587437.4712655948,766.4446955035926,0.4823136522464867,db34
32768,0.03545673076923077,5.539506673812866e-05,0.00761814285672141,0.08728197326321976,-0.1413783257052616,249.6314056813717,1295.7493054703439,976.1328693146405,5109.624274059666,430612.4855587725,656.2107021062461,0.5100198133532908,coif13
32768,0.0345703125,6.980914622545242e-05,0.002610025984051987,0.051088413403158124,0.10763285320499161,85.52549113426358,1256.2165260220836,1002.2619103328581,3873.6447278501923,292879.49029107206,541.183416496729,0.47196442084693957,sym19
32768,0.03682391826923077,0.00011846143752336502,0.01133662568403109,0.10647359148648593,-0.010086859106083904,371.4790102513507,1141.8673270970553,913.0992345228614,3974.980764272984,314534.24054111715,560.8335230182992,0.4677592904204053,db35
32768,0.03510366586538462,-0.0003608632832765579,0.021006856078196794,0.1449374212486092,0.12143874951978875,688.3569270949811,1138.5509699070421,870.2734701182948,4251.966186916473,347180.6119137181,589.2203424133608,0.4558521747811903,db34
32768,0.030108173076923078,5.4389238357543945e-06,0.005756627098411959,0.07587243964979615,-0.03797041096110195,188.63315773010254,1263.0344806673518,956.6135682214287,4312.230288760308,398340.95021982014,631.142575191866,0.5440542276170854,db36
32768,0.028440504807692307,2.9194168746471405e-05,0.005123704310147378,0.07158005525387207,-0.2699023943431121,167.89357076305896,1170.6479449026967,937.345782594837,4115.872082815371,212434.90873430716,460.90661606697205,0.4595754177420982,db34
32768,0.031490384615384615,0.0001104697585105896,0.009660806667146138,0.0982894026187266,-0.05889245597502645,316.565712755546,1122.1853109447193,888.6289693730052,2852.1139101526505,108448.51998006512,329.31522889180985,0.4799986738352903,db35
32768,0.031971153846153844,-8.962582796812057e-05,0.004611986688256638,0.0679116093776067,0.03911498181237991,151.1258430192247,1177.5326467207792,896.9303227935629,4714.8981564992755,350524.8067873607,592.0513548564522,0.44860409003653473,db34
32768,0.026299579326923075,-4.4656917452812195e-06,0.001598850130089291,0.03998562404276431,0.14786251808886716,52.39112171623856,1137.5338212394743,812.9861093989957,4018.6206004447104,323518.9851151912,568.7872933840832,0.4554578307785365,db18
32768,0.022776442307692307,1.74790620803833e-05,0.0019333794743532362,0.04397021121569961,0.11229133460984135,63.35298862680793,1143.1910299491467,859.8111322865104,4328.614913421544,387562.97319408326,622.5455591312842,0.4232077215412705,sym16
32768,0.022723858173076924,1.330394297838211e-05,0.0023537314710763897,0.048515270493694966,0.1318765750444756,77.127078644,1097.022922154126,838.631847399771,4475.509459444383,321858.9258791112,567.3261195107372,0.37634176604062547,coif11
32768,0.023557692307692307,-3.0769966542720795e-05,0.0013739031174611325,0.03706619912347545,0.22324776689170067,45.02008837740868,1197.9327509955854,918.4331228229987,4937.054868352643,373293.1276136796,610.9771907474776,0.42151549312865777,db15
32768,0.032962740384615385,-7.884576916694641e-06,0.0023114549662383533,0.04807759318267038,0.064415076274841,75.741758370772,1131.2083316975297,831.2475873996333,4887.463236072049,683363.9320203589,826.6582921741963,0.4325568872443735,db23
32768,0.03168569711538462,-8.693896234035492e-06,0.002825859312441432,0.053158812180497714,0.25197811506935736,92.59776042681187,1062.3562091306471,842.3922888057946,4702.343297983046,386575.91318562475,621.7522924651141,0.4739065252979533,coif17
32768,0.026539963942307693,5.8912672102451324e-05,0.0029900690318668387,0.05468152367908962,0.23801030507537646,97.97869576420635,1125.289837366221,800.5584125257839,6082.941899201182,758428.7058397048,870.8781234132047,0.469258937604274,db18
32768,0.030724158653846152,2.8411857783794403e-05,0.0035139668383121275,0.05927872163189864,0.01910590781523988,115.14569180924445,1126.128761023586,778.9716113527128,5097.456295497887,641791.0061541557,801.1185968095833,0.4246784305135275,db24
32768,0.026201923076923078,4.385039210319519e-05,0.007800327351773368,0.08831946190830971,0.08766351996769713,255.60118967108428,1087.7993753048888,790.2739873262286,4271.79873947073,480137.89589912945,692.919833674235,0.2645468475677495,db18
32768,0.027216045673076922,-0.00018588639795780182,0.01580386453065044,0.12571342223744622,0.08535721172261819,517.8621651977301,1143.4595074270549,863.0601199007609,4282.148796052047,354055.2058680952,595.0253825410267,0.46419912186644446,coif12
32768,0.034247295673076925,0.00030014198273420334,0.0037593441756899526,0.06131349097621137,-0.15829445863908745,123.18914186116308,1220.5489904909607,980.7791192263292,3626.9561340503496,124980.45754705662,353.5257523109973,0.5710057283826154,db35
32768,0.03161808894230769,5.376990884542465e-05,0.007548190646725585,0.08688032370292818,0.05598832687760725,247.33920585084707,1127.9371347134704,960.2354040895185,2377.6013067579165,35105.580810801,187.36483344214037,0.47242542779210656,db34
32768,0.037439903846153845,6.736349314451218e-05,0.009837160206812476,0.09918245916901071,-0.03038007724982825,322.3442143527791,1144.1339499909118,916.5884721825311,2552.8379697643963,66475.02595856618,257.82751202803433,0.4844505058243545,db36
32768,0.037034254807692304,-0.00010132603347301483,0.018592961555989433,0.13635601034053993,0.28208074987975723,609.2545006945729,1134.8120224707395,863.143181485395,4883.277796463087,370075.4742328957,608.3382893036536,0.4855131130546703,db35
32768,0.03058143028846154,-6.585102528333664e-05,0.005371639053492546,0.07329146644386744,-0.02631699318216275,176.01801059860736,1214.4102114355271,939.0096844426678,4930.968576798535,378624.36108441686,615.3245981467154,0.4438121250810327,db24
32768,0.03448768028846154,-9.612087160348892e-05,0.007677450522259528,0.08762106209273846,0.16168814815574545,251.57500146422535,1216.619671644809,943.8007593918043,4429.501586803901,283773.0515769039,532.7035306593189,0.498395651161173,db32
32768,0.033203125,-8.89534130692482e-05,0.011891976422398271,0.10905033893756713,0.11249726170737834,389.67654269281775,1212.1850105973058,926.5195964796068,4463.25838806748,259476.4464633164,509.38830617056414,0.49496768866294855,db34
32768,0.031024639423076924,7.810723036527634e-05,0.010519877296596682,0.10256645307602619,-0.0736499015801228,344.71553916390985,1172.3293520125505,955.2777734572244,4069.302824909048,191745.46860111674,437.887506788121,0.5288789591578056,db25
32768,0.030949519230769232,-1.8737278878688812e-05,0.005674884026753741,0.07533182612119357,0.1773502689772805,185.95461129304022,1286.4600834509802,993.8299854259952,5098.058308875167,480252.72747489874,693.0026893706104,0.4923384802465875,db35
32768,0.029462139423076922,-0.00014715734869241714,0.01063460965688663,0.10312424378819283,-0.1565070099493109,348.475598837249,1334.870506240132,1015.0067836911942,5141.481378315666,630298.4913630802,793.9134029370459,0.4337171298572035,db25
32768,0.03477313701923077,3.7804245948791504e-05,0.013233800981477861,0.11503825877280072,-0.49110591906383244,433.6452373918146,1288.3734212395918,971.5506152997793,4930.505123133787,374944.5128408466,612.3271289440364,0.45306985801257144,db35
32768,0.034412560096153844,-8.685886859893799e-05,0.004626729660140105,0.06802006806921106,-0.2485461887473185,151.60892472043633,1279.633742565493,1039.7158496397788,3475.1466880906514,170248.5024381209,412.6118059849002,0.5775149404612402,db36
32768,0.034112079326923075,0.0003514522686600685,0.01324160522043484,0.11507217396240865,-0.058639338962008986,433.9049673238769,1216.0916324579405,1022.3698794967045,3488.6677450376264,144200.13706764372,379.7369313980979,0.5101268906416054,db34
32768,0.03243689903846154,7.984321564435959e-05,0.011536355805355105,0.10740742900449254,-0.07830933496964225,378.02351592388004,1397.9763547786913,1090.958919912745,5027.873291721521,343048.82510053506,585.70370077415,0.48215555005102034,db35
32768,0.02810246394230769,0.0001084180548787117,0.031120510999164457,0.17641006490323746,-0.1471496144283465,1019.7572895912454,1311.8929569984148,973.8483748918187,4950.949070413883,424888.31432709144,651.8345758910702,0.4643823102804302,db33
32768,0.02217548076923077,-0.00019109807908535004,0.01181993777641873,0.1087195372342006,0.40259352431427203,387.3169176951051,1184.165831043513,972.4487331259927,3830.233681697784,264464.43715131836,514.2610593378798,0.40891567073583535,db25
32768,0.01824669471153846,3.721565008163452e-06,5.688029729909727e-05,0.007541902763832034,0.015174707217776516,1.8638540357351303,2100.8416138608513,1337.1146795493894,4170.817192783334,346775.7377206682,588.8766744579617,0.4227176174279543,sym13
32768,0.01299579326923077,-5.755666643381119e-05,1.8421413094790381e-06,0.0013572550642672284,-0.02179668962088581,0.060471839271485806,4939.919972367124,3671.1347948141397,5810.323766482349,320913.223563154,566.4920330976897,0.21679487990053148,sym17
32768,0.027080829326923076,-2.0816922187805176e-05,0.0006269519391552958,0.0250390083500784,-0.12622354644215925,20.543975342065096,1484.3167769280235,982.4041372882905,5019.389516160623,502260.4975200645,708.7033917797096,0.4470798967950961,db18
32768,0.01950871394230769,-3.2753683626651764e-05,0.00331512711156484,0.05757714052959594,-0.009992448177804153,108.63012034539133,1040.7222593308197,713.1799494247483,4517.040561080397,340283.35775249696,583.3381161491995,0.38507964833322544,db18
32768,0.01613581730769231,8.0915167927742e-05,0.0038318461391956228,0.061901907395456104,0.020368780816338115,125.56214882992208,898.6378134413457,715.2631122321878,3112.7682971538743,164170.46369140528,405.1795450061679,0.3943745461618111,sym11
32768,0.015564903846153846,0.00018388312309980392,0.003943791530551901,0.06279961409556511,-0.06328019910483383,129.23126885760576,964.3496419014173,742.5173918376944,4603.141377943119,442055.48652946565,664.8725340465386,0.34077472226761935,db18
32768,0.018524639423076923,-9.717140346765518e-05,0.0032544679629679923,0.05704794442368623,0.05899364929907496,106.64271561522037,1039.2614899379023,759.0491013698202,4844.305867011105,380039.8958429543,616.4737592492922,0.3871130914320862,sym16
32768,0.0173828125,0.00013922154903411865,0.002572728501320176,0.05072207114580571,-0.16831740205978005,84.30380266159773,997.2867961080459,778.3437449658059,3175.364500438656,148100.94472065754,384.8388555235263,0.2978481790016727,sym20
32768,0.0251953125,5.562789738178253e-05,0.0010634396302652803,0.032610422111117796,0.010254699951594646,34.84689120389521,1140.9742019521602,868.4479786744329,2982.5688834027965,110797.31214831478,332.8623020834813,0.41611680141404295,db23
32768,0.019471153846153846,-2.6878900825977325e-05,0.002928669820936417,0.05411718600349077,0.003939136067648198,95.96667636651546,1049.002486024328,717.0703719614161,4449.93232396088,291473.304198734,539.8826763276759,0.4027710983111628,db23
32768,0.015594951923076923,-2.3368746042251587e-05,0.003946662753488525,0.06282247013201984,0.1522516889984561,129.3242630008608,985.6883613467608,693.0138876369258,5252.2320899105325,711480.1594876162,843.4928330979559,0.34261339425347603,db15
32768,0.01564753605769231,4.314817488193512e-05,0.003648296754277215,0.06040113206122229,0.14916701166098773,119.54744905047119,901.5614307765073,744.7529415088836,4494.600828090215,274806.634817313,524.2200251967803,0.35758064696675035,sym12
32768,0.017134915865384615,-0.0002636229619383812,0.003306197539426665,0.057499543819291864,0.00015016343278740894,108.33975825179368,984.0573500635234,743.0029868999271,5016.997626410527,379543.0401504472,616.0706454218114,0.4090897832287136,sym20
32768,0.021642127403846155,0.00011148769408464432,0.002399042752376726,0.048980024013639746,0.09016784017071017,78.61224019993097,1115.5679075549765,765.0514619952115,5144.2617084589965,790059.2495053805,888.8527715574613,0.41844669744533486,coif16
32768,0.017217548076923078,-0.00011537875980138779,0.004604385598257569,0.06785562318818956,-0.32019204932562095,150.8769434997812,1051.248055507923,711.333790332929,5444.823599508703,548838.5362394279,740.8363761583444,0.3361981857658855,db16
32768,0.016736778846153846,-9.428802877664566e-05,0.003149895074607124,0.05612392604413134,-0.17367458247485748,103.21605311986059,988.5310944431847,784.4679556494971,3124.602491197542,121667.9169905989,348.8092845533199,0.38806746396944297,coif13
32768,0.016451322115384616,0.0002004643902182579,0.004364885750897466,0.0660672820002266,-0.32743320075147253,143.02989309933037,870.9673844771538,660.7444818789157,2949.640519092703,134810.44722206888,367.1654221492935,0.3449625457351796,db15
32768,0.017638221153846154,5.232170224189758e-05,0.003395550958903523,0.05827135624733239,0.09652010192442262,111.26550352573395,990.5084998037432,761.674555625653,3029.2270763055626,176570.19178166363,420.20256041778663,0.3956959021863384,sym19
32768,0.01805138221153846,-0.0002038152888417244,0.0034510154598746323,0.05874534415487437,0.19099346874026096,113.08423579391092,1058.8405896828983,786.9608690800864,5202.6431128112645,537050.5596806391,732.8373350755535,0.31214344581965214,sym20
32768,0.01318359375,0.00012874044477939606,0.004240270287329618,0.06511735780365799,-0.12321593619339868,138.9457198753953,1029.978264714587,735.4330434987338,5281.208237623187,775552.6989471985,880.6546990433869,0.2856261552146107,sym11
32768,0.016458834134615383,-9.95490700006485e-06,0.002026721755846171,0.04501912655578927,-0.002904593845295781,66.41162174288183,1157.8543456048392,845.6706409649464,5310.846383337524,585157.9856458949,764.9561985145914,0.23909292916099192,sym20
32768,0.03268479567307692,-6.111711263656616e-05,0.0006387306591978947,0.025273121279293834,-0.0579489396134396,20.93004863895476,1242.9103419722799,956.7087834944571,4032.270841419895,192673.97167629085,438.9464337208936,0.3999269594472041,db29
32768,0.025323016826923075,3.636907786130905e-05,0.0005177256819674018,0.02275358613422073,-0.07480468559724869,16.964878489263356,1257.8455758850428,960.2735058345505,2550.2123131265344,53367.486448844465,231.01403950592368,0.4005213619880135,sym20
32768,0.02550330528846154,-2.6794150471687317e-05,0.0007927019439707382,0.02815496304332041,0.009747552852922337,25.975280825048685,1282.0367689856953,978.1547184863111,4502.835484500404,242863.994602649,492.8123320318283,0.3604057517719768,db15
32768,0.026524939903846155,1.6614794731140137e-06,0.0005426248322030758,0.023294309008920523,-0.03348830896824136,17.78073059208691,1326.5860965433405,1006.2656733266634,5093.845717362168,308770.3833542883,555.6711107789286,0.39098962495379247,sym11
32768,0.016759314903846155,-6.954185664653778e-06,0.00031702730977540335,0.017805260733148597,-0.125729113083101,10.388352471403778,1323.5272122297704,988.7008779224961,1639.8507879803362,17053.33057292745,130.5884013721259,0.4098515329738565,db23
