n_samples,zero_cross_rate,mean,variance,std,skewness,energy,mean_bandwidth,min_bandwidth,max_bandwidth,variance_bandwidth,std_bandwidth,spectral_entropy,wavelet
32768,0.048362379807692306,-5.680415779352188e-05,0.0010073664887259013,0.031739037299922966,-0.11237397811356606,33.00949083548039,4244.68424628306,3776.6317935967945,4632.182567100086,34445.683992185244,185.59548483781938,0.5841407803018275,db36
32768,0.053072415865384616,-0.0001894598826766014,0.000906486282369347,0.030107910627762715,0.06525569808232536,29.70491870958358,4321.6822100358,3885.9238109549483,4680.568735545204,36455.65339504779,190.9336361017822,0.5988061000640376,db29
32768,0.06959885817307693,-0.00011578202247619629,0.0009306292872883759,0.030506217190736314,-0.028638616928925983,30.495299756526947,4145.054632144753,3759.282086681596,4637.261456241826,52010.72925780394,228.0586092604354,0.6253230058123235,rbio6.8
32768,0.06898287259615385,0.00013746321201324463,0.0007553034609875109,0.027482784811359837,-0.026495495715507626,24.750402998179197,4403.572045796447,4120.2929054242495,4787.535070221535,28088.003987786873,167.59476121820418,0.6138210863531921,sym11
32768,0.06053185096153846,-0.00019065290689468384,0.0005844351235215206,0.024175093040596982,-0.1303639061641326,19.15196119621396,4654.636373005398,4124.279782723343,5103.3607024900675,29966.777121996365,173.10914800205205,0.5872890580970397,db2
32768,0.07383563701923077,3.1134113669395447e-06,0.0005348053648488718,0.0231258592240131,-0.035223441212741374,17.52450251299888,4597.02063281849,3838.9829974091344,5113.493098104294,64804.39066995394,254.56706517134918,0.6287402712376988,sym14
32768,0.060659555288461536,8.463580161333084e-05,0.00048009265747283355,0.021911016806000435,-0.010621875806413194,15.731910924427211,4710.705829832611,3958.770527759943,5105.735986761524,44381.95857917934,210.6702603102283,0.6136746809598692,sym14
32768,0.058360877403846156,-0.00010861549526453018,0.00047964865107982715,0.02190088242696689,-0.024965999206021272,15.717513573355973,4637.568150527325,4267.899870444043,4973.073259205568,26859.208186737756,163.88779145115646,0.6272386554146643,db22
32768,0.059998497596153846,-0.00017562136054039001,0.0005646437830721801,0.023762234387198947,-0.11476471241846901,18.503258142620325,4568.188159411475,4049.5068990189457,5023.376635018227,66464.64560829625,257.80738082587214,0.6301474956745889,db36
32768,0.06349158653846154,-2.897251397371292e-05,0.0005985257397187252,0.02446478570759869,8.156529028761375e-05,19.61251894477755,4556.339212694334,4053.736405118247,5001.608362971904,33657.269137125884,183.459175668937,0.6201117938065878,db2
32768,0.06656400240384615,-0.00011946354061365128,0.0006930088998135786,0.026325062199614623,0.018002845430574104,22.70898327883333,4297.538411095233,3810.547687754478,4855.778254494513,40045.59949340562,200.11396626274146,0.6739354754935883,db5
32768,0.0501953125,8.65226611495018e-05,0.0007959890134764518,0.02821327725515864,-0.08088559949298586,26.083213300444186,4347.117706744234,3993.219716154265,4672.854269693077,34585.16004189167,185.9708580447261,0.623803925890598,sym16
32768,0.05802283653846154,-0.0002570459619164467,0.0007414673060316944,0.027229897282797347,-0.01576990352245577,24.298565751872957,4286.103590681994,3994.5004030556793,4671.5058071921185,19064.87649319164,138.07561874998657,0.6693179831551932,db24
32768,0.053335336538461536,1.6077421605587006e-05,0.0008472456937744499,0.02910748518464709,-0.050857841058705305,27.762555363588035,4255.098300760587,4003.779809342952,4493.1479793062745,14849.269191312695,121.85757748828217,0.6190703736604668,sym14
32768,0.058759014423076926,7.864367216825485e-05,0.0009161993220840105,0.030268784615243648,0.04623430835709453,30.022222050465643,4188.253507697713,3344.0509052834936,4603.044382883593,50606.5953272766,224.95909700938213,0.6446115944840384,db36
32768,0.05311748798076923,-0.0001840917393565178,0.0011099413691447097,0.033315782583404965,-0.019950063356117393,36.37166928406805,4188.855500381035,3636.998266626939,4551.2499687103045,28166.11840256338,167.82764492944355,0.6456269482471431,db28
32768,0.06057692307692308,-6.405357271432877e-05,0.0011291966723217931,0.03360352172498878,-0.07421319881289803,37.00165100116283,4054.331325027902,3671.4332549364144,4474.053727677386,25254.23020066679,158.91579594447742,0.6433488123367398,db33
32768,0.05197566105769231,3.544706851243973e-05,0.0012508375776299125,0.035367182212185246,-0.10430985709211898,40.98748691659421,4094.803019547118,3707.2109914983366,4654.633144523957,35911.57994974311,189.50350906973492,0.5851734547705487,db21
32768,0.05335787259615385,2.255849540233612e-05,0.00194954401772451,0.044153641047194624,0.030147572930085135,63.88267504796386,3719.5365098314496,3502.7018549817794,4124.5118808923335,13068.702284059296,114.31842495441973,0.6653400608534833,db30
32768,0.049571814903846156,-0.00036759115755558014,0.0023236062071127174,0.04820379867928167,-0.0389158693571813,76.14435591362417,3609.5842606480696,3375.176869718419,4151.233778164935,13296.470639285988,115.31032321213044,0.666288415013785,coif15
32768,0.05059344951923077,-6.006471812725067e-05,0.0033697010849455485,0.05804912647874685,0.00637267059361371,110.41848337091506,3593.794272778768,3334.439767490454,3852.5723272843707,11609.842942382384,107.74898116633115,0.6703534311744666,db35
32768,0.055919471153846156,-0.0001228218898177147,0.00474235735240215,0.06886477584659773,-0.06208299507048791,155.39806003589183,3428.835102776036,3157.6316278811505,3714.5816360821027,13335.786194849006,115.48067455141144,0.6633291091154435,db18
32768,0.060298978365384615,-0.000128977932035923,0.007807645131497635,0.08836088009689376,-0.031180284036076353,255.84146077465266,3390.526592556687,3092.9102108820352,3965.669269594476,23088.406891082384,151.94869822108507,0.6898268769160767,db27
32768,0.06557241586538462,-0.0005831476300954819,0.0103850049978765,0.10190684470572377,0.08398452948138645,340.30698689445853,3360.6996568291465,2899.7510922090205,3825.788937775726,32022.83227984074,178.94924498259482,0.6981695902523453,db17
32768,0.06337890625,0.00028490182012319565,0.014163359636911661,0.11900991402783073,0.05760460351466326,464.107628329657,3341.6340603487633,3031.179112892227,4055.925482192441,22416.532191074515,149.72151545811482,0.6963792050964159,bior5.5
32768,0.06066706730769231,-0.001391279511153698,0.017420851635729116,0.13198807383899924,0.16246386755300632,570.9098940631375,3195.6179021232188,2910.5398591648045,4080.218354875728,41709.19372043726,204.22828824733674,0.7022794145882696,db33
32768,0.06307091346153847,7.89714977145195e-05,0.015422226409093388,0.12418625692520646,0.06011734202865539,505.3557193307206,3450.5282132703596,3140.0221063893177,3811.5629661690723,22445.032591279793,149.81666326306896,0.6917411558816418,db29
32768,0.07649489182692308,0.00033036526292562485,0.014177264756374503,0.11906831970081086,-0.21525798882155292,464.56418787594885,3867.346315930342,3422.601582116969,4256.98066145654,28559.18205253293,168.99462137160737,0.6674659334540234,coif11
32768,0.06875751201923076,0.0006294827908277512,0.009615992007422351,0.09806116462403631,-0.215615740606587,315.10981037281454,4272.169807003301,4027.762025944395,4562.306390091338,16717.05789039854,129.29446194790611,0.5882849396057792,db32
32768,0.06674429086538461,-7.613282650709152e-05,0.005377677143004763,0.07333264718394368,-0.09997803679530357,176.2159145521,4341.937471629137,4031.034305805991,5348.319198132614,36542.64367561827,191.16130276710888,0.5604824798753396,sym13
32768,0.05713641826923077,-0.00015108473598957062,0.001964596114376656,0.044323764668365614,0.07885093792775758,64.37663345783949,4148.301969678421,3716.1546802522666,4545.693825064648,37191.31931085693,192.8505102685936,0.6613772425626966,sym15
32768,0.05978816105769231,8.733291178941727e-05,0.0013497492064537737,0.03673893311534473,0.08403155482837198,44.22883191984147,3889.8777530708967,3574.8404327934395,4100.717045467594,16009.544177666714,126.52882745709262,0.6885775925778695,db28
32768,0.061455829326923075,-0.00012028031051158905,0.0010924605758550997,0.033052391378765617,0.02922867345589698,35.79822221584618,3954.0204877010624,3652.769886998789,4299.309130286092,19034.560968067577,137.9657963702148,0.6878467923437583,db17
32768,0.06430288461538461,-0.0002683475613594055,0.001013625648704719,0.031837488102938,0.005314756588278367,33.21684489399195,3891.619798050257,3544.171561521076,4137.087762915232,19917.088175965484,141.1279142337386,0.7185688697639969,db23
32768,0.06477614182692308,2.3327767848968506e-05,0.0013523104449064127,0.03677377387359656,-0.05076182810418438,44.31252649053931,3665.851053213272,3166.7380200846465,3980.3123973648494,38587.058490017786,196.43588900712055,0.7286169865286123,db32
32768,0.06170372596153846,-4.377402365207672e-05,0.0015039966957866822,0.038781396258859506,0.015192722433835857,49.28302651643753,3602.972847797912,3286.4479320586024,4605.822828388383,48769.81161414008,220.83888157238093,0.7275564666420281,coif11
32768,0.06112530048076923,6.415136158466339e-05,0.0017054503816875087,0.041297098950017166,0.07073894423741649,55.88433296047151,3544.5885473871867,3252.55476231357,4794.395494073782,47359.775805338635,217.62301304167866,0.7224880823826266,dmey
32768,0.06089242788461539,-0.0004189247265458107,0.0020395530466047595,0.04516141103425312,0.1157841090592674,66.83782494720072,3391.8155218375205,3101.2216774095764,4107.161241241419,23035.299969919273,151.77384481497222,0.7046141407015276,db20
32768,0.05651292067307692,0.0002709710970520973,0.002731635641699688,0.052265051819544654,0.131956178554262,89.51264270860702,3206.4059015870193,2919.3792443337675,3829.5667260953655,21985.230348056946,148.27417289621596,0.6936973438127602,db26
32768,0.0595703125,-7.549580186605453e-05,0.00327454334767442,0.05722362578231495,-0.04513008600193535,107.30042318161577,3219.433616480082,2965.683643935345,3519.927290758607,15173.210893553727,123.17958797444375,0.7085332019750267,coif17
32768,0.061192908653846155,-0.0003649052232503891,0.004020684228237726,0.06340886553343882,-0.034249968953759785,131.7541440408677,3118.3538691839485,2830.746316708202,3842.909150284563,37102.057023311965,192.61894253502683,0.7093154384595127,coif17
32768,0.06075721153846154,0.000116727314889431,0.004941872113436425,0.07029845029185512,-0.05283685486893411,161.93571188580245,2987.1017309343492,2578.0455364964228,3592.1758642826653,30142.291777541715,173.61535582298507,0.7182507570171163,db27
32768,0.06044170673076923,-5.5655837059020996e-05,0.006260043140396965,0.0791204344047539,0.07613183359863471,205.12919512577355,2910.459900271838,2621.9237786962426,3690.6221093086792,36640.33335746162,191.41664859008898,0.6983867543377142,db19
32768,0.05867638221153846,-0.00018972065299749374,0.007557046029356472,0.08693127187241925,-0.0350163475871912,247.63046373892576,2826.94293430694,2556.0138559649117,3204.835749996786,12219.540777571321,110.54203172355446,0.7063125249157913,db26
32768,0.05894681490384615,-0.0002136584371328354,0.009621793825373169,0.09809074281181263,-0.043974882826961076,315.2884359266609,2779.009595878995,2593.298962049786,3139.6284615533964,8964.163204237706,94.6792649117942,0.7028740437188363,coif16
32768,0.05912710336538462,-0.000361868180334568,0.012230826614695585,0.1105930676611133,-0.029386625116190727,400.7840174334124,2875.783324004965,2620.096614700377,3841.0568665138503,25393.861728623873,159.35451587144894,0.7047526674338157,db19
32768,0.061012620192307694,-8.097942918539047e-05,0.017277165013171357,0.13144263012117247,0.02125983376400317,566.1383580332622,2843.049720343802,2611.938112500225,3667.322026138147,18953.681772113192,137.67237112839015,0.6914190381726049,db37
32768,0.0587890625,-0.0019829226657748222,0.0251948181196657,0.15872875643583206,0.04136074655672103,825.7126433411613,2824.3490429354747,2557.0498899177687,3059.9973059548415,11664.345856104997,108.00160117380203,0.7130700599228948,coif17
32768,0.06322866586538461,-0.0007180981338024139,0.03180207490485251,0.1783313626506917,0.0369540348125953,1042.1072877906263,2807.009793661691,2419.239969461427,3464.113005045591,41918.26686422047,204.7395097782069,0.723662050187861,db36
32768,0.058841646634615385,-0.0011591454967856407,0.032411813230947814,0.18003281153986297,-0.011036753002020606,1062.1143236355856,2958.2094850273743,2554.658886276724,3694.6986965153383,77163.7984167232,277.7837259753048,0.7031722669911208,db21
32768,0.07119140625,0.00020860321819782257,0.01652188577149332,0.12853748780606117,0.050301154627098055,541.3905788697302,3995.161797503283,3336.324413911328,5025.2272896307895,89302.0275677416,298.83444842879413,0.6973038821752611,db30
32768,0.053733473557692306,-0.00024474412202835083,0.006167033729843341,0.07853046370577052,0.0022134803720157375,202.08332405239344,4059.566861592177,3708.2652657817807,4997.4164499771105,40891.25378398057,202.2158593779938,0.6038922903759748,sym16
32768,0.05482271634615385,-0.00013547111302614212,0.0028079216828171888,0.052989826219918754,-0.11349020984761127,92.01057907473296,3799.4318247120827,3636.346085243565,4455.336464484526,17104.010976641897,130.78230375949911,0.6600762049393201,sym17
32768,0.059405048076923074,4.255864769220352e-05,0.0018352953438724989,0.04284034714929956,-0.05750050612090808,60.13901717867702,3707.209735291055,3535.3585577189488,4017.5851161934725,7558.958109984693,86.94226883389167,0.6656225503679043,db31
32768,0.06908052884615384,-0.00011656247079372406,0.0015245923619498745,0.039046028760296156,-0.09023603807308438,49.95828772895038,3754.1638605481767,3503.208468854551,4301.6813888324905,13724.85960382993,117.15314594081514,0.6793492980084995,coif12
32768,0.07582632211538462,0.00013242382556200027,0.0012506400066571084,0.03536438896202094,-0.013924337795259943,40.98154636006802,3857.252926959667,3504.8275454404366,4476.370982261153,18451.339231460846,135.8357067617379,0.6940053086990422,db30
32768,0.06975661057692308,-0.00012512877583503723,0.0010864413397052436,0.032961209621390465,-0.07001482450111819,35.60102287493646,3834.5417157169836,3371.888424701963,4207.415477406504,28487.782012279706,168.78323972563066,0.7219098582779055,db27
32768,0.05320763221153846,-0.0002311505377292633,0.0009214335900340348,0.030355124609100764,-0.0322318673258336,30.195286691188812,4103.341245049611,3835.3360696142126,4593.690441706796,16350.566267817961,127.86933278866346,0.6543835000927526,coif12
32768,0.07047776442307692,0.00010763481259346008,0.0007812271877626203,0.027950441638060396,-0.0696060878832316,25.599632114171982,4110.976690768821,3739.622190496843,4805.812206526188,31592.266223387447,177.74213406895802,0.658697019737156,rbio6.8
32768,0.05712139423076923,-5.6461431086063385e-05,0.0006472307150880696,0.02544072945275095,-0.026799208673312067,21.20856053289026,4387.669779805364,4135.5642615867455,4793.454676292546,18865.829332355053,137.35293710858554,0.6512363782337659,sym16
32768,0.06524188701923077,-9.3851238489151e-05,0.0009518096920861779,0.0308514131294853,0.023887796419011568,31.189188612625003,4292.679420480202,3885.488599983897,4815.279728461876,47576.20685530927,218.11970762704885,0.646327629723739,db38
32768,0.08025841346153846,6.694812327623367e-05,0.0008930620052422708,0.029884143040118633,-0.03553738249974102,29.264002655632794,4081.809170692808,3847.9284413174933,4410.439663156606,10800.51456494634,103.92552412639706,0.6793533237690077,db18
32768,0.0825946514423077,-0.00017332099378108978,0.0006718532185797897,0.025920131530912216,-0.13566086953402204,22.016270622611046,4281.41156079394,3818.906357886847,4657.341716911825,33362.19575415013,182.65321172689553,0.6733946791933182,db19
32768,0.07018479567307692,-0.00011481158435344696,0.0006714207766028123,0.02591178837137283,0.008113139654984697,22.001547945663333,4247.366705630568,3777.925900073373,4721.923440493055,40571.431799335674,201.42351352147463,0.6987543064172215,db26
32768,0.06795372596153847,-1.611374318599701e-05,0.0005610798159603435,0.023687123420971647,-0.052813445458149914,18.385471917688847,4369.799055742597,3934.9700092173725,4672.818010018641,27247.353539224365,165.06772409900236,0.6377913360177979,bior5.5
32768,0.07280649038461538,-2.774689346551895e-05,0.00092713957300533,0.030448966698483054,-0.017260893543149868,30.38053475599736,4044.602134334031,3616.984909960376,4513.924783511233,33799.30259737705,183.84586641362662,0.6678880561329967,db34
32768,0.06089993990384615,-7.230229675769806e-05,0.0006023334941402912,0.02454248345502735,-0.01191118434131034,19.737435234710574,4374.197696332077,3906.5954305459927,5044.996480752529,45069.11246607872,212.294871502066,0.6370231061880178,sym12
32768,0.08546424278846154,-0.00014331378042697906,0.00042319352894034865,0.020571668112730885,-0.08375221708110694,13.867878573015332,4520.540131745692,4174.43234565991,4879.423341179134,18406.618594586802,135.67099393233175,0.653121467685502,sym10
32768,0.08602013221153847,-0.0001348443329334259,0.000454537483982706,0.021319884708475935,-0.05523737189400942,14.894880095496774,4516.105415916928,4128.160963696511,4783.28900646439,19309.683050781423,138.9592855867553,0.670643757215177,db33
32768,0.05662560096153846,-0.00018220208585262299,0.0005072372148130742,0.022521927422249507,-0.007244271999983594,16.622236873954535,4595.089236606216,4323.194409672121,4969.63191049818,17197.385613672344,131.13880285282593,0.6413595666725824,db33
32768,0.05897686298076923,-2.5039538741111755e-05,0.00043099090584505437,0.02076032046585636,0.061038447415847234,14.122730547562242,4793.173171242798,4004.265312534785,5356.395555795236,92915.23815757425,304.8200094442198,0.630040048319785,db16
32768,0.06691706730769231,-1.3177283108234406e-05,0.00037127749878771484,0.01926856244735748,0.03233051890641123,12.16602677013725,4781.371092329246,4186.612801958234,5241.111756080674,70350.01978186582,265.2357814885952,0.6283873254140391,coif17
32768,0.10921724759615385,-4.9983151257038116e-05,0.0006278796210876017,0.02505752623639456,0.0749853415452041,20.574441288597882,4096.509030015222,3511.138429322518,4853.785311749584,111867.73902766449,334.466349619307,0.7132162894902913,sym14
32768,0.1089618389423077,-0.00015768781304359436,0.0008192177207002466,0.028621979678216645,0.03617636320779431,26.84494106285274,3851.281880317515,3348.179154006075,4406.336902392095,70699.02331028896,265.89287938996966,0.7295530415515022,db25
32768,0.08011568509615384,1.0379590094089508e-05,0.0003963417669973619,0.019908334109044933,0.04437717313221595,12.98733055125922,4684.8640436761825,3983.1650733206575,5362.565145641493,148509.3678018609,385.3691318747013,0.6819992636299349,bior5.5
32768,0.05661057692307692,-0.00011884141713380814,0.0005529238649210125,0.02351433318044576,0.008664259586568267,18.118671997450292,4692.807440967599,3450.0094955958225,5092.525201572219,117975.27243679979,343.47528650079005,0.5834433257061931,db15
32768,0.05567157451923077,3.5830773413181305e-05,0.0004588621148895873,0.021421067081020668,-0.07577408535506158,15.036035849712789,4848.311050861782,4323.801940189864,5306.179982839178,49516.20324781415,222.52236572491796,0.5721001029062772,db26
32768,0.06059945913461538,-0.0002532200887799263,0.00046741306887604963,0.021619737946516594,-0.06056525527364474,15.318292538635433,4673.409516742111,4015.016088428908,5119.426890484474,76443.04790997252,276.48335919178305,0.6214015651590731,db18
32768,0.07608173076923076,1.7589889466762543e-05,0.00043208420228231417,0.020786635184231097,0.03691282284919105,14.158545278944075,4689.434627394982,4203.600426172434,4972.430015392517,25932.03423468689,161.0342641635217,0.6282396326426544,db29
32768,0.06899038461538462,2.934969961643219e-05,0.00044957454952085016,0.021203173100289734,-0.004834456529788718,14.731687065213919,4674.848663563218,4336.7062404945855,5150.3884726398865,35774.407048880516,189.1412357178638,0.6506731239168192,db26
32768,0.08170072115384615,-0.0001459326595067978,0.0004015638588614999,0.020039058332703658,-0.0893731671522346,13.159142365679145,4814.255981388337,4452.401703773784,5107.375374193485,25991.39991930165,161.21848504219872,0.6303919918357036,sym13
32768,0.09417818509615385,-1.641828566789627e-05,0.00037198088559469485,0.019286805997746098,-0.07449316774024331,12.189078492112458,4810.923410324722,4430.211905068992,5289.342926116312,37235.262581933785,192.96440755210216,0.6490662086586152,db27
32768,0.05841346153846154,-0.000116727314889431,0.00037076291671865505,0.01925520492538719,0.023486609862404237,12.149605727754533,5145.637730272885,4724.188178147269,5591.2708599712405,30685.265821112942,175.17210343291805,0.5545321591747208,db33
32768,0.057106370192307694,-6.765313446521759e-05,0.00033282429259906196,0.018243472602524496,0.21729566916647183,10.906136397272348,5151.28801854001,4874.4431145564495,5440.8723137859815,16268.451774973164,127.54784112235363,0.5725706111619479,db28
32768,0.06262019230769231,-5.0049275159835815e-05,0.00031182527498040125,0.017658575111837344,-0.03456063482891898,10.217972692102194,5071.651593594184,4672.910493817595,5434.805128550982,30438.19875018122,174.4654657809998,0.6100341806268956,db36
32768,0.10251652644230769,-0.00014700926840305328,0.00048797370263361714,0.022090126813434485,0.08266480299307492,15.990630460903049,4565.447851512297,3873.0538527162867,4999.599605056027,72605.23687747757,269.4535894685346,0.6756002903912766,coif14
32768,0.08232421875,-1.338031142950058e-05,0.0005300665351866674,0.02302317387300603,0.11884998467662357,17.36922609154135,4548.515112741391,3732.7907014016196,5148.562497257464,109525.68857654832,330.9466551825963,0.6778316566400806,db20
32768,0.06996694711538462,-0.00014769844710826874,0.00044187046611509836,0.021020715166594556,0.04712819193538067,14.479926262050867,4691.280177932981,4163.971794267862,5155.158677207664,40132.1761518249,200.3301678525351,0.633686271486726,coif13
32768,0.06496394230769231,4.482641816139221e-05,0.0004673742566367739,0.02161884031664913,0.1924117535594097,15.314985485747457,4796.878494962141,3692.680331002238,5103.191689018961,55650.25108402771,235.90305441860585,0.6344389403450118,rbio6.8
32768,0.07475961538461538,4.919711500406265e-05,0.0008273650525521111,0.028763954049332494,-0.34015361024723867,27.111177352257073,4471.4757359991045,4069.3342646960114,4887.328187001548,38274.0452759136,195.6375354473512,0.6096428343281677,db27
32768,0.07836538461538461,-5.343090742826462e-05,0.0005388294926114482,0.02321270110546052,0.1527458701555742,17.65645836200565,4310.615956542501,3549.616754958017,4847.649384646645,59453.3966197744,243.8306720242029,0.710793773160872,db20
32768,0.10209585336538461,-0.00017910171300172806,0.00043947647506548717,0.02096369421322223,0.049644747294359706,14.401816247962415,4422.552344552839,3824.1562940881754,5003.910288515112,58396.43877993761,241.65355114282434,0.7139196235792482,db37
32768,0.08596754807692308,-0.00012904591858386993,0.00040921897647083413,0.02022916153652529,0.030281654843127174,13.409833101555705,4588.33335883312,3867.06810564703,5248.323792112111,136438.90308882613,369.3763705068668,0.6576719570699067,bior5.5
32768,0.06760817307692307,6.794929504394531e-05,0.00027712061773854657,0.016646940191475026,0.13393435355611655,9.08083969540894,5148.528800387891,4564.5922605690475,5498.881723837756,64482.20857883672,253.93347274204856,0.5973050535496223,db18
32768,0.07179987980769231,-1.6069971024990082e-05,0.00031931722909485285,0.01786944960245986,0.002083316707740777,10.463395425118506,4865.936086525273,3603.440963006532,5315.874404350401,80628.55470153753,283.951676701402,0.6328707854199795,bior4.4
32768,0.07615685096153846,-0.0001584906131029129,0.0002954373837298317,0.017188292053890396,0.006979703451619565,9.681715298444033,4928.359473991261,4443.126340215506,5224.331305072692,29148.571673171573,170.72952783034214,0.6429178411503021,db28
32768,0.093359375,-1.0963529348373413e-05,0.00034207482948643564,0.018495265055857826,0.08006514833063771,11.209111951291561,4717.358514958097,4278.33391916046,5118.007059897415,42833.80317900664,206.96328944768595,0.6757341555600804,db18
32768,0.09701021634615385,-6.861891597509384e-05,0.0003725881543183143,0.01930254269049325,-0.0563665620965571,12.209122930653393,4599.353363896223,4296.728428927376,5001.830338567342,23532.055848948406,153.40161618753697,0.6637359792127433,rbio6.8
32768,0.09290865384615385,-0.00020298734307289124,0.0004424162341367527,0.02103369283166303,0.025622621276087203,14.498445328325033,4560.065509765596,4114.660281023902,4985.238057802569,27354.844638211132,165.39300057200467,0.6659923631042108,db28
32768,0.07445913461538461,5.626119673252106e-06,0.00038885763454178565,0.01971947348540994,0.008751951339499001,12.742088005878031,4840.875628609743,4401.492766904382,5454.428228921327,36472.36832740467,190.97740266168842,0.5952842039526008,sym12
32768,0.10596454326923077,-0.00011438596993684769,0.00045251820476419665,0.02127247528531169,0.061836259590236184,14.828545275144279,4507.239847897877,3599.8663548120476,5286.149040979336,119192.191781276,345.2422218983014,0.6687698479064379,db38
32768,0.09712289663461539,-4.675239324569702e-05,0.0003243998595645059,0.018011103785290503,0.053512484874172574,10.630006222054362,4731.399335618502,4336.661940042972,5088.868647784079,38793.975632995236,196.9618633974487,0.6621578107424297,db18
32768,0.08899489182692308,9.119883179664612e-05,0.00039268473817609395,0.019816274578641012,-0.006507939072800501,12.867766039445996,4526.022611195258,3962.826017610675,5104.6573204821925,46324.04325712031,215.23020990818253,0.6865052797423646,db27
32768,0.11490384615384615,-0.00011846236884593964,0.0005436729645679171,0.02331679576116575,-0.08942496875029811,17.815535547211766,4361.425512088368,3681.172931074294,4863.160117682814,85984.34003242647,293.23086473361985,0.7185524755548442,db27
32768,0.06644381009615384,-0.00013809558004140854,0.0003789027086705107,0.019465423413594442,-0.024071609385751397,12.416508856229484,4606.024123707,4088.138341485931,4912.700076334911,29451.644093634666,171.61481315327842,0.6816719354262366,bior5.5
32768,0.06511418269230769,-1.4029443264007568e-05,0.00038082221871110766,0.019514666758904894,0.02038970160770824,12.478788912296295,4647.462757245863,4220.614905907763,5094.659314771392,27915.70326957691,167.079930780381,0.6851839917220282,bior5.5
32768,0.07208533653846154,-4.837941378355026e-05,0.0005891903191921957,0.02427324286518379,-0.06965151775766924,19.30666507501155,4229.246639751674,3670.93553367984,4612.403557694179,52568.103529450076,229.2773506682465,0.7179296072557604,coif13
32768,0.0702373798076923,-4.164036363363266e-05,0.002856587992599703,0.05344705784792744,0.01972922197265151,93.60473215859383,3445.820985503717,3223.9907636941834,3895.486389619632,24309.432998726203,155.9148261029919,0.6124583376311323,db30
32768,0.07109375,-8.541624993085861e-05,0.0011502884678998766,0.033915902876082725,0.01045689588507615,37.6928915893659,3766.4148458730765,3507.076218511007,4132.573055233374,16632.017535050283,128.96517954490773,0.7028662081440056,db20
32768,0.06322866586538461,-7.13663175702095e-05,0.0013383565327464487,0.036583555496239685,-0.044678135967107624,43.855433757416904,3692.623839659868,3337.997111149201,3970.6621516769246,19758.57347137543,140.56519295819797,0.7119151463608011,db32
32768,0.06998948317307692,-1.3937242329120636e-05,0.0017176476169013023,0.0414445125064984,0.03617258271849649,56.28388347569853,3490.8250335745406,3210.336018671488,3984.822924971965,16384.42639027057,128.00166557615793,0.7265840277896285,db29
32768,0.05936748798076923,-8.711498230695724e-05,0.002220018645234958,0.04711707381868019,-0.02260402640135913,72.74581964407116,3282.852879393736,3047.4581801001623,3966.769686119725,19400.07751444773,139.28416103221403,0.7186367484270663,bior5.5
32768,0.0676006610576923,-0.00015433132648468018,0.003609778562265964,0.060081432758098935,0.025752370400471,118.28600440174341,2966.417600940753,2780.934588456872,4066.378741915051,27902.315579081638,167.0398622457575,0.7212126358500025,coif14
32768,0.061936598557692304,4.1658058762550354e-05,0.006629308427229052,0.08142056513700363,-0.024732932951494764,217.22923540882766,2770.8344931702686,2494.228559079511,4102.097145887894,41818.08497524707,204.4947064724343,0.7132773457420902,db22
32768,0.051923076923076926,1.581478863954544e-05,0.011039990002618748,0.10507135671827383,0.028016040188881555,361.75840060133487,2556.444175824784,2295.220964367387,3089.3399505428633,18401.9378769641,135.65374258369764,0.7062593110999429,db25
32768,0.05716646634615385,2.0425766706466675e-05,0.01653779909971318,0.1285993744141595,-0.0009614538435593801,541.9106145706028,2380.740161944064,2129.365939018809,2575.4582957865036,9125.702535813796,95.52854304245301,0.7066962387119223,db27
32768,0.05165264423076923,-0.00011201668530702591,0.02597982908380132,0.16118259547420533,-0.04765138200952997,851.3074505822733,2397.7035683707713,2076.8878608146156,3841.909289987927,80868.69841405,284.37422248517885,0.6990562432264255,db28
32768,0.044501201923076925,-0.0002244533970952034,0.03485052625359222,0.18668295651610037,0.06783581894627852,1141.9836951075122,2545.4758531593884,2024.7404622045622,4023.777933275718,281375.02116265066,530.4479438763531,0.6894483815335573,coif15
32768,0.04327674278846154,-0.0003483658656477928,0.029586599698991935,0.17200755709849477,0.03657202478286835,969.4976756209508,3062.37860644014,2272.5933099430217,3953.9341737374752,208743.52457106454,456.8845856133303,0.6802239485570619,db24
32768,0.043306790865384616,0.000141780823469162,0.009879250061565075,0.0993944166518677,-0.025389623079419648,323.72392471320927,3717.7669464655874,3354.4400268109116,4150.123921968208,26956.2449310493,164.1835708317044,0.5900709071762857,db36
32768,0.059728064903846155,-8.219759911298752e-05,0.0037010591495264446,0.0608363308355003,-0.010660321015316982,121.27652760688215,3421.35346867335,3014.900383593642,4304.753830112755,47163.344974123145,217.17123422341908,0.6507322433329811,db26
32768,0.06749549278846154,-0.00010808929800987244,0.002579125044023675,0.05078508682697781,0.0515301971605564,84.5131522808224,3319.5926125768947,2905.0319304594436,4193.625003271512,58736.43701355301,242.35601295109848,0.689702804687848,coif11
32768,0.06066706730769231,-5.761440843343735e-05,0.0013414437228587276,0.036625724878270025,0.02546500169225668,43.9565366813913,3816.900429068006,3643.0320409179817,4053.2800913957694,8914.908783654006,94.41879465262203,0.6693285729313346,sym15
32768,0.07895132211538461,7.207505404949188e-06,0.001266106166077563,0.03558238561532325,-0.028686814669585586,41.48776855226606,3840.8004794527574,3575.464344027352,4289.02017754022,23115.70118488982,152.0384858675257,0.6992718876355772,db29
32768,0.07291165865384615,-7.615424692630768e-06,0.0010455212125888556,0.03233452044779473,-0.0002816209373776845,34.25964099448174,3973.242888731246,3696.337521709106,4277.072059666479,22202.01772854314,149.0034151573149,0.650644637505573,sym13
32768,0.07243088942307692,-0.00013821572065353394,0.0008213736504769087,0.028659617067869358,-0.008788455639569327,26.915397765114903,4030.127485994214,3766.2101078888472,4405.103381959056,27577.889530539473,166.0659192325128,0.698757353884454,db34
32768,0.08458533653846154,-0.00013001170009374619,0.0007203287972878103,0.026838941806409028,0.0006793968521753296,23.604287908412516,4065.334192213534,3802.906998057298,4368.71663206382,21278.083918179076,145.87009261044253,0.7214121724911874,coif17
32768,0.06023888221153846,-4.1937455534935e-06,0.0006370404243567347,0.025239659751207715,-0.006965183301520724,20.874541201628745,4306.106288128945,3964.013143100527,4756.009202058387,30625.96970746699,175.00277057083122,0.6698363567036898,db23
32768,0.06638371394230769,-8.99098813533783e-05,0.0006133904757643499,0.02476672113470715,0.07108615748550122,20.099843999370933,4350.625218488077,3982.9763567371588,4730.053132786228,22001.020861999015,148.32741102708903,0.6851668300908351,db37
32768,0.0591796875,-0.00014830846339464188,0.000593464820060805,0.024361133390316737,0.11926784657053935,19.447375969029963,4532.138155498901,3689.904893973696,4975.390186700668,45909.44293335758,214.264889642138,0.6516301881410053,sym15
32768,0.0646709735576923,8.915457874536514e-05,0.0005574071058347664,0.023609470680952725,0.0019105030336640163,18.265376501716673,4445.300043968983,3886.8122560621214,4945.372515678248,39623.04685617761,199.05538640332648,0.6299497830396773,db20
32768,0.06205679086538462,-5.351938307285309e-05,0.0004741058929353635,0.021773972833072138,0.025314347888874097,15.535595757886767,4643.555215119075,4233.29556124137,5044.171579616607,30647.228565527053,175.06349866698955,0.6525094576650549,sym15
32768,0.06808143028846154,-0.00013676472008228302,0.0004058914710410831,0.02014674839871395,0.07304460322136407,13.300864635035396,4730.315655350388,4463.549384439607,5143.01125133379,19119.10925092411,138.2718671708895,0.6595116192557073,db25
32768,0.06581280048076923,2.5238841772079468e-05,0.00040328113725494885,0.020081860901195108,-0.002556250126781889,13.214737178757787,4718.007131727056,4227.5941745031905,5171.856265888027,50103.34230583771,223.8377588920996,0.6714815870391722,sym16
32768,0.07159705528846154,5.498528480529785e-06,0.0004260188514491059,0.02064022411334494,0.09199374837469276,13.959786714985967,4695.551056884686,4082.416096434073,5282.846363228862,82541.78793479808,287.3008665750907,0.6667498204677164,rbio6.8
32768,0.11115534855769231,-0.00020016636699438095,0.0006161333328047736,0.024822033212546744,-0.028993356964592234,20.19076995085925,4207.719660616718,3848.8743094602746,4651.245259712996,43329.39790929541,208.1571471492041,0.6801815168870583,db21
32768,0.11283052884615384,-8.867494761943817e-05,0.0005186742894981965,0.022774421825771923,-0.04082566229662118,16.996176781132817,4353.12834407453,3892.192027929071,4966.341978072523,66772.94522397948,258.4046153302597,0.721743192125295,db28
32768,0.07769681490384615,-0.00011951476335525513,0.00032322857419492257,0.01797855873519684,-0.09922421442421525,10.59202197007835,4879.123370672436,4431.777445287775,5461.068678041287,53287.23288558156,230.8402757007138,0.6627524142201004,db32
32768,0.12972506009615384,-1.0512769222259521e-05,0.0008487530573541568,0.029133366735654788,-0.020750693364980637,27.811943804845214,3902.8738995316785,3225.8731651994062,5046.938749890925,232336.56590099027,482.0130349907462,0.7331567521018015,sym19
32768,0.12041766826923077,-0.00014305859804153442,0.0011575699711272036,0.034023079977086194,-0.09166474200263458,37.93192343600094,3671.468953897584,3173.081173113162,4295.158161157435,67524.30838921244,259.854398441151,0.7403772555495065,db28
32768,0.09134615384615384,3.685988485813141e-05,0.0008387499822422838,0.028961180608571255,0.046492718599507175,27.484203938394785,4009.9055891503485,3250.3164736797617,4966.58278225256,199600.1393512611,446.7663140292261,0.7461746095327794,db5
32768,0.05703876201923077,0.00012993253767490387,0.00040209123236231367,0.020052212655024226,-0.050033446511392854,13.176278706640005,4963.462488781442,4582.588977893042,5404.108886732595,54539.12284335839,233.53612749071263,0.6345541059202724,rbio1.5
32768,0.08004807692307692,-0.0002852547913789749,0.0003715335229579862,0.019275204874604736,-0.055473181153259346,12.177076822146773,4819.508680150245,4568.804008187333,5196.067170965126,19064.96268419721,138.0759308648586,0.6423468366676693,sym12
32768,0.07298677884615384,0.00010321475565433502,0.00035316658826414424,0.018792727004459577,0.049550448193460224,11.572911851108074,4817.505094838941,4437.689422773062,5166.594306589272,29406.866533023018,171.48430404274035,0.6559767331397192,sym15
32768,0.13262469951923078,-0.00016817543655633926,0.000442983119574968,0.021047164169430713,0.02906227991211294,14.516597638837993,4456.601679615182,3878.4899960270063,5113.976199322472,69756.78554353603,264.11509904497325,0.7362737326170866,db35
32768,0.09614633413461539,5.747843533754349e-05,0.0004008840789966943,0.020022089775962305,0.020171055905745267,13.136277758516371,4753.401943257832,4146.60403369792,5037.837048926597,36342.686864389805,190.63757988494768,0.6778534894073562,db17
32768,0.0796875,-0.0001952173188328743,0.0003899341463568717,0.019746750273320207,-0.05234253712517725,12.778610889799893,4759.749671401718,4514.440546416356,5121.593881548034,13968.432207110594,118.18812210671001,0.6289354980382453,rbio6.8
32768,0.07465444711538462,3.594253212213516e-05,0.0003846416976648328,0.019612284356107852,0.038046591946226505,12.603981480933726,4775.08561947974,4309.095373242998,5229.362113625614,62060.47437012458,249.11939781984978,0.6602311218728997,db27
32768,0.08585486778846153,-0.0001375153660774231,0.00043714596196137157,0.02090803582265373,0.08865163492515621,14.325018540024757,4505.165079121088,4051.208689216074,4910.850207659314,29199.395232507857,170.87830533016137,0.6695536875590331,sym4
32768,0.08043118990384615,-0.00012499652802944183,0.0003515487013807349,0.01874963203320894,0.05885934766174877,11.520059818401933,4730.319297520474,4114.971347782863,5189.02990971191,70000.58683318319,264.57624011460894,0.6750661809099475,sym14
32768,0.07984525240384616,0.00010075606405735016,0.0003320758269705591,0.01822294781232057,0.08071269474169641,10.881793351843953,4814.6979670836245,4363.5028461519305,5098.238555262787,29416.633984752214,171.51278082041645,0.6656919752079101,db22
32768,0.07237830528846154,-6.610807031393051e-05,0.00032050212767982447,0.017902573213921635,0.07412902536945021,10.502356925047934,4843.0824399993635,4306.396298058062,5182.325726776152,40969.85477692719,202.41011530288498,0.648889832437714,coif14
32768,0.06241736778846154,-8.544605225324631e-05,0.00035754990923691273,0.018908990169676242,0.06124657357683715,11.716434665955603,4856.798959182371,4283.13732001796,5178.941095381386,27427.06731254848,165.6111931982512,0.6431262696662006,rbio3.9
32768,0.06480618990384615,-0.00023366138339042664,0.0004111919304320283,0.02027786799523136,0.07371030959463334,13.47572623193264,4747.680916410995,4412.2704740337285,5085.3985804156055,17076.942630459784,130.67877651118326,0.6270416818013022,db21
32768,0.06425030048076923,-5.267653614282608e-05,0.00039850918082009925,0.01996269472842029,-0.052722570618016835,13.058439762331545,4675.833001203958,4339.209553810895,5145.457088231446,26891.817672962978,163.98724850720248,0.6603438724066716,coif2
32768,0.06074969951923077,0.00011616572737693787,0.0005300940221481948,0.023023770806455547,0.011135888934001567,17.370563104748726,4551.14679853147,4025.9595710338886,5126.847520089725,52614.47592206665,229.37845566239793,0.6139084361639332,db22
32768,0.05654296875,-6.617885082960129e-05,0.0005909740189084165,0.02430995719676233,-0.05092124445741228,19.365180163644254,4528.139326939724,4120.310682140564,4943.742403111705,21404.563864439406,146.30298651920748,0.6342866128551791,sym11
32768,0.06632361778846153,-0.00016217026859521866,0.0006029878857788653,0.024555811649767664,-0.04411479331033544,19.75956881325692,4394.082062641195,4106.918876603309,4705.107534040392,21220.807850300807,145.67363471232812,0.6765592721445941,db38
32768,0.07461688701923076,-8.613429963588715e-05,0.0006278708304139034,0.025057350825933362,-0.09947372389360389,20.574314480647445,4191.14159831347,3901.479035113027,4511.423599660492,21160.22560929951,145.46554784312164,0.7053304830841886,db16
32768,0.07912409855769231,-3.8504600524902344e-05,0.0007147697846079382,0.026735178783915736,0.05805255145350296,23.42162488400936,4144.311077344802,3927.6180234636,4413.916486034346,12281.444032984753,110.82167672880948,0.698925770115075,coif16
32768,0.08779296875,-2.6523135602474213e-05,0.0008623195102362969,0.029365277288598807,0.01052556618179569,28.256508762948215,4086.503846787976,3901.9623913171404,4697.756572034069,15857.457301706541,125.92639636591902,0.7304942185759644,db32
32768,0.08949819711538462,-0.00014596804976463318,0.000931979101612232,0.030528332768302822,0.034922630764645704,30.539789378643036,4159.198687589586,3949.5769796771806,4681.187375958731,12618.806994821414,112.33346337944636,0.7315927824259246,coif17
32768,0.09295372596153846,8.387397974729538e-05,0.0013499372599998839,0.03674149234856804,-0.006896815782429971,44.234974653460085,4090.202490424765,3875.542889973487,4379.605581758054,10096.976607215305,100.4837131440479,0.7407782950542093,db21
32768,0.10202073317307692,7.51204788684845e-06,0.003276829918050779,0.057243601546817256,0.062281521583761774,107.37516460381448,4076.2606135335036,3749.7182963142177,4609.896800986039,29581.35878750596,171.99232188532707,0.7759098728874458,db26
32768,0.11165865384615385,-0.00027116481214761734,0.006426357385737948,0.08016456440184745,0.049489156049443046,210.5812882585451,4149.543105694182,3564.73982316207,4606.315392203567,53117.482079666435,230.47230219630825,0.7890769542052877,coif11
32768,0.17405348557692307,8.551403880119324e-06,0.004515167086057366,0.06719499301329948,0.07608945772873872,147.9529974721372,4811.456605530941,3943.239200348357,5489.761460563258,159806.3804110875,399.75790224970854,0.8314928909864939,db19
32768,0.21425030048076923,4.189088940620422e-06,0.000930579336243461,0.030505398477047647,0.09287363377963137,30.49322426505387,5596.896627376359,5111.716389563227,5987.322968972493,42316.59648962263,205.7099815021688,0.813512166892515,db21
32768,0.12910907451923076,-0.00012265611439943314,0.00057569827046467,0.023993713144585812,0.03412401171975272,18.8649739054963,4988.932518002586,4537.705712671599,5236.541093079709,35091.91453075938,187.32836018809158,0.7464701384585825,coif14
32768,0.09696514423076923,-0.0001426367089152336,0.0004898299788701409,0.022132102902122537,0.05128173413804548,16.051415420137346,4818.168671293149,4448.111490412046,5050.460911404539,16968.572128963377,130.26347196725325,0.6296401852063037,db34
32768,0.07447415865384616,-5.352310836315155e-05,0.00039663133556233285,0.019915605327539828,0.07511606009709577,12.996909474954009,4831.630607182426,4318.153312352198,5266.882629351379,42644.16168407203,206.5046287231161,0.6617929019048172,bior5.5
32768,0.06294320913461539,-3.606081008911133e-05,0.0006142605831449544,0.024784280968891438,-0.007724549268054132,20.128133399412036,4608.384945155266,4054.000855902433,5327.820867478712,82165.16834694389,286.64467262962324,0.6646378004188344,db15
32768,0.07602163461538461,4.9388036131858826e-05,0.0004451633157898892,0.021098893710095067,0.17140005403200273,14.587191458791494,4872.924259681579,4217.812799848023,5151.460356928754,54182.229128897314,232.77076519377883,0.6065607972603603,coif15
32768,0.062079326923076925,-6.272736936807632e-05,0.0005148285030215489,0.022689832591307257,0.052025637122357304,16.870029320009053,4648.947899116574,4273.5629331804585,5067.20897426535,33432.80250606969,182.84639046497387,0.6222795343403359,db15
32768,0.07364783653846153,-0.00013193953782320023,0.00045726993266684876,0.021383870853211976,0.09695495351233592,14.984391580335796,4633.332738049175,4211.728510428496,5026.735870452102,32922.83337715521,181.44650279670648,0.6067498356056926,coif2
32768,0.10975060096153846,-0.00017913524061441422,0.0004336503711328672,0.02082427360396677,-0.05693188851269754,14.210906867869198,4559.413121113164,4244.136342757164,4947.746312294768,25644.9328972018,160.14035374383872,0.6849437573161671,db24
32768,0.08801832932692308,0.00011784769594669342,0.00046332829989084376,0.021525062134424695,0.023685088630703656,15.182796815410256,4499.709306060099,4126.793310852224,4844.870673199996,23870.252916067322,154.50000943711078,0.6542962258860188,db26
32768,0.0938251201923077,-1.1539086699485779e-06,0.00044122012287038567,0.02100524036687954,0.08642474553840442,14.457901029847562,4581.662688529874,4019.0623179666873,5296.94576434634,108223.4110158886,328.97326793508404,0.6808221077787673,sym13
32768,0.06298828125,-0.00016397889703512192,0.00027419840607907555,0.01655893734751948,-0.07861459220602435,8.9858144717291,5040.389692147617,4819.306042383319,5332.257465512149,11255.206313678882,106.09055713718767,0.6750497264022213,bior4.4
32768,0.06533954326923076,-9.391084313392639e-05,0.00040392672441245947,0.020097928361213237,0.08615118780937682,13.236159894615412,4755.100853202849,4307.681003732242,5143.11054492552,34526.00829258575,185.81175499032818,0.6236650500878509,db23
32768,0.08048377403846153,-0.0001519974321126938,0.0004143700061755816,0.020356080324452977,-0.04982767001861366,13.578833408653736,4564.4812192371255,4103.434490201916,4829.62678368277,21936.03624701611,148.10819101932245,0.6450842707671041,coif13
32768,0.07312950721153846,0.00019819382578134537,0.0004930299552648305,0.0222042778595664,0.12264278232998169,16.15689272712916,4524.920020098705,4128.943678366143,4783.029683279928,29752.250078693978,172.48840563554984,0.648813427122938,sym16
32768,0.05723407451923077,-0.00012703239917755127,0.00040328168005543397,0.02008187441588643,0.1362919959409432,13.215262876823545,4837.849012115373,4514.6358658902445,5085.404414618216,14609.720246094199,120.87067570794083,0.612193927596799,db30
32768,0.08315805288461539,-9.405240416526794e-05,0.000500058775860332,0.02236199400456793,0.01973843689932294,16.386215828359127,4478.311752955244,4217.631329650473,4768.838547438344,17813.474339146476,133.4671283093574,0.6690643602978568,rbio3.9
32768,0.09995492788461538,-0.0001977449283003807,0.0005065646626719729,0.022506991417601173,0.029410602022210477,16.600392195396125,4406.994900006326,3990.4270158275713,4875.1614144707255,42527.195522058464,206.22122956198876,0.6841871964944546,rbio1.5
32768,0.08815354567307693,-6.031431257724762e-05,0.0005849306083325033,0.024185338706177,0.052624993839912364,19.16712537780404,4280.690893793794,3978.707810050053,4703.464951621772,20954.930832951908,144.75818053896612,0.6699748341971645,db35
32768,0.07626201923076924,-0.00011071376502513885,0.0007212900632177464,0.026856843880429183,-0.003983044775554695,23.635634446516633,4193.474732464928,3513.540681091711,4738.555003498374,51259.33244705742,226.405239442592,0.6546662766959895,db27
32768,0.07623197115384615,-9.47117805480957e-05,0.0005207654859553656,0.022820286719394338,0.013092500319185746,17.064737383276224,4512.281650704569,3997.9764258135688,4748.586231294988,25960.708666403156,161.12327164752818,0.65693574369259,db5
32768,0.08050631009615385,-1.7527490854263306e-06,0.0007942648134050232,0.028182704153523367,-0.07887563399861382,26.026469506323338,4432.170822053943,3948.8005387917033,5096.937835468542,77009.36807458395,277.50561809553324,0.6125075765358172,db27
32768,0.07128155048076923,4.7363340854644775e-05,0.0005983142652152273,0.024460463307452444,-0.039341365865529325,19.605635350570083,4482.052606262525,3706.173454996542,4970.990505092707,91374.88702995531,302.2827931423741,0.6952802400400285,coif2
32768,0.0607421875,-2.9955990612506866e-05,0.0007938822562864381,0.028175916245730823,0.00834058306585068,26.0139631787315,4492.875574446063,3823.432350172709,5216.7289925470395,127024.50255466379,356.4049698792987,0.6583579868365214,db29
32768,0.07466195913461539,-7.94343650341034e-05,0.0011880984350512852,0.034468803794899604,-0.027507755422946454,38.93181627988815,4004.9643221013544,3375.6344897772497,4471.610566021777,83546.37616122382,289.0439000588385,0.6909173294979375,db25
32768,0.10206580528846154,-0.0001305593177676201,0.0028568632023251777,0.05344963238718464,-0.06990008190482414,93.61425196845084,4096.942571357581,3535.6073366932487,4796.123795165949,83245.8321544551,288.523538302259,0.7318068357938281,bior4.4
32768,0.09632662259615385,-4.163570702075958e-05,0.00342496422742788,0.05852319392709082,-0.10384639977205036,112.22928460873663,3842.779137440918,3133.63650195548,4455.1218910799225,131880.15765855164,363.1530774460704,0.7341917652815584,db3
32768,0.07237830528846154,1.3238750398159027e-05,0.0014476885016969211,0.03804850196390025,0.03658602819898644,47.437862566672266,3551.0912664002553,3162.7868020968754,3984.93470363117,53366.21120856865,231.01127939684818,0.7362954968795213,db20
32768,0.07412109375,-8.200854063034058e-05,0.0015299119023381436,0.03911408828463401,-0.02287388424029213,50.132373593747616,3508.3689156075366,3265.5877610691587,4103.938008446741,20662.98845919313,143.74626415734474,0.7359315829946333,db38
32768,0.08062650240384615,8.158385753631592e-07,0.00121053991650176,0.034792814150363865,0.0905384277197641,39.66697200573981,3680.9064727479886,3217.2543596299724,4249.018132659382,30897.65156658364,175.77727830007962,0.7260251448711489,db31
32768,0.07554086538461538,-0.00018506497144699097,0.001400615655509918,0.03742480000627817,0.029736225746557106,45.89649607241154,3548.3520566678458,3177.2467111323563,3821.7614661385064,20664.497224125018,143.7515120759605,0.7295805113198026,db35
32768,0.06005859375,-8.207745850086212e-06,0.003620542019937465,0.0601709399954618,0.07737661959195688,118.63792311679572,3231.7324174332034,2488.1187951714214,4354.880100973196,77535.57550766105,278.45210630853745,0.6786132479482789,coif17
32768,0.06499399038461538,-3.9177946746349335e-05,0.0045361019384728895,0.06735058974109202,-0.001254824473421761,148.63903861586004,3017.6974663553488,2666.5595890260765,3879.270504181495,34716.28258800634,186.3230597323003,0.728459503011295,sym15
32768,0.06138822115384615,-0.00021707359701395035,0.009779317146128633,0.09889043000274916,0.008414990507549599,320.4502083035186,2743.5301434759244,2260.146693729182,3157.537370586425,29352.267526651627,171.32503473413226,0.7222525280610567,db34
32768,0.06545222355769231,-0.00012402236461639404,0.009665805756865486,0.09831482979116368,-0.07283221423102397,316.7296270634979,2608.5836265234016,2351.36577530077,3179.1673333792346,18925.45666595601,137.56982469261206,0.7398013484344881,coif15
32768,0.062109375,0.0001419680193066597,0.021064350327800643,0.14513562735524535,-0.023833229326220697,690.2372919777408,2363.241938163063,2195.5419432169715,3764.2511151453864,39400.19846249488,198.49483233196497,0.725612136764507,db31
32768,0.06568509615384616,-7.719919085502625e-05,0.02733633909619946,0.1653370469562084,0.05539676865227701,895.7573547922075,2415.3145321869224,2089.7608637170097,3980.3765353973927,92502.58721746375,304.14237984447965,0.7301107598416025,db37
32768,0.057294170673076926,1.8388964235782623e-05,0.03251647693256426,0.1803232567711782,0.014288623772259371,1065.4999272068962,2194.0203711861227,1973.0620700335628,3860.865664099441,61782.18597471833,248.5602260513905,0.7072602062738903,sym16
32768,0.051171875,-0.0001341104507446289,0.03461509518608352,0.18605132406431169,-0.0015433838477628258,1134.2680284101516,2205.991359490477,1919.7641172604426,3600.274314569853,49301.00355198188,222.0382929856512,0.7068309167929454,db34
32768,0.047926682692307696,0.00033682677894830704,0.034710094663574886,0.18630645362835632,0.007949283320338984,1137.3840995403007,3003.7296950946297,2084.5647840257843,4342.402824380505,318164.89110894647,564.0610703717697,0.6948707743242942,db32
32768,0.041826923076923074,5.967635661363602e-05,0.017406758299217638,0.13193467436279835,-0.037050533227820225,570.3847726443782,3037.7101400469946,2682.528211603532,4549.501923398571,91336.84659645961,302.21986466223495,0.6424857151705861,db22
32768,0.047791466346153846,-0.00031052064150571823,0.005269609145439898,0.07259207357170545,0.07893406988244207,172.67771206889302,3117.2376857370095,2899.0382993733715,3840.7521800080954,24514.266008244947,156.57032288478217,0.6894290156381598,sym15
32768,0.04968449519230769,-0.0001048622652888298,0.0027682341819375202,0.05261401127016947,0.05481187693274585,90.70985799375921,3545.274430519155,3055.1395946663656,4010.751843005546,37723.57184619676,194.22556949638934,0.6847567191387156,db38
32768,0.05440955528846154,-7.638242095708847e-05,0.0019330084932597785,0.04396599246303646,0.07676592047194652,63.34101348463446,3542.289491207594,3277.8714303240395,3928.229043028261,17075.922556782672,130.67487347146226,0.6967691935544988,sym17
32768,0.05421424278846154,0.0001270826905965805,0.0017139603409086178,0.041400004117253635,0.028348387672082958,56.163581654429436,3596.765764844029,3380.847380488568,4091.140077726919,18318.536750830615,135.3459890459655,0.7102768115296262,sym20
32768,0.043712439903846156,-0.00021614693105220795,0.002606506593675585,0.051053957669073856,0.0974275623467261,85.41153896600008,3476.918270516564,3210.2020850817876,3859.321777973026,18064.59198445448,134.4045831973541,0.6848442790339103,bior6.8
32768,0.052080829326923074,-2.7691945433616638e-05,0.002713420016649505,0.05209049833366451,0.013651681952682024,88.91337223351002,3552.010366735579,3342.674841324333,4028.685186412413,19988.88292414405,141.38204597523708,0.7141794917555262,coif15
32768,0.05616736778846154,-3.852415829896927e-05,0.00447747999110943,0.06691397455770678,0.03242278890610013,146.71811298001558,3627.28719183851,3381.4502521296054,4121.3730159055885,17702.199342627187,133.04961233550134,0.7103507263713167,sym16
32768,0.05244891826923077,-0.00016024615615606308,0.021705324586419883,0.14732727034198348,-0.044796323519732076,711.2409174917266,3113.4692620133355,2474.3355084303207,3743.2305815474474,95599.45304070975,309.1916121771575,0.70869725132564,db27
32768,0.04657451923076923,2.9578804969787598e-06,0.03196880993084988,0.17879823805297937,0.03672832165255446,1047.553964100778,2380.586934416343,2122.947236860533,4512.695665013929,100861.33950862373,317.5867432822468,0.7034257357976991,db34
32768,0.05077373798076923,-3.081653267145157e-05,0.021882749913113893,0.14792819174556923,0.10657076427989634,717.053980271332,2840.0683228996263,2286.955193334533,4635.753437569322,91551.73693177555,302.575175670073,0.697522991789467,db32
32768,0.05202824519230769,-3.82494181394577e-06,0.010970659277411594,0.10474091501133449,0.033549578401324893,359.48656368162483,2830.190708712501,2443.37583763764,3195.2142760184474,27147.281799487573,164.7643219859432,0.7089968439943832,db36
32768,0.04546274038461538,-0.00016341917216777802,0.008673192627960784,0.09312997706410532,0.1631537751562751,284.20405112951994,2695.5647881554387,2178.4614537098428,3170.263037700783,42294.49623669661,205.65625747031527,0.6967025375253366,db37
32768,0.046544471153846155,2.7519650757312775e-05,0.0054302636213145105,0.07369032244002269,0.003809892453934146,177.93890315946192,3023.8995654251867,2730.863107991992,3748.7621995448767,36267.853624321644,190.44120778949508,0.6996626139976098,db29
32768,0.05087890625,-0.0001744646579027176,0.0030629299399438327,0.055343743457990195,-0.02019246260915691,100.36708566173911,3222.099485560591,2841.95193808497,4336.514454686084,49302.18699504789,222.04095792228938,0.7040901317939019,db27
32768,0.051600060096153845,0.0002106865867972374,0.0034107201136524806,0.05840137081997717,0.021383412101105722,111.76393121760339,3174.3603079726627,2872.662087623474,4498.478775956434,48705.42111549602,220.69304727493346,0.7110203325551563,db29
32768,0.06080979567307692,-0.00023988541215658188,0.00239739247393579,0.04896317467174478,0.014255911879256542,78.55964222084731,3409.122878102625,3018.2631055218603,3748.9493477276437,30071.251059440834,173.41064286669615,0.7253776916456329,db16
32768,0.06431039663461538,-4.632771015167236e-05,0.0014367576619436218,0.037904586291682724,0.021059232846624396,47.07974539510906,3642.041485078476,3288.318508294876,3962.2371874989817,22339.621759612117,149.46444981871815,0.7217291153371838,db36
32768,0.07035006009615384,9.278673678636551e-05,0.0011917937057837253,0.034522365298219726,0.037335148260394135,39.05297826323658,3693.135612043335,3339.3265695724044,4077.4457417598014,24883.369338041717,157.7446333097951,0.7245416513972016,coif15
32768,0.05339543269230769,-6.918702274560928e-05,0.00130481715561062,0.03612225291438257,0.012478484813170028,42.75640541035682,3910.1777302259834,3504.8977935713974,4260.254853969839,25994.657047631972,161.22858632274853,0.6206799016034488,sym16
32768,0.08125,-6.644241511821747e-05,0.0009970825340492283,0.031576613720429685,0.05693310389146043,32.672545133158565,3996.7076183326353,3527.8377433737896,4369.530552461666,44533.1678494046,211.0288317965216,0.6968146199574508,coif17
32768,0.10458233173076924,-0.0002081841230392456,0.0011570845034947208,0.034015944842010794,0.01877324558194996,37.91676519624889,3862.820289890295,3372.0249803097245,4294.558517117214,45388.872934873405,213.04664497445953,0.7171620092033232,coif12
32768,0.12557091346153845,9.766686707735062e-05,0.0011639040307533156,0.034116037735254595,0.00841767047839154,38.13911984767765,3968.2976611965837,3378.231675447966,4385.925402744792,87752.17679090863,296.22993905226497,0.7293037768589552,db32
32768,0.057850060096153844,-0.0002048918977379799,0.0007303677411070731,0.027025316669875916,-0.07770520238521103,23.93406576383859,4218.804304248463,3639.1941027752673,4583.648975978365,26862.55040906261,163.89798781273248,0.646664165051864,db15
32768,0.07189753605769231,-7.431954145431519e-05,0.0006763880055826177,0.026007460575431383,0.08637417856714211,22.164063157513738,4224.717092640311,3899.240197364636,4618.093200393607,18405.839379174766,135.66812219226287,0.6498365503266063,coif14
32768,0.08057391826923077,6.018485873937607e-05,0.0006151658958390694,0.024802538092684574,0.05794886412003781,20.157874767668545,4310.148976972548,3999.6566108241263,4746.650660869473,20911.403920602934,144.60775885339947,0.6752424147890083,db29
32768,0.05978816105769231,-0.00012341327965259552,0.0004549922196742627,0.02133054663327367,-0.010245709798117657,14.90968413837254,4608.643499176637,4347.931592382403,4955.815779766149,20523.315702424712,143.2596094592775,0.6761864156610412,db36
32768,0.05714393028846154,-2.6814639568328857e-05,0.000437250260619082,0.020910529898093975,-0.009111484612231824,14.327840100973845,4654.040944383876,4405.042422694404,4938.136374189502,19501.177873867695,139.6466178389856,0.6604048777851078,rbio3.9
32768,0.07164963942307692,-1.8822960555553436e-05,0.00042611103205677283,0.020642457025673393,-0.020361205363496535,13.962817908264697,4553.396992343403,4272.662598039214,4974.329219545917,21674.38397818934,147.22222650873522,0.6792154789734252,db25
32768,0.057594651442307694,-0.00015338510274887085,0.00039970504473213486,0.019992624758448672,-0.04295591873664808,13.098305838182569,4747.160412862703,4463.679511627734,4977.955355318304,12359.88345999376,111.17501275013986,0.6489178870826855,db20
32768,0.07475210336538461,9.075365960597992e-05,0.00042103700933279406,0.02051918637112091,0.054354448400502534,13.796810606494546,4640.697108917797,4180.282366901427,5044.727690623962,37425.04969422962,193.4555496599403,0.6731343778688236,rbio3.9
32768,0.06496394230769231,-0.0001895250752568245,0.0004647282280246999,0.021557556170046267,-0.03309190576728003,15.229391594417393,4659.086304335486,4247.298026836859,5112.9557531227965,31700.58866726585,178.04659128235465,0.6653976666297721,bior4.4
32768,0.07019981971153846,-1.8584541976451874e-05,0.0005849030338492464,0.024184768633361917,-0.0012972442846650187,19.166113930754364,4463.467668273253,4101.816318686262,4931.431889492588,29890.870859962182,172.8897650526548,0.6651887060893349,db37
32768,0.10791766826923077,9.378418326377869e-07,0.0009595709592546675,0.030976942380658998,0.060703426201005196,31.44322122167796,4246.280027214587,3377.957320864756,4703.725134573152,104364.70323249785,323.0552634341342,0.6864270358285818,sym11
32768,0.1411358173076923,-3.780703991651535e-05,0.002351976352867788,0.0484971788134917,0.021157689808969263,77.06960796844214,3823.5956469728712,2876.350230733214,4829.261002148116,280861.73285633716,529.9638976914722,0.6782293277646363,db38
32768,0.1353064903846154,-0.00020642392337322235,0.002960930512145017,0.0544144329396624,0.017636484120370523,97.02516729384661,3890.8234811330753,2913.675760405854,4870.347215282205,304982.37534043845,552.2520940118185,0.6011296888560761,db29
32768,0.09067758413461538,-5.952548235654831e-05,0.0011662288481719188,0.034150092945289603,-0.07858253410890938,38.21510300319642,3948.7544340351596,3226.136400197528,4757.658065104582,74568.95576832654,273.0731692574841,0.6626342235367916,db33
32768,0.07034254807692308,-6.070174276828766e-05,0.0008134180389472688,0.02852048454965779,0.0013233832337321352,26.654203040525317,4084.454318532928,3490.0545758386547,4673.073733882833,48697.64604166461,220.6754314409844,0.7037868838722571,coif12
32768,0.0684344951923077,-8.846540004014969e-05,0.0007151050396497413,0.026741447972197418,0.0012776466941879108,23.432818385772407,4087.588114090021,3710.1885696220975,4410.622028921896,24546.525782466724,156.6733090940085,0.7058951149738779,db20
32768,0.06280799278846154,1.4469027519226074e-05,0.0008377743863563492,0.028944332542940928,0.029076184235235402,27.452197952196002,4013.0810266563703,3528.3285291765455,4299.728603540115,25235.35256553704,158.85638975356653,0.7105374110815391,bior5.5
32768,0.10518329326923077,-0.0001725992187857628,0.0013940380260721572,0.037336818638873844,0.020729687733192843,45.68081421311945,3707.848660424723,3269.3169750950337,4064.5353189554066,39467.94893845798,198.66541958392753,0.7446501280963278,db32
32768,0.11559495192307692,8.722580969333649e-05,0.0024009920742079317,0.048999919124503986,-0.004244675241815347,78.67595759779215,3602.177008878129,2884.360275632167,4095.2365445204596,88482.45648220414,297.4600082064884,0.696326989654751,db34
32768,0.12637469951923078,-0.0002853730693459511,0.0036222668618262326,0.06018527113693377,-0.016059784642267417,118.6971090817824,3342.4254203807413,2766.0504369878545,3836.8613519629366,76216.83496880607,276.0739664814596,0.6848273051599553,db27
32768,0.08944561298076924,0.00010216236114501953,0.003643971516950728,0.060365317169304496,-0.038925372433863965,119.40600067190826,3503.8621578529273,2769.31619377423,4284.154868887628,78657.4388387374,280.4593354458671,0.5911948997708145,db30
32768,0.06527193509615385,-8.963700383901596e-05,0.0020835689630266784,0.04564612757974852,0.04148197319523685,68.27465106453747,3380.253778509571,3029.9667549542496,4267.067934427601,33728.614066639464,183.653516347059,0.733244270615616,db36
32768,0.06169621394230769,0.000109037384390831,0.0034593919887038424,0.05881659620127505,0.04377594683405042,113.3577462695539,3107.934631241581,2739.0327582069017,4104.975195425139,49268.85197678019,221.96588020860366,0.7345959217425897,db30
32768,0.057376802884615385,-0.0002490011975169182,0.006882161614833063,0.08295879468045002,0.017312160660736507,225.5167034631595,2779.164666118164,2523.453769230717,4035.6401505248627,41504.72665688599,203.72708866737872,0.7251065575868275,db38
32768,0.07262620192307692,0.00010219588875770569,0.014359377565723122,0.1198306203176931,-0.025129147936324953,470.5284263025969,2587.6991803870646,2368.6797839406568,3017.247420297487,12410.964680512237,111.40450924676361,0.7294693545298565,db35
32768,0.0715069110576923,-0.00019616447389125824,0.024647444058011305,0.15699504469253578,0.003996962552755139,807.6487078219652,2457.886986063347,2288.2425991522555,2777.691736936064,8221.199445099954,90.67083017762633,0.7303759356754588,coif15
32768,0.060975060096153846,-4.4082291424274445e-05,0.03195643614222447,0.1787636320458512,0.01855632184764946,1047.1485631847754,2457.420690472093,2268.776611285016,3721.3585236088925,33957.782351400296,184.27637491387847,0.7144641832519939,db20
32768,0.055250901442307696,0.00030736811459064484,0.0357291455606768,0.18902154787398392,0.011656638909417111,1170.7757374942303,2648.292200978634,2314.3476373487624,3637.1946205604554,61362.69763489057,247.71495238457157,0.7115859285237404,coif14
32768,0.047385817307692306,-0.00013122428208589554,0.030320013396553807,0.17412642934532888,0.026685181683823427,993.5267632370815,3392.5107711434475,2730.1967114649033,4047.7864717622715,114901.15347111478,338.9707265695886,0.6807294995146004,db35
32768,0.050353064903846154,-7.94464722275734e-05,0.011756930656085922,0.10842938096330682,0.026640001270261757,385.2513105617836,2819.174790443345,2564.1700429025873,4125.976072890824,52811.127458442665,229.80671760947865,0.6920942492530071,db30
32768,0.05090144230769231,0.0001205839216709137,0.005610119025398749,0.07490072780286416,-0.03281806265262087,183.83285668678582,2960.584855115258,2645.969370252945,3614.7351429559794,18046.13437348292,134.33590128287716,0.7036314219221621,db35
32768,0.07657001201923076,-0.0001677917316555977,0.0045376688313437455,0.06736222109865252,0.04928055805161061,148.6912548178807,3062.0954359395914,2738.1487802647534,3738.0619576464283,28115.661496396882,167.6772539624766,0.7338537199416764,db37
32768,0.09393780048076923,-7.479265332221985e-05,0.0037642857004328424,0.0613537749485135,0.010393881642767631,123.34829713404179,3315.3567513456637,2887.618504768667,4502.120614382121,72257.89946783947,268.8082950130808,0.6968053253449811,sym19
32768,0.10960787259615384,-6.850901991128922e-05,0.0034195971090767007,0.05847732132268629,0.02811091803603599,112.05351186636835,3412.7672609001975,2905.615785938002,4168.017718039242,57829.57692034216,240.47780962147456,0.7065331285676474,db22
32768,0.12371544471153846,-8.428469300270081e-07,0.0029755571513307277,0.054548667731950405,0.06643688586921051,97.5030567580834,3363.7103202473972,2840.701969375919,3729.9375772647363,43540.50112944937,208.66360758275354,0.7117611352345999,db35
32768,0.1265850360576923,-0.0001658061519265175,0.0023245836207337594,0.04821393595977992,0.07959490314137357,76.17285693157464,3486.711237759864,2859.252056322357,3891.065620682866,63150.88167016047,251.2983916983164,0.7496129776650075,coif14
32768,0.13337590144230768,0.00016461964696645737,0.0020372893602484243,0.04513634190149246,0.03997315875732059,66.75878575723618,3688.024910549746,3005.1039875179276,4160.772051534971,97389.715224823,312.07325297888474,0.7296780829744911,db38
32768,0.13297776442307693,-0.00020842812955379486,0.0013235026017489845,0.03637997528516181,0.04441155849254144,43.36995677091181,3854.5086763745985,3182.9644758072204,4452.664806202338,137547.25438001347,370.8736366742903,0.75416768941191,db34
32768,0.1234375,5.061458796262741e-05,0.00135604168572146,0.03682447128909606,-0.0768864616763097,44.43485790397972,4047.266263337855,3281.262366218849,4845.567612604875,171139.18494581844,413.6897206189905,0.7086076640892436,db31
32768,0.07904146634615385,-8.09505581855774e-06,0.0005150964414716158,0.02269573619585,-0.024490864360538867,16.87868234142661,4571.82593197393,3892.6501997803434,5015.407027038233,47688.497827699706,218.37696267623951,0.6797557214865467,sym14
32768,0.09196965144230769,-0.0002463292330503464,0.0004447571354110856,0.021089265881274428,0.0002723093631454623,14.575790112838149,4606.72622997885,4044.4949507469405,5031.041194886783,51173.18146217447,226.2149010613016,0.678039676048524,sym17
32768,0.09389272836538462,-6.164982914924622e-05,0.00044307896168636896,0.021049440887737823,-0.022451284808026356,14.518935957923532,4586.865162488618,3717.3985592643535,5125.749123344977,114188.2488984961,337.9175178923047,0.6994089048777362,coif17
32768,0.1536884014423077,-9.897816926240921e-05,0.0016678709326651059,0.04083957556911073,-0.0109460035450843,54.65311573911458,3922.875992709988,3068.154588205914,4865.965205159447,238076.4804539682,487.9308152330289,0.653158863812221,db21
32768,0.13411959134615384,1.214444637298584e-05,0.001152783690564041,0.03395266838650596,0.01155434103001173,37.77442080527544,4174.483457285197,3011.343671859414,4861.172326182733,257636.15175536778,507.5787148367904,0.6586601982094139,coif13
32768,0.091796875,8.898787200450897e-05,0.0004727021683532638,0.021741714935884515,-0.053672141543238606,15.48976413719356,4581.329206918835,4008.630167103618,5274.375030987188,100615.31156581278,317.1991670320286,0.6415441790143731,db20
32768,0.11044921875,-0.000268484465777874,0.0005088605101930881,0.022557936745036946,0.017047983531475793,16.676703243516386,4343.40980085002,3661.106370988205,4850.275866785329,84027.34154445886,289.8746997315545,0.695630813325895,db19
32768,0.08866436298076923,-5.330238491296768e-05,0.0005071490480510189,0.022519969983350752,-0.03147819909723657,16.618353105150163,4595.520104215309,3933.446353352429,5134.139677862095,66691.5904211698,258.24714988005155,0.655552287212506,sym10
32768,0.06524939903846154,0.0001293988898396492,0.0004236130631430833,0.02058186247993809,-0.19347545869440613,13.88150152284652,4805.40277630216,4180.680798049281,5243.898730501489,57555.50428530979,239.90728268501937,0.6080171383281994,sym14
32768,0.07475210336538461,-0.00012209638953208923,0.0004485406776659623,0.021178778946529527,-0.020981941649010603,14.698269415646791,4768.642388414528,4136.939903223013,5227.750728718652,44446.66107260041,210.82376780761794,0.6113923906880628,rbio1.5
32768,0.055235877403846154,-0.00014509353786706924,0.0004449401762615925,0.02109360510348083,0.03883442640841923,14.580489532090724,4788.892356830725,4362.296002570659,5223.298110560573,29371.714570527234,171.3817801591734,0.6122857635738354,dmey
32768,0.08849158653846154,-4.567950963973999e-05,0.00046773895723134506,0.02162727345809788,-0.03319494406467438,15.326938524842262,4581.456106643652,3551.4673755341073,5296.006467170379,120492.3374406164,347.1200619967339,0.6801854833441209,db17
32768,0.0938251201923077,2.8545968234539032e-05,0.0004004519177053028,0.020011294753346242,-0.07152206265512809,13.12203514110297,4614.859448979136,3751.3682543844016,5215.628036787674,130135.85542746476,360.74347593194915,0.6981693167389252,coif13
32768,0.07577373798076924,-0.00019290857017040253,0.00039324294223075026,0.019830354062163144,0.11122058276123545,12.8870041500777,4826.240944468911,4101.38962618856,5338.633887063949,94363.38928851303,307.18624527884225,0.6353099190012077,rbio6.8
32768,0.09287860576923077,2.932269126176834e-05,0.0006106671833880838,0.024711681112139734,-0.035411493298587345,20.010370439849794,4341.790949948288,3852.7174843413795,4868.090475912768,61026.86474995696,247.03616081447868,0.6670173617397789,db27
32768,0.09007662259615384,-8.989125490188599e-06,0.0007264788050335008,0.026953270766893966,-0.033480923512296916,23.805260131135583,4314.8130670305945,3752.58426299576,4818.726736040598,58113.496830557524,241.0674113822885,0.6630685816457282,sym17
32768,0.07962740384615384,-0.00031623803079128265,0.0008512582117069199,0.02917632964762566,-0.04350367798333946,27.8973060939461,4333.369979015401,3970.236270338209,4887.741852836654,50230.73781520206,224.1221493186295,0.6306003457551661,coif17
32768,0.0716796875,7.215235382318497e-05,0.00045871814053527373,0.021417706238887342,0.011970887242143798,15.031446618027985,4665.37361304254,4157.599927213242,5223.573973972216,58370.58160483922,241.60004471199755,0.6548055252858825,db24
32768,0.06546724759615384,-2.3667700588703156e-05,0.0005860569992285128,0.024208614153406485,-0.07765333592846435,19.20393410604447,4492.73114680396,3949.4721345022217,4817.899008820925,33183.69130834693,182.163913298839,0.6433264134053918,db26
32768,0.09783653846153846,-0.00010678544640541077,0.0006698723505558085,0.025881892329499567,-0.0043470515276400395,21.950750840827823,4378.2389667063935,3759.158916362133,4826.178513842811,52214.05735457357,228.5039547897882,0.6421374409843664,db33
32768,0.10362079326923077,1.3005919754505157e-05,0.0005598648088898848,0.02366146252643494,-0.03193199435126894,18.34565560054034,4433.876046773047,3844.1563232511135,4822.482429034204,42010.52235609735,204.96468563168963,0.6835956104261025,db19
32768,0.0771484375,-0.0003002043813467026,0.0005419814145405065,0.02328049429330285,0.07420335840102345,17.762600131332874,4457.374379209921,3657.115922418938,4975.207129032162,90708.3904506734,301.1783366224626,0.6842001159925613,db17
32768,0.08471304086538461,3.269221633672714e-05,0.00048232510734497094,0.021961901268901355,-0.06513892427117571,15.804864139296114,4548.606588764135,3621.452631460591,5017.246166932634,84214.5132372257,290.1973694526291,0.6731410010282551,db27
32768,0.07998046875,4.6510249376297e-05,0.0005089761052389091,0.022560498780809547,0.011315139022252665,16.678199900314212,4541.3812223783125,3938.204782947258,5396.5478230870895,130006.97901912555,360.564805574706,0.6713658402889332,db27
32768,0.08202373798076923,-6.169546395540237e-05,0.0009347030515885815,0.030572913691511012,0.08714648515221965,30.628474320285022,4396.725797635487,3670.413537730058,5361.279165889943,300123.18118339655,547.8349944859278,0.74120011659525,db20
32768,0.06040414663461539,-9.416695684194565e-05,0.000429916015450101,0.020734416207120493,0.0012966777760279843,14.087778561748564,4754.226142768562,3964.643405903494,5410.2336108426,123688.25063154582,351.69340430486585,0.6584576061747539,db19
32768,0.051111778846153845,-5.960557609796524e-05,0.0004190207171488315,0.020469995533678835,0.17607986656779345,13.730587278492749,5025.0347929521295,4536.881286198659,5517.9634788518,54978.66115208095,234.47528900095412,0.5711890100701619,coif2
32768,0.06787109375,-1.1145137250423431e-05,0.0003210254881368382,0.01791718415758565,-0.03881331308372137,10.51936726551503,4997.064774421126,4326.828301252834,5574.411390395022,87779.66637989426,296.27633449179547,0.6133289189577597,sym15
32768,0.051990685096153844,-5.522742867469788e-06,0.0003411558414214942,0.018470404473684223,-0.12205330461290162,11.178995611146092,5151.03616818125,4280.500741263548,5491.741012370506,38415.72772689915,195.99930542453245,0.5762445334245924,db2
32768,0.07836538461538461,-0.0001422390341758728,0.0003350501085547797,0.01830437402794151,-0.04212463323274306,10.97958491742611,4932.47621102636,4216.535528098783,5393.472389102852,85393.36760508589,292.2214359096298,0.6304695094411135,db16
32768,0.0829326923076923,1.5680678188800812e-05,0.00040470464590889373,0.02011727232775094,0.0781045970201197,13.261369894258678,4768.1241013415665,4184.538621945647,5204.645896010158,73875.23167675802,271.79998468866404,0.6367619927954271,db21
32768,0.10800030048076924,-0.00023941881954669952,0.0005996906518688748,0.02448858207142412,-0.009877519451739774,19.652541587129235,4474.0778729520425,3922.2518730614224,4860.421965298756,36234.6229116008,190.35394115069118,0.6305861957345057,db37
32768,0.059247295673076926,-0.00017095543444156647,0.0007345704087801351,0.02710295941000051,-0.060491032308299705,24.071360824629664,4525.658521044953,3984.621995840183,5109.471411337411,50657.48455564726,225.07217632494527,0.5441110861686119,sym11
32768,0.07709585336538462,0.00011293217539787292,0.0006948809765364578,0.02636059514761489,0.08588327766026778,22.770277751609683,4362.066163502829,3888.6579912260863,4740.737542685133,46893.40184950935,216.54884402718326,0.6100665764606115,sym10
32768,0.05167518028846154,-9.065959602594376e-05,0.000909071416826167,0.030150811213401324,0.08265204956518908,29.78872151207179,4308.859580716473,3878.9918464645293,4601.72977375602,31387.70305650567,177.16575023549464,0.5826347633804543,db18
32768,0.06105018028846154,-0.000324019230902195,0.0007956098260674521,0.028206556437598902,-0.07193044060569449,26.073983042500913,4295.280301696676,3990.3280743036853,4588.6135116223,16305.089406840105,127.69138344790578,0.6209067910530603,db5
32768,0.06796875,0.0002319086343050003,0.0007213606998464593,0.02685815890649356,-0.0390541332537506,23.63930972851813,4217.888168580154,3956.406875027105,4450.50918605491,13020.565984357847,114.1076946763795,0.6489740858862618,db25
32768,0.05352313701923077,5.200505256652832e-06,0.0007271023076904637,0.026964834649789042,-0.05803510587046464,23.825689304620028,4424.655773544727,4063.702557033761,4740.365034388102,27715.56182515524,166.47991417932448,0.6012007333534432,coif2
32768,0.055896935096153844,-0.00029206741601228714,0.0011655262951335344,0.03413980514199714,-0.06171216895886433,38.194760859943926,4152.966859069484,3696.404023939024,4629.775676534793,38061.90896552876,195.0946154191057,0.6000054682735039,db23
32768,0.040948016826923075,-9.201467037200928e-05,0.0026389701843780866,0.05137090795750146,-0.030639624504186006,86.47405243851244,4004.072020816871,3681.4064449954894,4259.754593958793,12402.838626004697,111.36803233425962,0.4762450102466695,db32
32768,0.06784104567307692,0.00012851040810346603,0.0015058390466076072,0.0388051420124654,-0.06600596012205312,49.34387504030019,4072.2178793620365,3836.3258539772164,4283.955009608909,10663.694269141914,103.26516483859363,0.6544818007189901,db31
32768,0.058826622596153844,6.292015314102173e-06,0.0019596378161585853,0.0442677966038359,-0.009936983120608929,64.21341325715184,4151.706805042828,3745.3092983169186,4410.118576414848,28174.004306498595,167.85113734049762,0.602810426290174,db15
32768,0.05460486778846154,-0.00027956999838352203,0.002946793941053761,0.0542843802677507,0.15076953387007708,96.56310498714447,4356.936636758124,3918.56985880113,4625.704334023193,24728.29445553516,157.25232734536922,0.562495605687962,bior5.5
32768,0.045830829326923075,0.00013929326087236404,0.005122271881994647,0.07157004877736668,0.043499297590507455,167.84724081400782,4530.924235571857,4333.364208600707,4778.820555519293,8048.441502241878,89.71310663577468,0.4467013193181974,coif12
32768,0.05447716346153846,0.0002861199900507927,0.008920965579953274,0.09445086330972986,0.19460441349852287,292.32488266471773,4655.528097012869,4406.749300171742,5097.934787691144,13157.99642600337,114.70831018720209,0.349431290244083,db15
32768,0.050758713942307694,-0.00039750058203935623,0.012341760036748242,0.11109347432116902,-0.08454862396685292,404.4199704481289,5055.124074507726,4859.430165872757,5291.184913032499,11402.415131886977,106.78209181265825,0.3902566978909075,sym18
32768,0.047596153846153844,0.000526919960975647,0.018707579573955746,0.13677565417118553,-0.023091286863844804,613.0190653391182,4946.311060989355,4688.158108906884,5385.468838141416,19471.563590923368,139.5405446131101,0.39757554960878133,bior4.4
32768,0.05669320913461538,0.00030692387372255325,0.020519655070401162,0.1432468326714457,-0.05738307770597773,672.3911441667005,4210.4945928438665,3798.176614349233,4792.501530682603,66828.31287489994,258.5117267647639,0.5537699226477022,db16
32768,0.059006911057692304,0.0004958352074027061,0.018945292630272087,0.1376418999806094,0.001346097163793573,620.8074050052091,3746.1090164433813,3434.142030123846,4143.9775896785795,31608.28319414698,177.78718512352623,0.6952648876433399,db38
32768,0.06000600961538462,-0.0004443461075425148,0.015616660231407915,0.12496663647313196,-0.01748613444837608,511.73319229017943,3461.5121304322797,3276.856761031219,3800.326964354098,9912.614386518468,99.56211320838096,0.6958913859574005,db38
32768,0.057782451923076926,0.0001642489805817604,0.01704971465308612,0.13057455591762937,-0.0748115167115657,558.6859337585047,3430.4230394518727,3106.1729963466187,3900.8198960573663,16786.38566976951,129.56228490486538,0.6768534792916239,sym20
32768,0.056805889423076926,0.0001381887122988701,0.016330567634327088,0.1277911093712199,-0.015952954061553917,535.1206659832969,3369.176404074436,3087.4458842373874,3897.4618984335266,21791.363334226833,147.61898026414772,0.6788789084475141,db26
32768,0.05105919471153846,-5.2619725465774536e-05,0.010067744247472239,0.1003381495118992,-0.02244912886631248,329.8999342303723,3487.5829235508204,3003.8699199492726,3803.669727540858,17311.21898217356,131.57210563859485,0.6636058479208754,coif17
32768,0.05615985576923077,-0.00037865620106458664,0.003939458449266428,0.06276510534736979,0.08240762113909639,129.09287275839597,3882.001003709941,3149.0286575174964,4301.51150663416,48585.72850261015,220.42170606047435,0.6688514209379832,db29
32768,0.06999699519230769,1.883227378129959e-05,0.0018283113336310304,0.04275875739110095,0.0019552053026994855,59.910117401741445,4120.500233718828,3851.3943787578924,4465.115845042215,18934.59320188713,137.6030275898286,0.6338867412377928,db23
32768,0.046364182692307694,1.8915161490440369e-06,0.0017814646612668002,0.04220740055093183,-0.03339208147223854,58.37503413762897,3923.430335815905,3348.3133731078965,4542.501904866426,58243.85889846788,241.33764500895396,0.6592704312907464,sym11
32768,0.04227013221153846,-2.1600164473056793e-05,0.004192159508282013,0.06474688802005864,-0.11951986317120704,137.36869805585593,3655.4793153244495,3067.782964196225,4136.80979934641,99858.18277515704,316.00345373928593,0.6472438067136325,sym12
32768,0.03756760817307692,-0.00010991469025611877,0.012754641074627298,0.11293644706040339,0.1977493345825467,417.94447461143136,3233.148933144479,3038.6473428846284,3492.711650636078,10754.525271076682,103.7040272654668,0.578955295922775,db16
32768,0.04034705528846154,0.0003474140539765358,0.005591092781104352,0.07477361019172708,-0.1113900678236881,183.21288323495537,3514.1750946870648,3085.786803097638,3872.683449454788,32609.904262338685,180.58212608765766,0.626637396014881,coif12
32768,0.05610727163461538,5.627050995826721e-06,0.002520026088232398,0.05019986143638643,0.006501733928803376,82.57621589675546,3817.861269401488,3422.2552787746004,4047.7493613373667,15613.631571975484,124.95451801345753,0.6662147682866997,db23
32768,0.058270733173076926,-0.00014822185039520264,0.0023037416350832896,0.047997308623331056,0.03449339832376826,75.48972580209374,3924.160761084329,3570.413780013012,4158.292382971501,16474.975414361903,128.35488075785005,0.662001722101694,sym12
32768,0.04990234375,8.000805974006653e-05,0.0032579540678240176,0.05707849041297446,0.02644492175690419,106.75684865191579,4007.4724063942595,3746.293813841681,4237.784368155827,15368.960157884407,123.97161028995473,0.5740019817768165,sym20
32768,0.050623497596153845,4.453398287296295e-05,0.008730324841442674,0.09343620733657095,0.08629758795712293,286.0753493923694,3760.99681162205,3266.9086612072265,4307.220632014482,42706.3925348086,206.65525044094232,0.6324193759026929,db38
32768,0.06071965144230769,-0.000411350280046463,0.007051916754043137,0.08397569144724643,-0.044762023380078335,231.0827528387308,3712.8461243067322,3313.059465888277,4137.171453197258,23085.867621035435,151.94034230919527,0.6675431629187222,dmey
32768,0.06446814903846154,0.0003031706437468529,0.006749727826318648,0.08215672721280132,-0.004759948798186065,221.17809319961816,3815.847054863279,3547.747671373031,4253.4163143299065,12332.16444651405,111.05027891236496,0.642593294514581,db17
32768,0.0689227764423077,-0.0003104330971837044,0.0074221229380249856,0.08615174367373528,0.032564495617086846,243.21128224302083,3892.345599720502,3651.2630470053446,4119.248320304653,9277.388395592909,96.31920055520035,0.6089459094080676,db16
32768,0.06929086538461539,1.1923722922801971e-05,0.0074277377201683505,0.08618432409764754,-0.025704901275314915,243.39211427327245,3854.530508302121,3417.5521569998195,4199.948800235504,24634.027498305895,156.95230963036477,0.6320072867999468,coif12
32768,0.0676006610576923,0.0001924550160765648,0.006979580998216535,0.0835438866597463,0.0023820133552671886,228.70812384132296,3856.975652402083,3440.229480724018,4087.5457099473756,15300.8057327155,123.6964257071137,0.5794293657930657,db30
32768,0.06258263221153847,0.00015657488256692886,0.005586484698247475,0.07474279027603582,-0.03593502677659048,183.05873392242938,3952.370879426904,3700.9969156714433,4329.288939839388,18028.05213902134,134.2685820995416,0.632061106906713,db31
32768,0.06166616586538461,-0.00010411068797111511,0.005650901745620648,0.07517247997519204,-0.048396389994553854,185.16910357400775,3875.7605830340362,3564.821528660349,4314.196384219007,24329.189798258492,155.97817090304173,0.6089084610239276,sym17
32768,0.06290564903846153,-5.267653614282608e-05,0.011390713254365609,0.1067272844888579,-0.018206091091347524,373.25098284427077,3695.344542141472,3270.918036990538,4200.737008900137,34062.67645054715,184.56076628185946,0.6884764837164761,db18
32768,0.07856069711538462,0.0003917301073670387,0.02535109556276753,0.15922027371778863,-0.0643023215418811,830.7097277315333,3781.645729340402,3637.9949021520943,4007.3482685974996,5112.988978117682,71.50516749241052,0.5659968056851364,db33
32768,0.07444411057692307,0.0013646837323904037,0.02473785748882603,0.15728273105724616,-0.06227709253296537,810.6711400616914,3648.1206845922143,3350.9895198182235,4200.22615713134,16942.54571404042,130.16353450195035,0.6390086062155946,db38
32768,0.07927433894230769,-0.0005135321989655495,0.028282664579281733,0.1681745063298291,-0.03986562495459627,926.774994357489,3749.1919408093822,3294.55291473349,4181.359617269625,27654.495277919243,166.2964078924113,0.6946682842034781,db16
32768,0.07408353365384615,0.0006292825564742088,0.03317299154598277,0.18213454242944355,-0.05922959463165695,1087.0255629932508,3862.5954441729837,3621.942468552369,4313.779444546978,21039.405171351034,145.04966449927085,0.6540764262960461,db32
32768,0.09411808894230769,0.00020674709230661392,0.031444890218254126,0.1773270713068203,0.030528794146337593,1030.3875633189455,4496.374857146625,3985.6556567509115,4928.238068697463,41887.9700079311,204.66550761652806,0.6168191386905482,db16
32768,0.08868689903846154,9.531248360872269e-05,0.023511465754371658,0.1533344897743872,-0.001852907532929145,770.4240075191483,4728.110978401382,4198.8831236565275,5053.502717091059,37048.63991612915,192.48023253344525,0.6427626494254586,db15
32768,0.07211538461538461,-0.00023721996694803238,0.01031406267622477,0.10155817385235306,0.1206618114998965,337.9730497384444,4956.991494860594,4714.035834721076,5227.237640400543,10302.71295381498,101.50228053504503,0.5105124259585452,db25
32768,0.06488131009615385,0.00034274905920028687,0.0052034167806147,0.07213471272982724,-0.12858517615734977,170.50941055081785,4750.04912114651,4473.888964868065,5264.879950562297,15952.992121755695,126.3051547711165,0.4274429686643366,db19
32768,0.06880258413461539,-4.504993557929993e-05,0.0015703527895264274,0.03962767706447638,0.007750467221277145,51.4573867097497,4688.053559932985,4396.697567400755,4910.524375486412,13636.382240513078,116.7749212824101,0.6115704259812234,sym16
32768,0.05450721153846154,-2.324022352695465e-05,0.0011694906304637563,0.034197816165126044,-0.026213530342021178,38.32188667729497,4561.526542582456,4276.37486216919,4826.561482753677,12099.532457781981,109.99787478757024,0.5978803606075858,rbio1.3
32768,0.058203125,-7.42245465517044e-05,0.0008461916339492191,0.029089373213412817,0.05775899099347666,27.72818798944354,4742.6072845981225,4326.786468328562,5323.333972866997,78925.50191831579,280.93682905293105,0.6378625721387468,db4
32768,0.05703125,-7.41817057132721e-05,0.0007214407137048212,0.02685964842854093,-0.09566075677300008,23.640349626541138,4576.729083737762,4199.909806669876,5088.982577921689,38249.0703146857,195.57369535468132,0.6351331110524291,db24
32768,0.0759014423076923,-3.0261464416980743e-05,0.0006106869110650479,0.02471208026583452,0.047274081498890806,20.011018709279597,4510.322968964762,3866.3644656214906,4834.647379313417,51465.624514239855,226.86036347110056,0.6478631628346037,db25
32768,0.08937049278846154,-0.00015672575682401657,0.0005436574373497763,0.02331646279669745,0.041809105652473665,17.815371786244214,4692.67457593051,4291.6965968863,5043.5981729148325,31354.210444765984,177.07120162456113,0.6498823603789435,sym13
32768,0.049549278846153844,-3.390759229660034e-05,0.00042822491683564,0.020693596034417026,0.06669650033881254,14.032111749053001,5072.179400949395,4758.903214841861,5319.132203838972,12400.945015926,111.35953042252827,0.558394833973264,db27
32768,0.04799429086538461,-0.00017674174159765244,0.0005212467116887655,0.022830828099058637,-0.048706704438777226,17.0812358437106,4964.617587260547,4512.281702571715,5320.808146050837,28215.18114735728,167.97375136418572,0.571233925416485,coif13
32768,0.042405348557692304,0.0002465546131134033,0.0005657015549607181,0.02378448138935802,-0.041508650119277346,18.538900492712855,4948.561656734136,4437.894195239685,5404.729616042301,28322.505052366098,168.2929144449228,0.5632246510933617,rbio4.4
32768,0.05628756009615385,-0.0003331108018755913,0.0004103744048033547,0.020257699889260742,-0.060541024707541004,13.450784525834024,5055.8009222694645,4594.129251905464,5389.393444235484,33096.00107450529,181.92306361345527,0.6079668727098569,db23
32768,0.05637019230769231,1.483038067817688e-05,0.00032454398790214556,0.018015104437725183,-0.07430919070887618,10.634664602577686,5092.026176377034,4679.387282371429,5441.577151404805,27631.86445210549,166.22835032600634,0.6017516896575742,db32
32768,0.05434194711538461,1.4387071132659912e-05,0.00039285419158158197,0.019820549729550437,-0.0972236477582432,12.873052932322025,5124.5818635998885,4796.76959756442,5530.910869176308,38856.10123679874,197.11951003591386,0.6047429564780797,db35
32768,0.04870042067307692,-0.0001478102058172226,0.0004181565596147706,0.020448876732348176,0.14282328871084837,13.702870056033134,5223.402703197733,4935.146268460715,5476.118285992723,16032.490687488556,126.61947199182501,0.573654768305268,sym10
32768,0.051171875,-0.00022024940699338913,0.0004283621491396665,0.020696911584573832,0.1595404658595939,14.038160472176969,4935.172457145542,4533.1633755543535,5431.389921643426,36467.06036274228,190.96350531644072,0.5959868694169664,db34
32768,0.05283203125,-5.7831406593322754e-05,0.0004617406407552149,0.02148815117117373,-0.059669060831369386,15.130426907911897,5008.895642002586,4513.199884177093,5306.9736943380085,30365.55279352545,174.2571456024844,0.6047314163867635,bior5.5
19376,0.045140316611842105,0.00029961596236162006,0.00036668781142323685,0.019149094271616002,0.0886374056535706,7.106682412326336,5165.741054412074,4875.405027612375,5379.673590506463,13643.840862132181,116.80685280467145,0.5517361770581608,coif17
32768,0.043524639423076925,-4.3618492782115936e-05,0.0007392581239334592,0.02718930164482823,-0.05139143851950802,24.224072548560798,4384.658837523816,4010.1322514556205,4635.631718609166,14443.874365310228,120.18267081950803,0.605362192918752,bior5.5
32768,0.06672175480769231,-2.446211874485016e-05,0.0009138930320159132,0.030230663770680146,-0.008935644514725215,29.94646648131311,4354.064994619058,3880.418349847495,4725.890837253549,41885.29908624299,204.65898242257285,0.6135984399204218,db35
32768,0.09214993990384615,-0.00013209600001573563,0.0009972263229787923,0.031578890464656804,0.06303923496936342,32.67768393177539,4090.830297847976,3712.1588073776434,4698.967362010106,36726.14278268674,191.6406605673408,0.6555767321442137,db33
32768,0.06427283653846154,-2.6670284569263458e-05,0.0007530830746478787,0.027442359130509873,0.06104437993956931,24.677049498073757,4440.751203852168,3882.016853780864,4773.701254362417,50774.49137060089,225.33195816528308,0.6124432474621723,sym10
32768,0.046807391826923075,-0.00018322095274925232,0.000542426134118465,0.023290043669312106,-0.06310843166900364,17.775319581851363,4705.973960389161,4424.966565599049,4945.088192984409,13674.215997482439,116.93680343451517,0.5744798412748113,rbio6.8
32768,0.056971153846153845,8.33999365568161e-06,0.00042231078423735687,0.020550201561964226,-0.05774807177343709,13.838282057084143,4752.681893607395,4406.175747539196,5055.328175480163,21018.994380478027,144.97928948811284,0.6256537741733806,db24
32768,0.05223106971153846,-0.0002066316083073616,0.00040443954120463523,0.02011068226601562,-0.07077767968359168,13.254073969088495,4772.833882393978,4522.739033003474,5057.242112148418,15053.893160000765,122.69430777342836,0.6267028353708253,rbio1.5
32768,0.06465594951923077,-1.4823861420154572e-05,0.0004039047732744749,0.020097382249299904,0.012000740895742231,13.235158811323345,4767.09344577154,4429.115493854155,5180.347417103812,20174.54846506356,142.03713762626856,0.6275344459621813,sym18
32768,0.05051832932692308,7.738173007965088e-05,0.0004490514180124361,0.021190833348701418,-0.02521767905969787,14.7147130779922,4788.46835185276,4577.505413664966,5110.465266272584,14782.526307208795,121.58341296085085,0.6114142415709767,sym16
32768,0.04928635817307692,-8.52774828672409e-05,0.0004442066371689833,0.021076210218371406,-0.03333109701719036,14.556001383811235,4844.187346692453,4537.644036014824,5045.702556975795,17790.938317765726,133.3826762280834,0.5827100655536023,sym4
32768,0.05051832932692308,-0.00012636929750442505,0.0004589354762102871,0.02142277937640882,0.003587359246787822,15.038920963183045,4678.506661770743,4407.177048969549,4960.070760486872,16538.55032293813,128.60229516979132,0.6268267606909159,rbio1.5
32768,0.04985727163461538,1.9980594515800476e-05,0.0005519168779400362,0.02349291122743276,-0.0492164917511266,18.085225338116288,4639.569362765465,4399.804975709331,4919.5147512783915,21136.490189396744,145.38394061723855,0.6128713736869259,sym15
32768,0.05203575721153846,-0.00011465605348348618,0.0005941055402124546,0.024374280301425407,0.002635551580128587,19.468081110157073,4519.879319692145,4153.251897082878,4774.84436154146,16442.516564177,128.22837659495264,0.648158494231772,rbio1.5
32768,0.049962439903846155,-1.088809221982956e-05,0.0006495912199930346,0.02548707947162708,-0.03502741379872252,21.285808981396258,4492.1585826667415,4267.260371721451,4764.652776774178,12275.818550723989,110.79629303692425,0.5936693671776073,db28
32768,0.05509314903846154,-4.596170037984848e-05,0.0007030333956888474,0.026514776930776682,-0.05448701315677918,23.037067531608045,4425.891496453391,3969.812723990268,4866.344187338063,20956.873574333862,144.7648906825611,0.6043628539630252,sym13
32768,0.06724008413461538,-0.000121336430311203,0.0007987140611774718,0.0282615297034232,-0.02873644708482998,26.172744784504175,4403.4349909456505,4145.583802226929,4836.489298185451,18136.901504268477,134.67331400195243,0.6398791063982053,db38
32768,0.04861027644230769,-1.8792226910591125e-05,0.0007185266313944304,0.02680534706722579,-0.1349545555795786,23.54469222947955,4554.3331357413845,4223.876377769642,4995.19468907533,18271.09458129073,135.17061286126778,0.5690446505784313,sym11
32768,0.04697265625,4.028063267469406e-05,0.0007452238452095503,0.02729878834691295,-0.054494437974625456,24.419548126868904,4573.993610753333,3893.1495352718343,5031.740888668003,38286.01870453643,195.6681341060328,0.5090810518566223,sym13
32768,0.06125300480769231,-0.0001044226810336113,0.0010930053518682704,0.03306063144993257,0.08777696949006307,35.815956675447524,4235.24442825442,3974.306171591653,4803.42850009392,19967.596929536136,141.30674764333136,0.6138954885510037,db34
32768,0.048279747596153846,-0.00015245378017425537,0.001155116781301535,0.033987009007877336,0.03532405499108173,37.85162828862667,4211.099234330041,4019.364037300678,4685.128185118759,13461.604566232127,116.02415509811794,0.6141746633385962,db27
32768,0.050856370192307696,-6.486661732196808e-05,0.001444956545682604,0.03801258404374273,0.02357828679558406,47.348473966121674,4097.829956820655,3759.676475712771,4429.197488865328,13664.91842119775,116.89704196940892,0.6007248546450192,coif13
32768,0.055987079326923074,-0.00028991512954235077,0.0018919081766171034,0.04349607081814521,0.0070990113333154895,61.9968013074249,3915.6753782748915,3734.3785009182848,4270.733029320537,15689.511197228472,125.25777898888545,0.5782966135880242,sym18
32768,0.060118689903846154,-6.373226642608643e-05,0.0026771493339212693,0.051741176387102655,-0.10382619338673736,87.724962471053,3755.520740048027,3219.1842943504685,4244.249005228242,34300.2984934231,185.20339762926355,0.6371548206135648,coif13
32768,0.056565504807692304,-7.506459951400757e-07,0.0036337758122094396,0.060280807992340646,-0.1411616171834835,119.07156583294272,3847.375455411967,3422.81069565387,4367.517898242064,42936.48894948886,207.21121820376632,0.5812183251375214,db37
32768,0.06265024038461539,-3.8030557334423065e-05,0.004230766730672233,0.06504434434039776,0.030309823099795276,138.63381162378937,4466.6255519840415,3776.8067748684934,4804.4937608907885,54823.782235455874,234.14478904185734,0.5525754159881773,coif14
32768,0.07587139423076923,-0.0003564106300473213,0.005243089240698308,0.07240917925717918,0.03350400983305666,171.80971071030945,4619.561849336512,4344.35484526003,4912.036284248337,15985.975351427707,126.43565696205998,0.5984083569420784,db17
32768,0.07841045673076923,-9.476207196712494e-05,0.007726001217793232,0.08789767470071795,0.061916441464638865,253.1659021563828,4245.318619440626,3966.0402002953874,4600.80320313065,20319.236399629906,142.5455590315949,0.6698266937329662,db29
32768,0.06791616586538461,5.8574602007865906e-05,0.015114113636087216,0.1229394714324379,-0.09824552809692813,495.25938805378973,3833.2229143213513,3443.7348890652456,4247.576440854203,33431.7374916988,182.8434781218592,0.685552217213799,db36
32768,0.059314903846153844,0.000455610454082489,0.016366888309473582,0.127933139996928,-0.032742389027815476,536.3169981352985,3299.204913113574,2981.2294827956825,4224.024808543627,45345.53507729035,212.94491089784313,0.6815908491343995,db36
32768,0.05760216346153846,-8.102692663669586e-05,0.014537687003150692,0.12057233100156392,-0.06322284252490729,476.3711428530514,3037.7808525020705,2855.2005862325664,4339.540010933478,40935.92353650839,202.32627989588596,0.6880595109299592,db35
32768,0.055108173076923075,-0.00018451549112796783,0.006642108332586294,0.08149913087012826,-0.0017881298027819295,217.6497214604169,3106.6021732360578,2835.1262767339367,3508.4257885877228,18177.78333038167,134.8250100329374,0.714185168314989,db27
32768,0.050180288461538464,-1.1789612472057343e-05,0.004150094232402055,0.06442122501475779,-0.006464067051300814,135.99029236193746,3123.6850353501804,2967.78913853474,3333.6108297470896,6994.445614852667,83.63280226593311,0.710450986914067,sym13
32768,0.04994741586538461,-0.00024209078401327133,0.0035458928024115887,0.05954739962762093,0.03442624584571511,116.19373581465334,3178.0159407691312,2949.8465926034933,4154.686306507899,24469.456302958504,156.42715973563705,0.7054692347071031,db24
32768,0.05652043269230769,6.263889372348785e-05,0.003081138237505078,0.055508001562883505,-0.0027133715153502508,100.96286633610725,3195.942171402607,2988.4533269792278,3937.2513921462823,16792.63317741758,129.58639271705027,0.7143854708152215,db18
32768,0.057189002403846154,-0.0001949882134795189,0.003010697583391104,0.05486982397813123,0.08169571610385691,98.65578426513821,3177.4977796366175,2975.0613416832934,4132.814130099167,26050.22350143839,161.4008162973112,0.7189674098681824,db25
32768,0.05986328125,9.405426681041718e-05,0.002638751553087899,0.05136877994548731,0.002744317626611458,86.4669007640332,3237.8725389074593,2969.9002392088146,4279.344102002862,36135.876544271836,190.0943885133694,0.7233229814048884,db15
32768,0.05643028846153846,-0.00010679475963115692,0.002634039758617919,0.05132289702090012,0.016260696190634888,86.31258853338659,3249.783035279035,3010.369800578088,3964.787019257687,19814.191059188706,140.76288949573572,0.71527229104578,coif16
32768,0.05961538461538462,-0.00021707173436880112,0.0023670136873913793,0.04865196488726205,-0.0034019941221047306,77.5638485411182,3227.4968296384927,3036.1631988565655,3573.4565288071685,14701.513995562795,121.24979998153727,0.7089903049210419,sym15
32768,0.055731670673076925,0.0001858724281191826,0.002837933023489147,0.05327225378646137,0.0133074186999195,92.99452140089124,3138.244791058397,2840.780032092295,3660.3023717637243,23249.450803103773,152.4777059215667,0.6977365294175976,sym15
32768,0.053387920673076926,-1.4852732419967651e-05,0.0026616779204629987,0.05159145200964011,0.07393748727623381,87.21786932647228,3385.6919821630145,3085.624332827198,3711.356054212934,16816.707437639026,129.67924829223458,0.6829915255745315,db31
32768,0.061944110576923075,-0.00024882424622774124,0.0027308453383962147,0.052257490739569715,0.015870280736377605,89.48636883031577,3280.9870821076656,2952.708894865328,4038.8380699670174,51866.84032790787,227.7429259667748,0.7018714594828548,db38
32768,0.060118689903846154,-0.00017615221440792084,0.002694324521965964,0.05190688318485289,0.013949218320595022,88.28864271380007,3274.8718463023006,3034.0208295906305,3751.832147383157,27022.77520864019,164.38605539594954,0.6952554689859451,coif17
32768,0.05653545673076923,1.4186836779117584e-05,0.0028350663449592233,0.05324534106341346,0.002309552713039122,92.89946058671921,3335.5741747745346,3059.595222754527,4172.083971725749,49750.21911688404,223.04757142117472,0.6525870028141694,db37
32768,0.05676832932692308,3.38992103934288e-05,0.0027891695651377207,0.05281258907815182,-0.06288436611079393,91.39554596599191,3310.8380865893373,3043.399277930068,4521.8235019434305,55935.607369142155,236.50709792550023,0.6863619465722384,sym19
32768,0.05264423076923077,-0.00022406689822673798,0.0033308280968156697,0.057713326856244127,-0.08750411262091745,109.1462202258408,3281.960363563961,2956.2365401698357,4468.18567462389,42720.63967333641,206.6897183541949,0.6535232567825779,sym12
32768,0.05083383413461538,-8.278805762529373e-05,0.003857341764448622,0.06210750167611495,-0.01973266230822095,126.39759952481836,3307.019950090099,3042.10384539123,3782.334137758772,13718.026348980706,117.1239785397538,0.593221100699029,db34
32768,0.05359074519230769,0.00017938576638698578,0.005540250550358861,0.07443285934557976,0.001809008729869133,181.5439844839275,3326.6607521688065,3067.5199107140847,4141.676331588885,20667.280465125194,143.76119248644676,0.6043736070844818,db38
32768,0.05087890625,-0.0008804751560091972,0.008793573434147531,0.09377405522929853,-0.03151149469574112,288.17321723978966,3462.1811517978226,3091.571049389318,4290.395078405397,47731.86458686157,218.47623345998431,0.6085733864078101,db35
32768,0.06099759615384615,0.00037889182567596436,0.0145735515513985,0.1207209656662773,-0.10693823990897061,477.55084137804806,4261.125746063616,3732.1199153986404,4912.587786845727,45749.61130966524,213.89158774871265,0.5555813972471477,db24
32768,0.06326622596153846,-0.001044069416821003,0.02623158807083851,0.16196168704616073,-0.02512809014618293,859.5923976777121,3697.350883300111,3114.6493075225376,4871.547988050571,168048.14375012254,409.93675579304005,0.6564443373180734,bior5.5
32768,0.06156850961538462,-0.001356617547571659,0.028412478556662814,0.16856001470296214,-0.06327728727586966,931.0804039379582,2779.156094520217,2531.6825894208378,3294.7532526946165,36676.26633648789,191.5104862311406,0.72192343417465,db32
32768,0.05733924278846154,-0.00041767582297325134,0.021905697227153388,0.14800573376445045,-0.007171662895729687,717.811603218317,2679.8627918208463,2497.140079350393,3420.815302394125,19344.70062178873,139.08522790644852,0.7180838657747655,sym20
32768,0.05334284855769231,5.321577191352844e-05,0.013866385744072712,0.11775561873674102,-0.010254208989637909,454.3738208580762,2661.5544632894753,2402.9238612327404,3824.454618834285,39624.07244944253,199.0579625371528,0.7134336227719856,coif14
32768,0.05987830528846154,2.7383677661418915e-05,0.008821592892429711,0.09392333518582968,-0.08858506209231881,289.0659804707393,2722.167268268012,2539.633233390237,3742.8474120482815,21437.41316152384,146.41520809507406,0.7213861054277314,db27
32768,0.06098257211538462,-4.1600316762924194e-05,0.00659852312663832,0.08123129401061095,-0.08439043971274679,216.22046252153814,2781.732647263757,2630.6258839479365,3117.856016685244,7857.277168214789,88.64128365617675,0.717709313801723,db23
32768,0.06755558894230769,-7.311627268791199e-05,0.005381409422816494,0.0733580903705685,0.04050004300913685,176.3381991442293,2848.52378106089,2614.181269583782,3077.4415317084577,13165.466506094117,114.74086676548211,0.7305923646726064,sym15
32768,0.060621995192307696,-7.876940071582794e-05,0.0046320067441000205,0.06805884765480548,-0.01604880078111312,151.78180030360818,2886.8123281516505,2702.0830596501305,3083.667814580198,6121.139180395675,78.23770945263975,0.7234503135132868,db31
32768,0.05831580528846154,0.00012818817049264908,0.003963643730006445,0.06295747556888256,0.0037743434851895247,129.88121619541198,2951.981235830435,2718.4310023160674,3174.2429531462526,7784.942457523044,88.23232093469515,0.7151696429790817,db34
32768,0.061463341346153846,-0.0002258680760860443,0.0031078130968589107,0.055747763155654155,0.030590260466224897,101.83849126286805,3039.7018496407013,2724.7883647263907,3885.41521653535,20835.57900515927,144.34534632318173,0.7104957867859408,db18
32768,0.06310847355769231,0.00012169033288955688,0.002845838007798418,0.0533463963899945,-0.10002968212974896,93.25290508568287,3105.5756371630487,2811.193770169045,4056.635345386694,26820.389197749148,163.76931702168494,0.7235811743799393,db38
32768,0.06498647836538461,-0.00010134372860193253,0.0029754979012779053,0.0545481246357554,-0.0401781409039253,97.50145177450031,3050.087565527966,2798.6786817222414,3412.9364677067106,12673.980322729405,112.57877385515178,0.7158708656882584,db37
32768,0.07220552884615385,-0.00016599148511886597,0.0025389321304744583,0.050387817282300074,0.03897488717816346,83.19663091376424,3154.1949928318186,2863.829508519341,4333.752672257007,37859.08682381437,194.57411653098765,0.7218316159689117,db20
32768,0.07033503605769231,-2.193450927734375e-05,0.0021066059887289157,0.045897777601196725,-0.06363746674619057,69.02928080409765,3296.0407937073123,3030.127452653218,4575.213540421292,43672.30733608884,208.979203118609,0.7145215259235523,db25
32768,0.06264272836538462,8.20402055978775e-06,0.002190276236742712,0.04680038714308581,0.01526312709988354,71.77097393106669,3313.19801414678,2958.7897533887804,3624.778699020596,20697.482509815483,143.8661965501816,0.7267947045567772,db31
32768,0.06248497596153846,-1.6450881958007812e-05,0.0013615498615990873,0.036899185107520834,-0.03985228567122549,44.61527473293245,3550.3325632164847,3384.7894704559117,3766.266790057315,9195.929030025696,95.89540672016412,0.6915184143358738,sym16
32768,0.06470102163461539,-7.485412061214447e-05,0.0015403966583863692,0.03924788731111994,-0.11756916639790325,50.47590130567551,3571.6673445536862,3283.7522099460534,3993.847233515189,20786.446451645148,144.1750548869157,0.6734615934109929,sym18
32768,0.06278545673076923,-6.885547190904617e-05,0.0011459705773750523,0.03385218718746327,-0.06512143900624745,37.551319235004485,3702.0818744834087,3411.7278662751055,3998.615330620965,17293.10364680902,131.50324576530048,0.6777564420109905,db35
32768,0.08803335336538462,-4.644785076379776e-05,0.001054915522108095,0.03247946308220157,-0.1039600049971788,34.56754252221435,3744.7082257323946,3401.0497449157856,4156.331274932339,28044.40607340477,167.4646412631776,0.6944602501223636,sym16
32768,0.09921123798076924,-2.636946737766266e-05,0.0010434069961487678,0.03230181103512259,-0.05217519344749465,34.19038323499262,3851.6085812367683,3547.1946115363694,4174.98208312734,24911.807233389984,157.83474659716086,0.6800516029821296,db21
32768,0.06782602163461539,-3.421306610107422e-05,0.0009142756672844143,0.030236991703613877,0.015287238590108164,29.959023421630263,4041.9300871636287,3558.1859187759646,4398.27127366641,30223.27259098113,173.8484184310606,0.6835225914400568,db20
32768,0.05880408653846154,-0.00011734478175640106,0.000827920273602286,0.028773603764601436,-0.017294927883844936,27.129742734134197,4013.5552155174178,3597.2842417767442,4243.037041881344,16499.97156042577,128.45221508571103,0.6732873154064901,db25
32768,0.057542067307692304,-0.0001145368441939354,0.000927154598576187,0.030449213431157578,0.030276310228283816,30.3814317593351,4077.117809788908,3230.5678572594975,4501.672255933809,56225.30184700857,237.1187505175594,0.6424802929405055,dmey
32768,0.05665564903846154,-2.0598992705345154e-05,0.0007467984280714289,0.027327612923038647,-0.020887927553872764,24.471104795113206,4167.959849083199,3979.1738638375773,4505.8875490655055,10282.526952369924,101.40279558458892,0.6315963549635929,db27
32768,0.0787109375,-3.1628645956516266e-05,0.0006690200483366732,0.02586542186659002,-0.047363313559436196,21.922481724061072,4048.4580355484254,3721.0389606050962,4363.836621403778,19106.8786675131,138.22763351628754,0.6722878369492292,bior5.5
32768,0.08532902644230769,-0.00010985322296619415,0.0007458373036819364,0.02731002203737552,0.03261110276835514,24.439992202445865,3981.1810596247606,3653.2575836932197,4378.134011192873,23493.535816122625,153.27601187440462,0.692444132588968,db28
32768,0.057992788461538464,-0.00013465434312820435,0.0004813671619183224,0.021940081173922817,-0.04215436405189924,15.774033304303885,4544.108092923242,4020.6790741923846,5028.58564249846,52199.041072220665,228.4710946098448,0.660089375572947,rbio6.8
32768,0.04797926682692308,-5.715712904930115e-05,0.0005745507705472302,0.023969788704684702,0.04158616234179897,18.826986700296402,4568.768916371656,4160.330232829139,4933.598348874238,21124.886183144834,145.34402699507413,0.5611898196146903,coif12
32768,0.059592848557692306,9.325798600912094e-05,0.0006009786073004747,0.024514865027172282,-0.07097806141354389,19.693151989020407,4493.395948132771,4168.735619823678,4857.223700224625,20307.362544144202,142.5039036101966,0.5915392931761263,coif11
32768,0.05238882211538461,-0.00015714392066001892,0.0005735835403488515,0.0239496041793774,0.07840997835430147,18.79599463008344,4521.653740982921,4222.284084539032,4880.178313701021,18694.574259743535,136.72810340139856,0.6070603378044063,db32
32768,0.06521935096153846,-0.00011208374053239822,0.0005937453518073874,0.0243668904829358,-0.08611359829173029,19.45625934470445,4443.288614286215,4024.9888597759887,4700.782837511014,27586.514206696876,166.09188483094795,0.6168128001381122,dmey
32768,0.05392878605769231,3.504287451505661e-05,0.000499299563912348,0.02234501205889914,-0.13658544854185192,16.361088349483907,4536.2850428890915,4135.556263410094,4772.64881188506,16121.464039865896,126.97032739922307,0.6106417830213298,coif2
32768,0.08032602163461539,-8.815806359052658e-05,0.0005523101429373209,0.02350127960212637,-0.1461705744138821,18.0983534315601,4461.460058475068,3904.755546840709,5027.522225284531,50298.58628260233,224.27346317075128,0.6307206982063206,bior5.5
32768,0.10756460336538462,-0.00017588213086128235,0.000675193433272589,0.025984484471941887,-0.052795561758885175,22.125752083957195,4369.611879156547,4079.0107296494334,4872.5342021510905,37255.97193058241,193.01806115123634,0.6431868842582757,sym18
32768,0.05709134615384615,-7.87246972322464e-06,0.000571115091259489,0.023898014379012514,-0.04158271946477405,18.714301341213286,4715.643507297237,4250.724204286984,5078.1938406076,33484.967083459356,182.98898077059,0.5532969881688379,coif15
32768,0.044275841346153845,8.87010246515274e-05,0.000527418600594045,0.022965596020875334,-0.007053724467016185,17.282710518687963,4778.327164899309,4523.075078146294,4939.448281094741,7707.293615499584,87.79119326845708,0.5514814123720658,db4
32768,0.05793269230769231,-9.142421185970306e-05,0.0006174791174492732,0.02484912709632419,-0.02776728502998867,20.23382960818708,4629.79066463486,4286.47554708302,5256.772486032856,38051.54967445265,195.0680642095283,0.593900713798651,db21
32768,0.06500901442307692,-9.234994649887085e-06,0.0006233958606371853,0.024967896600178105,0.05103817634352989,20.427438355982304,4453.783236496374,4053.5731328127517,5048.699468225444,29101.38463458164,170.5912794798774,0.6141001716049084,sym19
32768,0.06336388221153846,-0.00013208109885454178,0.0005219035694770033,0.02284520889545559,0.040824295226345474,17.102307816036046,4542.929306798242,4141.074882986402,4836.305515814472,30572.082762430622,174.84874252459073,0.629788708808612,coif14
32768,0.07065805288461538,-8.239410817623138e-06,0.0005215739762549898,0.022837994138167866,-0.06588343229787705,17.090938278473914,4558.126365290801,4185.319206886854,4877.548488013217,27118.518682304653,164.67701321770642,0.639394906964098,rbio4.4
32768,0.08494591346153846,-0.0002196282148361206,0.0005392302482272182,0.02322133174964817,0.09764250640347599,17.671077389270067,4496.245082691765,4008.7405601138335,4869.325574344386,34153.51536702138,184.80669730023686,0.6226854105893485,sym10
32768,0.09780649038461539,-1.3219192624092102e-05,0.0012078768617025913,0.03475452289562599,-0.049638867983367724,39.579714730381966,4153.487459733974,3684.5919844557625,4600.160442219195,64221.123967389576,253.41887058265723,0.6456768189178415,db29
32768,0.0995342548076923,-0.000134357251226902,0.0005716187181194338,0.02390854905926819,-0.028803692379113947,18.73139367904514,4273.3324193443905,3907.3514284506864,4715.745972424618,61329.42948430561,247.64779321509332,0.6983102186694102,coif14
32768,0.11381460336538461,0.00015358161181211472,0.0006049122793642729,0.024594964512360512,0.04218530831616099,19.822538479231298,4204.804584505302,3716.9844661500724,4755.042613010848,49654.99891029781,222.83401650174017,0.7000303263295027,coif11
32768,0.09483173076923077,-0.00023693684488534927,0.00048308811173929003,0.021979265495900676,-0.05712761899061309,15.831670810468495,4465.395449967821,3862.83240887758,5134.250211352003,108813.9913072031,329.86965805785036,0.6760082854020923,db15
32768,0.06301081730769231,-9.185820817947388e-05,0.00038076680154736087,0.019513246822283597,0.11575159863244507,12.477243047207594,4849.194054513484,4073.901389153762,5184.502338120607,91305.53933617099,302.1680647192403,0.6212971376147364,coif12
32768,0.05326772836538462,-0.0001547960564494133,0.00034003276259230494,0.018439977293703617,0.13385950019766676,11.142978745512664,4939.943022508936,4627.132459568277,5258.670192663125,21632.832398917017,147.08104024284373,0.5468134155795477,db16
32768,0.06911057692307693,9.293481707572937e-05,0.00032476767401000417,0.018021311661752155,-0.028876862939911308,10.642270155251026,4956.174729063847,4654.6212477451645,5319.164636480626,22841.678694815953,151.13463764080012,0.6148688168462498,sym14
32768,0.10854116586538462,-1.2810342013835907e-05,0.0003968906056875726,0.019922113484456726,0.04526025917224956,13.005316744558513,4650.818758089626,4199.229422935767,5169.159338520974,90735.23077115574,301.22289217646744,0.6797232728218592,db20
32768,0.11138822115384615,-0.00011765491217374802,0.0005757081036408045,0.023993918055224005,-0.055660753803698323,18.86525673698634,4410.725214250351,3888.6507356399907,4883.824930725725,62994.99370962637,250.98803499295812,0.642994139141292,bior4.4
32768,0.10454477163461538,-2.748984843492508e-05,0.0006335250767636945,0.025169924051607596,0.042660297781387066,20.759374477900565,4428.85559359497,3967.0140834756157,4848.350576332552,53444.414990250814,231.18048142144443,0.6483606824272826,db15
32768,0.06508413461538462,-0.00017908122390508652,0.0004102469857572556,0.020254554691655297,0.07172749198119434,13.444024101831019,4873.406436127575,4198.933460295242,5592.355443224859,41499.253963119365,203.71365679089698,0.5719576980209534,sym4
32768,0.10308743990384615,-1.5405938029289246e-05,0.0006133244235467759,0.024765387611478566,-0.04257667521180728,20.09742248803377,4387.692046068372,3615.153734859001,5206.066032243408,140273.70519577723,374.53131403899624,0.6580057314240004,db37
32768,0.11019381009615385,-7.116049528121948e-05,0.0005569152937940358,0.023599052815611813,0.03798841553052431,18.24916627816856,4406.385332373036,3780.4056732011177,5015.940628831176,109068.69273106994,330.25549614059406,0.6562468516900344,coif15
32768,0.08961087740384616,-2.181529998779297e-05,0.0004354291570365376,0.020866939330829944,0.06658575667258324,14.268158212304115,4629.521668213023,3867.1935732763286,5151.0550887602485,119827.42099318394,346.1609755492146,0.6601657113967375,db38
32768,0.09525991586538461,-0.00014034472405910492,0.00031272059652661874,0.0176839078409332,-0.06999890814385229,10.247873926535249,4841.9188295222875,4305.0125943417725,5234.150294577626,35549.168952387015,188.54487251682824,0.6709878464299918,dmey
32768,0.06189152644230769,-5.856994539499283e-05,0.00028332190371359225,0.016832168716882333,-0.0015316315030451135,9.284004549495876,5073.5863378528375,4631.668354065247,5375.611796152731,23641.92731167509,153.75931617848426,0.6162520119499979,db18
32768,0.06918569711538461,1.4059245586395264e-05,0.00026037533380568467,0.016136149906519976,0.05870942886231554,8.531985415145755,5075.025194498569,4848.373178343215,5306.743861120195,11908.733200493776,109.12714236382155,0.6416283688240618,coif14
32768,0.08988882211538461,-0.00017367303371429443,0.0015059709654570153,0.038806841735150456,-0.011119425633911958,49.34864495508373,4295.533985936011,2874.040226098215,5070.846607617135,374768.1693753078,612.1831175190213,0.6227251420403555,db30
32768,0.06926832932692308,3.096647560596466e-06,0.015348091869884941,0.12388741610787167,-0.017101097077421683,502.92627470660955,2907.4203010485658,2396.144085060584,3911.1124560631124,64955.373885579305,254.86344164194932,0.5416120854925742,coif14
32768,0.09405799278846154,4.094839096069336e-05,0.0008905359242667998,0.029841848539706783,0.03211028379129571,29.181136110797524,3964.7369437281077,3207.860957844553,4450.633450213209,60401.030756589425,245.76621158448413,0.7003321482912416,sym12
32768,0.06625600961538461,-0.000174742192029953,0.0008579159379863283,0.029290202081691554,0.10949226606989304,28.11319002136588,4148.553844260309,3245.6292771856397,4583.631857967168,102122.88149713722,319.56670899381436,0.674120394702801,sym4
32768,0.06767578125,-3.671180456876755e-05,0.0006121607871998117,0.024741883258956092,0.00382672384983851,20.05932883825153,4346.976256591573,4058.8655216620123,4539.034579086062,10775.868097429158,103.80687885409694,0.667233458118104,dmey
32768,0.05960036057692308,-0.00013592373579740524,0.0007781196400887038,0.027894795932013983,-0.011746414773179987,25.498029763810337,4121.079158300628,3628.494711573624,4544.7435426701795,44571.39617437836,211.11938843786555,0.6969930973687768,coif15
32768,0.07778695913461539,9.004492312669754e-05,0.0013057175779354253,0.03613471430543523,-0.03207639475846552,42.78601927962154,3586.231470905022,3329.6107037886395,4247.235822061205,23604.869180095335,153.63876197137014,0.7110435447813971,coif13
32768,0.07432391826923077,-9.50424000620842e-05,0.0017521399418721133,0.04185857070985718,0.025087672050131345,57.41441761050373,3460.229392398694,3195.9883081741127,3735.7390684109046,15785.017603371396,125.63843999099717,0.7115286219513631,sym20
32768,0.050631009615384616,-0.00012328382581472397,0.002534362878554559,0.05034245602426007,0.06468507863803426,83.04650084208697,3381.205310504121,3122.0988933535123,4079.187079502094,18290.462906447887,135.2422378787333,0.6862433049569081,db22
32768,0.05181039663461538,0.0001873113214969635,0.0035289294656768305,0.05940479328873075,-0.03117003957636442,115.63711041398346,3224.9833851650005,2974.3217892348284,4113.969666066914,23044.97860626833,151.80572652659822,0.6831908487293681,sym20
32768,0.04811448317307692,-0.00023983977735042572,0.007529217148350665,0.08677106169887899,-0.020558232643674172,246.71927243471146,3130.353145642191,2775.7096219140035,3863.047004615441,44200.16358843239,210.23834947133787,0.6701880494949115,db25
32768,0.04745342548076923,-0.0005536442622542381,0.016259093094674455,0.1275111489034369,0.04716953222296821,532.7880066381767,3826.7502017626502,3255.943024008281,5459.821361658587,202581.57002210757,450.0906242326178,0.6640976886456311,db20
32768,0.04926382211538462,-0.00029384810477495193,0.027566674781163356,0.16603214984202114,0.017882835410420284,903.307628638111,3130.09896704403,2311.5005277486744,4623.78262852781,253815.96158912673,503.8015101100102,0.694320357472451,coif16
32768,0.047686298076923074,-7.18953087925911e-05,0.028191487448886294,0.16790320857233876,0.008805533969812072,923.7788301007822,2355.301884150017,2104.2026347315555,3862.6484338083005,61552.34732680175,248.09745530093966,0.6878618274751219,db17
32768,0.05108173076923077,0.00011384300887584686,0.017594436917432336,0.13264402330083455,-0.043397504414116946,576.5349335912615,2371.8100004391717,2048.926215063115,3217.898130810105,33584.655128883016,183.2611664507323,0.6855239944471824,db32
32768,0.051607572115384616,-0.0001529855653643608,0.011144781524576385,0.10556884732048742,-0.000506759662141907,365.19296791870147,2486.838192912627,2231.764684214854,3134.9328869561705,20659.760811334083,143.73503682586957,0.6888262026707476,db34
32768,0.059405048076923074,-9.874533861875534e-05,0.0076385236081019745,0.08739864763314117,-0.034528626618301965,250.29946109931916,2649.562635499042,2484.3649202773568,3700.7560986095377,29810.19602289521,172.65629447806185,0.7027003257625954,db37
32768,0.07669771634615384,-0.00013899058103561401,0.00625850095687136,0.07911068800656053,0.042263812279642786,205.07919237948954,2808.3521508175586,2528.474416556006,3859.4472707909317,56421.34740192142,237.53178187754457,0.7268102735856524,db34
32768,0.07880108173076923,0.00013267435133457184,0.004356925038157178,0.06600700749281986,0.0021711885117057534,142.76829644851387,2925.1374410162116,2618.8886487948143,3854.5904846973995,26674.167966558234,163.32228251698612,0.7188193307064876,sym17
32768,0.06548978365384615,-9.968597441911697e-05,0.0034179444597148196,0.05846318892871667,0.002871444926040616,111.9995296811685,3026.0348368450905,2607.084881867146,3781.074902362778,49203.426875219935,221.8184547670007,0.7172222871028308,db34
32768,0.07007962740384616,-7.053837180137634e-05,0.002713922046565939,0.05209531693507526,-0.04968128698815895,88.92996066436172,3188.385638943147,2917.7430687795436,4508.244577853481,54129.52130243861,232.65751933354446,0.7220783993970977,db36
32768,0.05837590144230769,-0.00011572521179914474,0.0021407723235275424,0.04626848088631766,-0.05769909832423079,70.14926633704454,3332.4764854326327,3081.7618387751427,4521.904134525525,36591.27141488448,191.2884508141683,0.7041900564322906,db34
32768,0.05676832932692308,3.3484771847724915e-05,0.0019874011242742534,0.044580277301450845,0.03180421437376182,65.12319678068161,3481.9909167306614,3078.257084448038,4100.550857479854,31768.74588848152,178.237891281516,0.6935613254812599,db21
32768,0.051915564903846155,-5.1701441407203674e-05,0.0014580744021031843,0.038184740435194583,0.03302792560842774,47.77826959826052,3696.6572345216728,3195.493877110189,3983.7138889757884,20232.181852091406,142.2398743394109,0.6944495419100496,sym20
32768,0.05086388221153846,-0.00015853159129619598,0.001181902762113548,0.034378812692028034,0.07745862289437784,38.72941324301064,3843.0293349498465,3597.861182305309,4729.016882761492,25320.34657545312,159.12368326384706,0.668189166451914,sym15
32768,0.054627403846153846,7.353909313678741e-05,0.0007707911403536626,0.027763125550875258,0.06841500825337568,25.257461296394467,4164.369550098009,3925.147877033299,4765.045465931807,19691.112428788514,140.32502424296428,0.6839808988530871,db35
32768,0.06514423076923077,-0.00017156172543764114,0.0008082993279117715,0.028430605479162267,0.03382365527026619,26.487316851504147,4141.038460269716,3777.6021159291786,4419.3418355109625,18141.632725525313,134.690878405055,0.6885059716895894,coif12
32768,0.052674278846153846,1.387856900691986e-05,0.0006528956604646939,0.025551823036031967,0.06179197077146597,21.39409131370485,4281.627365008507,4020.5367784738028,4646.470711151791,16207.473439688736,127.30857567221753,0.679918506451786,sym20
32768,0.0669921875,-0.00017622020095586777,0.0007781377274516653,0.0278951201368925,0.014970954071082026,25.499034616164863,4095.4645521167404,3479.862314932815,4584.936907471116,96259.71006747542,310.25748994581164,0.70904988275024,coif2
32768,0.12122896634615385,-5.733221769332886e-05,0.002108099405107866,0.045914043658861786,-0.005515203364820422,69.07830901443958,3579.654360104849,2964.777793027203,4359.130137318773,93470.08462558546,305.7287762471591,0.6290375594885127,sym14
32768,0.11458834134615385,7.53309577703476e-05,0.0017177996559033756,0.04144634671359317,0.005966105545997069,56.28904507495463,3831.9198316300444,3152.0961167648984,4899.313156609778,170845.753613338,413.3349170023481,0.6810317962508147,coif16
32768,0.061275540865384615,-0.00016720779240131378,0.0005016018621301598,0.02239646985866656,0.005548883251256161,16.43740596063435,4492.040229132533,4237.586421424112,4720.01717943483,16105.388339191868,126.90700665917493,0.6806887544319691,sym17
32768,0.09803936298076923,-7.773563265800476e-05,0.0007731865434513624,0.027806232097343977,0.09263720368933023,25.335974667221308,3990.3218691972024,3549.161436461501,4549.420959181903,64477.47572910592,253.92415349687772,0.7034434425730489,coif14
32768,0.09824969951923077,-5.375035107135773e-05,0.0008664717006133214,0.02943589136773883,0.07899338153105326,28.39263935573399,3907.5000334160436,2971.2269802555265,4257.885914243462,53933.86442644418,232.23665607832925,0.7359135397422641,db20
32768,0.07300931490384616,-2.786051481962204e-05,0.0008151906750583418,0.028551544179927325,-0.05958043228446451,26.71219347510487,4068.817162676147,2941.5480493913283,4712.7906168565905,143075.83003446943,378.2536583226518,0.7217010614963848,db21
32768,0.05401141826923077,-0.00012745335698127747,0.000408147717520721,0.02020266609932266,0.007606001298127786,13.374716702848673,4892.653141283072,4539.918596585674,5287.343528422654,33147.129795926616,182.06353230651825,0.6357252232837695,db37
32768,0.053245192307692306,2.5976449251174927e-05,0.0003891527964138136,0.019726956085869243,-0.038759556368426554,12.75178094394505,4920.510897128117,4582.170238670295,5230.37630433665,20582.942581884905,143.46756630641264,0.6210424803493191,sym18
32768,0.052569110576923074,-0.00026087742298841476,0.0003580265575106799,0.018921589719436364,0.036323517301084525,11.73404432926327,4923.705243827457,4616.07101081829,5211.059526039166,19961.77731147514,141.28615399774722,0.6231383224128507,bior5.5
32768,0.1302509014423077,3.730505704879761e-05,0.0005240114821009612,0.022891297082100026,-0.06455810194052855,17.170853847637773,4458.699260092436,3876.1823260819665,4953.509899407321,61966.19763902069,248.93010593140536,0.7110078193924453,db37
32768,0.11978665865384615,-9.127054363489151e-05,0.0005229555362176997,0.02286822109867096,-0.08777542520430387,17.136479978449643,4660.8699296228715,4048.536464473398,5276.982697519954,97791.80710800686,312.7168161580168,0.6788199905178225,db34
32768,0.10284705528846154,-1.314748078584671e-05,0.0005261997859281946,0.022939045009071204,-0.028418870561605514,17.242520249448717,4530.737815642807,3655.5919257462283,4954.5165867864425,64018.439193180166,253.01865384429695,0.6740264858285558,sym13
32768,0.08509615384615385,-3.0644237995147705e-05,0.0006558554543811268,0.025609675015140797,-0.05028848704647517,21.491102300584316,4396.24700547789,3695.281512231765,5090.874801775626,136230.17468443935,369.0937207328775,0.679807660450977,db30
32768,0.09888822115384616,-0.00011559482663869858,0.0007540277243734811,0.027459565261917042,-0.004510172907946336,24.708418323658407,4176.358669015112,3610.260210681887,4736.731755707838,77825.85689483222,278.9728604987091,0.6596892100728255,sym10
32768,0.06796875,2.766493707895279e-05,0.0004398085760239219,0.020971613577021722,0.12176857494680653,14.411672498099506,4645.408546662012,3743.860908160666,5083.486398785981,99122.11001964056,314.8366402114604,0.693926642144334,sym12
32768,0.05935997596153846,-0.00018020439893007278,0.00037774307721977814,0.019435613631161176,-0.03172611580328888,12.378949250094593,4831.658424403687,4566.1314478903805,5131.087620057764,13117.131767576717,114.53004744422626,0.636067800569534,db27
32768,0.05078125,-1.7311424016952515e-05,0.00038766872051375356,0.019689304723980314,-0.04038325597621183,12.703138453885913,4855.723041394643,4339.700398933698,5122.934625688079,26473.41608071514,162.70653361409657,0.6198931887156562,db5
32768,0.0501953125,-2.6421621441841125e-05,0.0004946095934234528,0.022239819995302407,-0.0939063887651866,16.207390032708645,4817.751832073027,4418.711853043342,5326.9062487009705,51653.22424845139,227.27345698178524,0.6375325026928296,rbio4.4
32768,0.055641526442307694,-1.867208629846573e-05,0.00040061475295036144,0.020015362923273747,-0.06009318955360056,13.127355649136007,4864.922286972139,4543.962607287095,5068.783983421679,10626.411975148492,103.08448949841335,0.6253731460950015,db29
32768,0.06316856971153846,-8.428469300270081e-07,0.00038984492351816415,0.0197444909662965,-0.08562854056466662,12.774438477121294,4781.460795729947,3962.7461339405286,5238.435331927109,57028.884803013025,238.80721262770317,0.648024723141853,rbio6.8
32768,0.05319260817307692,-0.00029005017131567,0.0004819546464709658,0.02195346547748136,-0.010052620390348418,15.795446597971022,4728.629619734921,4107.594117778996,5144.024218042499,57227.457118100065,239.22260996423407,0.6219317227865115,coif15
32768,0.04576322115384615,2.0164065062999725e-05,0.0008724726718413376,0.029537648380352447,-0.0223869157424641,28.589197834022343,4430.602267262041,3984.9808323738057,4838.4278271838375,37159.97393228635,192.7692245465711,0.6063788289836257,coif2
32768,0.06547475961538461,5.503091961145401e-05,0.0012852957758745218,0.03585102196415776,0.004251956155990355,42.116671218536794,4190.897641022573,3316.4427002944803,4588.2112273138355,106152.55415093094,325.8106108630149,0.6601050336557754,db38
32768,0.0641826923076923,-0.00013098958879709244,0.0009795281223421285,0.031297413988093783,-0.040753251405779393,32.09773975517601,4162.160673482006,3558.6365033925563,5168.754971009852,114368.09102415958,338.18351678365343,0.6641077513146703,db35
32768,0.09486929086538462,-8.58549028635025e-05,0.0006689690366024868,0.025864435748774547,-0.09797569527442948,21.92101892642677,4383.115905812169,3638.083550508695,4988.923006387277,87991.39759775608,296.6334397834406,0.6891277891690715,db18
32768,0.11122295673076923,-2.408493310213089e-05,0.0009524026142772926,0.030861020953255786,-0.022260335641034194,31.208347872830927,4201.738027545194,3634.5939788489854,4775.581672144165,91466.6330799415,302.4345103984357,0.6977221649832589,db36
32768,0.11570012019230769,-0.000112142413854599,0.0007030983871378765,0.026516002472806426,-0.048640745239152745,23.03954003751278,4396.563263752331,3927.698901225055,4768.604084808795,38152.26949414791,195.32605943434152,0.6755274149258376,db35
32768,0.09242788461538462,-5.027465522289276e-05,0.0008680063679110638,0.029461947795606857,0.03605152280236462,28.44291548617184,4504.8069244539865,3605.6444277370197,4995.965609091109,98228.9980848753,313.4150572082894,0.6992519975872922,coif15
32768,0.11736778846153846,-9.57762822508812e-05,0.0010825464970983093,0.03290207435859188,0.05748400803598267,35.473184200935066,4716.173466017611,4162.069737369982,5255.154786005751,49630.87887906989,222.77988885684877,0.7270361303005046,db22
32768,0.19417818509615384,-0.0001709628850221634,0.0016600451015828487,0.04074365105857413,0.24699493492401642,54.397315641865134,5415.241021623499,4731.483713313203,5974.439758049588,74029.79730523781,272.0841731987324,0.8448142770749184,coif16
32768,0.16621844951923076,3.1678006052970886e-05,0.004065567042250135,0.06376179923943595,0.023818224640771338,133.2205337230116,5325.1643360047765,4817.67334889985,5659.959935176691,37828.86658634059,194.49644363417187,0.8219388793522432,db16
32768,0.10504807692307692,-0.0001387009397149086,0.003898835926571141,0.06244065924196461,0.05902001497901657,127.75768603105098,4567.245388954774,4225.884202873375,5340.624735048261,45316.93233283446,212.87774034133878,0.7639936791491795,db21
32768,0.10105919471153846,0.00015750806778669357,0.0020731675299785948,0.04553204948142127,0.026487456552588825,67.9343665568158,4550.660836360197,3974.5004924848763,4941.963663400245,29374.88220685,171.39102137174515,0.7413269654247586,coif17
32768,0.10625,-0.0001822924241423607,0.0014877821923773142,0.03857177974085865,0.011723958643359518,48.75273577775806,4330.246691373478,3881.7874683292744,4683.036862772126,32837.24348216748,181.2104949559144,0.7083738112115839,db37
32768,0.0718524639423077,-0.00018683448433876038,0.0011456204885786775,0.03384701594791892,-0.08295975356700933,37.54083600640297,4254.806460041381,3719.070708317473,4605.6537679081475,53923.78237066202,232.21494863738212,0.7116825549235566,coif14
32768,0.05791015625,7.582921534776688e-05,0.0030111377360072158,0.054873834712066694,-0.09369496751444738,98.66914975177497,3868.8699828151057,2874.061930700352,4673.855222334453,170578.66104067283,413.01169600953534,0.6641744877442239,db37
32768,0.0865234375,-3.55355441570282e-05,0.0009205614129558086,0.030340754983286238,0.05791560082524772,30.164997758343816,4282.860503676496,3360.8323549793977,4694.79883046512,53224.378005242004,230.70409186930777,0.6571932484641584,coif16
32768,0.05244891826923077,-7.863808423280716e-05,0.0021773666216706234,0.04666226121471851,0.2886807329034519,71.34815209452063,3975.223554669153,3221.5478331756694,4652.101378281101,149369.62423455622,386.4836661937426,0.593921660901771,db21
32768,0.06714242788461539,-0.00014749076217412949,0.0005232445401726616,0.022874539124814332,0.03223365023767891,17.14638991188258,4518.699676663987,3701.034944053127,4867.7249660440775,55952.54519793288,236.54290350364113,0.6525084602801716,coif2
32768,0.1185772235576923,-9.801238775253296e-05,0.0012338212234185852,0.035125791427647365,-0.02327945229426187,40.43016863241792,4117.242480609713,3401.9366909900814,4729.369035005516,111047.09209448298,333.2372909721884,0.6284331486902927,db34
32768,0.0970928485576923,3.313086926937103e-05,0.001225784358033357,0.035011203321699144,-0.13349317504364944,40.16653781197965,4123.078748258876,3522.1134052247658,4677.008152161606,65116.34007792438,255.17903534170745,0.6551902274812781,coif17
32768,0.09046724759615385,-0.00011354871094226837,0.0007935842016590886,0.028170626575550084,0.07373852779564481,26.004589607939124,4400.2798049522,3489.3475854434187,4965.785530085019,155606.09064716744,394.4693785925182,0.6632873089953883,coif17
32768,0.05385366586538461,3.0052848160266876e-05,0.0005769552878803405,0.024019893585949553,0.029530928221790844,18.905700468458235,4603.019452937669,4013.6403598393654,4982.013930546484,53900.676355947646,232.16519195595976,0.6687733799977714,bior4.4
32768,0.07690805288461539,-7.357262074947357e-05,0.0006153662363157751,0.024806576473100337,-0.07133467278733585,20.164498202502728,4414.17542138139,3914.4139102611975,4847.663347255722,40737.94344814116,201.83642745585138,0.6796601835654354,coif11
32768,0.08087439903846154,-9.159371256828308e-05,0.0007013840285577805,0.026483655875988506,0.010069113979183414,22.98322675190866,4307.810221313107,3833.011028740019,4632.133649143253,24018.20235733561,154.97807056914732,0.646766795056855,coif13
32768,0.05341796875,-0.00011489633470773697,0.0014520387969185606,0.038105626840645994,0.11439998499524949,47.58083987329155,4207.242846165641,3318.695280446323,4806.963074673818,158353.45492554447,397.93649609648077,0.6140448396830896,coif15
32768,0.050623497596153845,-0.00010296236723661423,0.0005663573203579579,0.023798262969342066,0.0026486107183929034,18.558744055218995,4531.581916228235,3717.2650842337043,4966.98160326938,84786.5168926532,291.1812440605562,0.6567222239778215,sym11
32768,0.09251802884615384,-1.0100193321704865e-05,0.0018551758793621728,0.04307175268505071,0.06969142400279632,60.79040655773133,3863.764839319672,3306.646676853824,4769.379276546848,144143.7875343269,379.6627286610142,0.6641052835399472,db34
32768,0.11772836538461538,2.8951093554496765e-05,0.0012813149370930997,0.03579545972736067,0.007015332275316267,41.986155323684216,4096.089422365385,3585.986271306832,4636.426910956497,79510.62082275815,281.9762770567023,0.6455373533716725,coif17
32768,0.09283353365384615,-0.00014308467507362366,0.00121774684318042,0.03489622964132973,0.058845842927961856,39.90379942394793,4049.582168107343,3463.268232116709,4644.031778922699,78473.05355960934,280.13042241000767,0.6618334776132575,sym14
32768,0.05283954326923077,3.0538998544216156e-05,0.0020759585554794694,0.04556268819417342,-0.24822341111021584,68.02504050638527,4038.975130717664,3127.4676689126586,4737.635386537574,222327.7619084177,471.51644924479325,0.6503829507022398,db15
32768,0.06323617788461539,-3.0117109417915344e-05,0.0013493573881179742,0.03673360026076908,0.202764084380156,44.215772615745664,4288.162667587295,3487.493416657968,4876.825098429179,105617.9915421509,324.98921757829277,0.5934117835194291,sym16
32768,0.047122896634615385,-0.00014131143689155579,0.002202230871546681,0.04692793274316141,0.04769370973588775,72.16335554048419,4456.040919014016,2978.1063630163185,4928.448452784533,204625.49964085966,452.3555013933838,0.5175301097562609,db28
32768,0.06125300480769231,-9.784474968910217e-05,0.0007645616300086949,0.027650707586040088,0.04167518009160995,25.053469199687243,4355.30268456948,3459.174634641701,4827.952530976243,130801.4777795545,361.6648694296344,0.6923142492197673,coif17
32768,0.054086538461538464,-1.7595477402210236e-05,0.0027811061012780946,0.05273619346594988,0.39826171599874977,91.13129487168044,4121.745999772575,2999.2334917556423,5131.327138075387,364208.47803823167,603.4968749200211,0.62792697364875,db21
32768,0.07585637019230769,-0.00011652335524559021,0.006632010200275469,0.08143715491270227,-0.07460322952904382,217.31815515644848,3474.286065395075,2505.3160284778123,4725.696713474083,346830.84434386645,588.9234622120828,0.6361273322178128,db21
32768,0.08557692307692308,-6.544310599565506e-05,0.011403992672210473,0.10678947828419462,-0.5120113091307275,373.6861722217873,3573.6056551532115,2735.729104196744,4842.089623870095,452573.7514562641,672.7360191458936,0.6858537952725697,db36
32768,0.07843299278846154,-9.057018905878067e-05,0.012085947693408148,0.10993610732333645,-0.1919241827139357,396.03260281216353,3320.0870505386756,2451.494255614211,4439.919142166923,229914.8083628903,479.49432568372515,0.7137206224901328,sym12
32768,0.06672175480769231,-0.00011445768177509308,0.0007572219685411628,0.027517666480665885,0.028917063351397675,24.813078744336963,4075.710923989284,3625.1346869312715,4555.166741972172,56545.07372651651,237.79208087427241,0.7018064830412005,rbio3.9
32768,0.10341045673076923,2.8468668460845947e-05,0.0010118790556332136,0.0318100464575771,0.06732430495277503,33.15727945230901,3953.0397236416297,3553.832130058757,4275.776947031885,32804.35146824661,181.11971584630595,0.7053026865286334,coif16
32768,0.09906850961538462,-6.666593253612518e-05,0.0011526226488302004,0.033950296741415975,0.010293042377638369,37.76928458921611,4072.697464804655,3362.1155369728467,4597.804192678985,102814.56013026653,320.64709593300006,0.6661312625144439,sym16
32768,0.10414663461538462,-3.162305802106857e-05,0.0012060055827305878,0.03472759108735571,0.01777100553484213,39.51842370349914,3983.625643579045,3475.19980316098,4357.805716984301,53852.767757115944,232.06199119441328,0.674298241094057,coif15
32768,0.050931490384615384,4.60352748632431e-05,0.0015979048347287933,0.039973801854824784,0.007554048191092905,52.360215067863464,4011.8485491227507,3540.2915537896433,4400.693585620388,30745.21488276948,175.34313468958368,0.5452798078373593,db30
32768,0.04554537259615385,-0.00021751970052719116,0.001507692274053729,0.038829013302603105,0.009210399482215253,49.4056108482182,3947.8274761308503,3574.1232220942256,4645.199616174959,25801.59034912622,160.62873450639592,0.6088753672672677,db22
32768,0.05411658653846154,-3.4052878618240356e-05,0.004796941782906668,0.0692599580053776,0.026408075176543536,157.18622634001076,3429.940904005985,2438.711687723139,4467.408258825791,135422.57722326697,367.9980668743614,0.6678149847755572,db24
32768,0.054041466346153845,-0.00029223039746284485,0.0026447302166644343,0.05142694057266516,-0.04593543399371423,86.66531808115542,3445.1281918794953,3192.683770199705,4147.736690141826,21253.131299087476,145.78453724276616,0.6975597838711105,db31
32768,0.04951171875,0.00028975773602724075,0.00563972016843501,0.07509807033762592,0.06889243411503648,184.8051016656682,3131.4967360747128,2929.933059745834,3621.9681577570677,15567.729458642938,124.77070753443269,0.6481797058339716,sym12
32768,0.05634014423076923,-2.2231601178646088e-05,0.00647676052208601,0.0804783233056331,0.01541722920300889,212.23050498310477,3130.942422910697,2841.3458394190006,3311.8348600319464,11740.017838701217,108.35136288345069,0.692759532980751,db26
32768,0.052569110576923074,0.0001530572772026062,0.012216860577787203,0.11052990806920633,-0.039507751903145684,400.32285505346954,2984.7990516028817,2731.550262532894,3993.650135719424,29917.085382711415,172.96556126209464,0.6680764786818542,sym15
32768,0.052711838942307694,-0.000817599706351757,0.024372399014314643,0.15611661991701795,-0.03212787634758163,798.6566753024235,3483.504120882535,2846.1592880928874,4255.359522701165,167990.54526986004,409.8664968863155,0.693844611293713,db34
32768,0.05114182692307692,0.0003797914832830429,0.035248219813038974,0.18774509264702227,0.039661547941345215,1155.0183933414519,2742.8223546401787,1847.4986300376356,4036.982515715491,354654.4166858008,595.5286867026649,0.7023175878743041,db20
32768,0.05483022836538461,0.0001781182363629341,0.03321799460576009,0.18225804400837864,0.05446388861037582,1088.488286842592,2032.8287165524787,1848.4917233326958,2617.016343907226,17390.894392322756,131.87454034923783,0.7111613882984054,db32
32768,0.05449969951923077,-0.00013688113540410995,0.022632712640783537,0.1504417250658325,0.07459991951319304,741.6293417690322,2169.774175542315,1921.774770473793,3891.5780316656096,66004.74073163068,256.9138780440455,0.7181746595071683,db37
32768,0.05243389423076923,2.107582986354828e-05,0.012582507964607213,0.11217177882429794,-0.024434973097807195,412.303635539487,2472.11655328797,2147.898351997362,3916.972272228275,82480.04624778437,287.1933952022302,0.7154573868917098,sym20
32768,0.05491286057692308,3.497861325740814e-05,0.009894897511850374,0.09947309943824197,-0.0009626354279242207,324.2360417600721,2442.487907151431,2193.5214606642166,3280.8451579022662,32947.73796123738,181.5151177209143,0.7169587352847897,db32
32768,0.053553185096153845,2.3310072720050812e-05,0.010656968906154064,0.10323259614169385,-0.041793103853585,349.2075749216601,2406.495747209454,2217.8888185362316,3490.4866829151633,36580.82160215596,191.2611345834693,0.7135897642311089,db38
32768,0.05504807692307692,-0.00021325796842575073,0.015655780337548053,0.12512306077437546,0.023041654041970203,513.0101003553718,2288.0079656134253,2064.0041353952797,3533.1352685984484,49384.486144256116,222.2262048999985,0.7183720269230544,db18
32768,0.05956280048076923,-6.074830889701843e-05,0.018193835501026136,0.13488452654410044,-0.014746832842186081,596.1757226232439,2353.6541739017,2175.597840048265,3713.268161854394,42814.3841056315,206.91636983484776,0.7185087420654357,db37
32768,0.05960787259615385,-0.00036631617695093155,0.025339972324349293,0.1591853395396363,-0.028338260379418265,830.3446101816371,2210.990002325873,2025.5065030648448,2430.2235192113567,10339.616456141219,101.68390460707741,0.7291577925643482,coif11
32768,0.05286207932692308,0.00027598440647125244,0.0328401668217031,0.18121856091941327,-0.008574047221763548,1076.1090822666883,2319.699016061461,1980.6607911526532,2815.7944016681336,57521.70583177891,239.8368316830818,0.7090360615390686,db28
32768,0.05091646634615385,-0.00012437254190444946,0.014094803678162682,0.11872153839199812,-0.05378167763001845,461.8590337987989,3389.122057737915,2721.0834652606864,4534.0555033640685,115630.00889395621,340.0441278627764,0.7040526319730297,db18
32768,0.06222956730769231,-0.00020072143524885178,0.00610057701437954,0.07810619062775716,-0.0052604278598802215,199.90502780023962,3956.7101101469875,3490.9086141330354,4526.774861387975,68831.71456480944,262.35798932910245,0.7116560563359878,db30
32768,0.05916466346153846,-6.790086627006531e-05,0.002906985999387643,0.0539164724308596,-0.008319717164293855,95.256268305704,3587.8664529719604,3266.3891993940415,3960.6076693014447,23950.73759984162,154.76025846399205,0.7226730080395667,sym19
32768,0.053470552884615385,3.844499588012695e-06,0.0023363776857072693,0.04833609092290428,0.027113610010850175,76.55842448957264,3465.2351983380117,2997.2769585526776,3872.0111726384453,37806.99440283502,194.44020778335695,0.7040599577055294,db17
32768,0.05858623798076923,-8.651241660118103e-05,0.002139860903075372,0.04625863057933483,0.01915688751896899,70.11920732073486,3431.35144991014,3197.974983686268,4296.330649634996,29394.530113713234,171.4483307405273,0.724524715634162,coif16
32768,0.06179387019230769,6.450433284044266e-05,0.0017406948752963416,0.04172163557791499,0.013749201138759791,57.03922601509839,3466.380652675109,3167.4388491848804,4413.573363528287,35922.69403976621,189.532831034009,0.7185557554691304,sym17
32768,0.06121544471153846,-0.0001645190641283989,0.0014686495179149273,0.038322963323768784,0.004168471099404334,48.12559431884438,3594.685213814017,3346.9173936132443,3880.9039029088995,14939.08331304892,122.22554280120387,0.7221515916466436,db31
32768,0.05988581730769231,-7.635448127985e-05,0.0011998428316209997,0.03463874754694517,-0.012327217036496559,39.316640944220126,3812.7703693794524,3511.983577935098,4129.7766705094955,24287.131436044183,155.8432912769882,0.7166657054458314,sym13
32768,0.05649789663461539,-8.157826960086823e-05,0.0008659714268193473,0.02942739245701779,-0.03539200690145347,28.376369785517454,4046.6704016548574,3577.265677466768,4365.581922828792,25773.510963854365,160.54130609863108,0.6946704355931556,db19
32768,0.058931790865384616,6.401166319847107e-05,0.0007992544674459839,0.028271088897422823,0.0023110927181813454,26.19010465592146,4047.992164971803,3734.7212737801515,4477.949069609262,20359.029599604186,142.68507139713034,0.6892479631266802,db20
32768,0.05458984375,-0.0001814626157283783,0.0008452784556720466,0.029073672896145177,-0.06640414801665785,27.699163442477584,4163.61223710577,3748.111528701955,4570.284463268407,33126.77080632172,182.0076119460989,0.6284059597796838,db20
32768,0.07639723557692307,8.313916623592377e-06,0.0006398342161166293,0.025294944477437173,-0.03482263885716949,20.966089858673513,4207.303850823706,3823.553113967802,4567.3648580787585,35217.35419961851,187.6628737913243,0.7117938476077997,sym18
32768,0.09819711538461538,2.547726035118103e-05,0.0008156103446636948,0.0285588925671794,-0.04143785314692965,26.72594104334712,4066.972429349683,3668.701953785023,4390.279096548153,47197.38808944271,217.24959859443402,0.7160635735379746,db36
32768,0.10901442307692308,-0.00016768183559179306,0.0009728783705623955,0.03119099822965587,0.02653999397859396,31.880199790932238,4024.866709918202,3536.27248047764,4543.531557001519,90308.92587840356,300.5144353910533,0.7365695775238846,db28
32768,0.058082932692307694,-8.620321750640869e-05,0.0007284084246952371,0.026989042678376665,0.0522188840358041,23.868730759248137,4133.662259050805,3857.383166608984,4698.7008916573,14588.628101942455,120.78339332020133,0.6689302748091227,sym12
32768,0.10137469951923077,2.2426247596740723e-05,0.0011943404244474376,0.03455923066920671,-0.011088702917476528,39.13616350851953,3774.378420382562,3132.109342564145,4591.814226362585,71916.40189998935,268.17233619445045,0.7261222308127917,bior6.8
32768,0.11056189903846154,-1.9486062228679657e-05,0.0013303958520868076,0.03647459187005123,0.015853370440296503,43.59442372340709,3731.965912245045,3351.090560040978,4311.999232098327,36773.12788088902,191.7632078394837,0.7127981936399275,db19
32768,0.0634765625,-9.722542017698288e-05,0.000842172036550132,0.02902020049121184,-0.023385525723922097,27.596603042446077,4056.654106525758,3722.461221428711,4368.838223609171,19664.49632982991,140.23015485204996,0.7011679262547795,db37
32768,0.058841646634615385,-0.00013620499521493912,0.0007184312672035415,0.026803568180440853,-0.020313274644256783,23.542163669131696,4238.962016666037,3801.3632804296954,4545.483978099488,28775.363552579023,169.63302612574896,0.6621751532220634,db25
32768,0.06246995192307692,-5.67631796002388e-05,0.0005680534777892714,0.023833872488315266,0.049389489068478586,18.614081940613687,4433.94007426074,4208.921988886586,4702.00343570407,10507.839155632777,102.50775168558121,0.6838221806175505,db38
32768,0.05025540865384615,6.728805601596832e-05,0.0005129104857341769,0.02264752714391081,0.02089054097674022,16.807199159637094,4608.748155793011,4355.781529886746,4932.494058625831,14411.429242340766,120.04761239750154,0.6358038719570458,db22
32768,0.05896183894230769,-0.0001955963671207428,0.00040911961617794146,0.020226705519632737,0.04772028570910729,13.407285219058394,4701.592915694242,4415.869482602433,5007.887696166704,12203.52010062837,110.46954376944068,0.6525654593333016,sym15
32768,0.061373197115384616,-9.199045598506927e-05,0.0005126514120450641,0.02264180673102445,0.05363174608631067,16.798838760703802,4582.263967966567,3986.4030238703285,4900.279494150411,21264.317261912543,145.82289690550158,0.6685999604755251,sym15
32768,0.06181640625,7.604062557220459e-05,0.0006890428908190582,0.026249626489134245,-0.0592861121807606,22.57874691672623,4274.945734694619,3491.1669576541344,4616.489763679844,31289.903829677187,176.8895243638729,0.683487683337686,coif16
32768,0.09369741586538462,-0.00022903922945261002,0.0007788782649847797,0.0279083905839226,0.11854543316650312,25.52400196250528,4115.981853505912,3668.578671608711,4484.6799082119005,32151.56956938594,179.30858755058537,0.6824322584231687,db17
32768,0.1258263221153846,-0.00010306388139724731,0.0012583254197648386,0.035472882879247894,-0.12408099298455237,41.23315542191267,3910.2173367412393,3328.1399203105443,4526.637223845618,102658.36059660997,320.4034341211248,0.7126116603759719,sym18
32768,0.12469200721153846,-3.668013960123062e-05,0.0016243311034940381,0.0403029912474749,0.03303381294326391,53.22612568642944,3943.797710251859,3260.716846274065,4618.876159605211,132379.58759799527,363.84005771491854,0.67705675340412,db17
32768,0.061463341346153846,4.436541348695755e-05,0.0011063754737379917,0.03326222292237835,-0.059253341158067414,36.253776020370424,3983.7714162198763,3561.927648638082,4354.322074649317,25744.028501343477,160.4494577782782,0.6401862375869335,sym20
32768,0.05833082932692308,1.0453164577484131e-05,0.0008573537657938224,0.02928060391784675,0.08810921757914424,28.093771778047085,4246.4292652991,3780.365654927084,4660.16333900339,42933.328991068716,207.20359309401155,0.6455096150475605,db32
32768,0.05184795673076923,-8.391868323087692e-05,0.0006680428305827271,0.02584652453585834,-0.0005511438880001705,21.89065823610872,4282.34736076975,3985.69948078717,4603.300427545825,14621.71945267924,120.92030206991396,0.6361878133119586,sym17
32768,0.05030799278846154,-1.657940447330475e-05,0.0006214936326113495,0.024929774018457317,0.15418518296662811,20.365112360566854,4369.970981467367,4033.686648300393,4755.791803882005,19060.31921927263,138.05911494455057,0.6335684457821168,rbio1.5
32768,0.1005108173076923,-0.00019960571080446243,0.0007109891928329729,0.026664380600962267,0.041594399158420406,23.298999427817762,4157.173745923382,3591.815659823993,4518.585472994777,53501.17935711824,231.30321951308468,0.7411970108570095,db32
32768,0.12010216346153846,-8.847285062074661e-05,0.0009509046434815264,0.030836741777975286,-0.022533634519540206,31.159499847330153,4030.40981246909,3311.8379933298015,4511.217452644868,87003.84180354282,294.96413647008484,0.7229846539489897,db27
32768,0.12313701923076924,0.00014427956193685532,0.0014770019157106643,0.03843178262468011,-0.01302673332985254,48.39908089209348,3941.9455403848187,3299.361062302833,4485.055986289359,130423.85310118858,361.14242772234417,0.683770787219837,db38
32768,0.08693659855769231,-0.00019349157810211182,0.0013940467550417335,0.037336935533620504,0.0010434955772015767,45.68135087005794,4146.476351953276,3348.125364045141,4627.352211005327,115710.52171032078,340.16249309752067,0.5917592033193515,coif15
32768,0.05623497596153846,7.459893822669983e-06,0.0008471586936590579,0.02910599068334658,-0.02451028509016144,27.75969789735973,4170.8371655312785,3858.910373717081,4422.272833339362,14804.450811182067,121.6735419521519,0.6512497366257802,coif15
32768,0.058533653846153846,-0.00021834392100572586,0.0008838265555612597,0.02972922056767146,0.1600786420450117,28.962790756486356,4165.532597353981,3828.424942737767,4693.262108636587,41207.70714489026,202.99681560283219,0.6858976064589423,db28
32768,0.05606971153846154,-4.620291292667389e-05,0.0014394420924645178,0.03793998013263209,0.09297436482410329,47.16770843602717,3800.5753890877427,3275.12982258831,4168.158074305505,39395.21477008828,198.48227822676833,0.6927213477933076,coif11
32768,0.09600360576923077,-5.392357707023621e-06,0.002807460027012372,0.05298546996122967,-0.023763546763254442,91.99485111795366,3448.4599482936474,3004.7512880599634,3730.6275008460652,25584.213898351954,159.950660824993,0.7466299359425844,db35
32768,0.09708533653846153,-5.4698437452316284e-05,0.004698141652829876,0.0685429912743081,-0.016711855482370388,153.94880371913314,3316.7218074630086,3091.2283228482406,3533.676774153793,12548.227593202868,112.01887159404377,0.7378539047190645,db20
32768,0.07892127403846154,-0.00022066757082939148,0.010662650303116954,0.10326010993174932,0.02257912881784671,349.3953207433224,3451.2552866966716,3251.537911603247,3729.199408518699,13377.109287427931,115.65945394747432,0.7069399411243105,coif15
32768,0.07457181490384615,0.00022265594452619553,0.024100152372517218,0.15524223772065776,0.007312805695018604,789.7154174381867,4322.440961620462,3627.7247977118527,5453.564004255443,219438.7457106352,468.44289482351553,0.7125680115563219,coif15
32768,0.05311748798076923,6.378721445798874e-05,0.03450659607098373,0.18575951138766417,0.022091413114171028,1130.7122733807191,2582.652914942022,2028.4226435939004,4741.311182486761,334898.37930931995,578.7040515749998,0.7073137885096717,coif17
32768,0.05539362980769231,-7.233023643493652e-05,0.03185008412911028,0.17846591867667697,0.00484371861276873,1043.6637281738222,2099.3989639839215,1871.3318457346845,4899.648820033987,184514.0241154143,429.550956366546,0.7072333885554896,db38
32768,0.0556640625,-5.703233182430267e-05,0.028658800774856413,0.1692891041232613,0.00551845957635838,939.0916903745383,2027.9881726169767,1732.4913789600241,3435.519862380346,57162.16998981282,239.0861141718875,0.7016655397419034,db32
32768,0.05571664663461538,4.840455949306488e-05,0.0215825434009664,0.1469099840071001,0.00367069413966553,707.2168589383364,2129.440059297554,1852.0210520580235,3673.0053966512955,68091.90976336744,260.94426562652694,0.6953474014995498,db28
32768,0.058082932692307694,-0.0001337546855211258,0.016856341442703197,0.12983197388433712,0.0027991601429028447,552.3491826243699,2288.569534052124,1899.991488655374,4740.690181825598,158013.5981663077,397.5092428690278,0.6870681160258432,coif15
32768,0.060396634615384616,-6.434880197048187e-05,0.014139135688016804,0.11890809765536073,0.008762524683606738,463.3113339096308,2441.497004230354,2071.5971495706094,4774.923724785141,137187.557584561,370.38838748611033,0.6993030690027574,db34
32768,0.06934344951923077,-1.7624348402023315e-05,0.00890076783329939,0.094343880741145,-0.021203543190612798,291.66037053987384,2651.9015598491446,2295.9698944182583,4929.1259711318635,138163.13062349823,371.703014009166,0.7170344291073494,db26
32768,0.08207632211538461,5.7804398238658905e-05,0.005878877581942351,0.07667383896703198,0.007084870545050623,192.6391700943932,2887.339715729645,2432.7071256294266,5433.476526731331,174175.74156811953,417.34367320964566,0.7330925167481728,db33
32768,0.09251051682692307,-0.0002840450033545494,0.0034257329631610083,0.058529761345498484,-0.009179427084858081,112.25706151034683,3132.4004147291325,2884.320183598552,3455.2623578788803,11134.459646876025,105.51994904697416,0.7567837231911028,db18
32768,0.09502704326923077,5.36823645234108e-05,0.002110534333064835,0.045940552163255884,0.012905528761579738,69.15808345656842,3391.2964128261056,2907.4204966516713,3895.711810773637,70816.02802257793,266.1128107073726,0.7574455383166294,db31
32768,0.09646935096153846,-0.0001254584640264511,0.0015692296972275273,0.03961350397563345,0.03539982968264562,51.42103448137641,3746.477334063774,3332.118043711079,4163.476799984712,44772.873535626895,211.59601493323757,0.7354529573148244,sym15
32768,0.053868689903846155,-9.045004844665527e-05,0.0009114773013498834,0.030190682359792456,0.003887544552001188,29.867556292563677,4153.139011080561,3836.699006711033,4668.702098419765,40332.357673103565,200.82917535334244,0.6852306420075277,db35
32768,0.05691856971153846,-0.00010387692600488663,0.0006463546668839238,0.025423506187855438,-0.08211634585710924,21.18010330479592,4355.721246899634,3737.8645804357557,4799.616967447912,28321.88955073039,168.29108577322327,0.6781919973098285,coif13
32768,0.06491135817307692,7.844623178243637e-05,0.0006092982778515682,0.02468396803294738,0.023220694152182114,19.965687616728246,4328.28085189822,3786.0056649578164,4606.656425995895,34629.84439726867,186.09095732267238,0.6906300724049748,sym19
32768,0.13034104567307692,5.504116415977478e-07,0.0009602043292130923,0.030987163942721385,0.017312404611776088,31.463975469581783,4002.4623241382005,3272.876242863612,4444.420605472012,98416.3808650413,313.7138518858249,0.7434214902966514,coif16
32768,0.09925631009615385,-0.00021924171596765518,0.000885775147828809,0.02976197486439381,0.010200304068985573,29.02665510121733,4195.451902108627,3413.567919716919,4687.699508935426,116486.19887172093,341.3007454895476,0.6824890415506172,coif17
32768,0.08265474759615385,-0.00017619971185922623,0.0009592611058643468,0.030971940621542376,0.04694183548583233,31.43408524338156,4214.966289637659,3573.1764283530697,4640.041649179988,78442.49851416497,280.0758799221471,0.6491988747916405,db26
32768,0.11696213942307693,-3.76896932721138e-05,0.0010732336715234049,0.03276024529095295,-0.06234313755312763,35.16776749584824,3862.371748649997,3501.872211214609,4279.440232381135,39753.30160441742,199.38230012821455,0.67853801567777,db22
32768,0.091015625,8.257105946540833e-05,0.0010400716126826998,0.032250141281592856,-0.03236072486473625,34.0812900159508,4093.080664999516,3410.822737452895,4698.744209200263,115316.74508831627,339.58319317704206,0.6622017163481178,sym14
32768,0.05546123798076923,-0.00025330670177936554,0.0006819799875732967,0.026114746553878264,0.02991173629644432,22.349222768098116,4352.9533389937,3890.561280505982,4734.834299845305,22008.720171962967,148.3533625232774,0.6556577264431983,sym11
32768,0.060298978365384615,7.815472781658173e-05,0.0007060435117459095,0.026571479291637293,0.06972580784956732,23.13583394512534,4241.012400341472,3926.505214016287,4729.2873317264175,20126.338605568606,141.86732747736036,0.670828206773107,db19
32768,0.04602614182692308,3.844965249300003e-05,0.0006964865902795217,0.02639103238373826,-0.0478746693227736,22.82252103369683,4341.665091944582,3950.8140363036227,4659.60692157154,21512.659570097996,146.67194540912723,0.6392092914233214,db38
32768,0.06199669471153846,-3.053247928619385e-05,0.0006071588306324482,0.024640593146928267,0.014068197781185359,19.895411109551787,4406.848641893963,4149.525589769568,4858.539767726568,18370.96867936739,135.53954655143048,0.6648269325121128,sym12
32768,0.06134314903846154,-0.0001502837985754013,0.0005233468397481088,0.022876775116875823,0.06815447296729928,17.149769317358732,4437.959753376532,4149.861665507776,4703.798120363342,16605.627616475995,128.86282480403725,0.6761696137724574,db32
32768,0.054762620192307696,6.377696990966797e-06,0.0006368913203367299,0.02523670581388803,0.11064931309594603,20.869656117632985,4364.691210289779,4083.5512745516953,4869.202024111138,18048.457430605882,134.34454745394723,0.6490534004023633,sym17
32768,0.058338341346153844,-0.00012051593512296677,0.0005823932072528186,0.024132824270126748,-0.1649873137194143,19.084336540661752,4419.0127589988915,3968.026153317516,4729.756685273495,41692.69588792066,204.18789358803977,0.6564375325416721,sym12
32768,0.057684795673076925,-0.0001226533204317093,0.00051373238852764,0.022665665411093494,0.008894719369196568,16.834475863724947,4538.986028111428,4326.717095061077,5043.418457008119,18869.82660079319,137.36748742258186,0.6472775885520157,sym17
32768,0.05797025240384615,-7.818546146154404e-05,0.000516185601728585,0.022719718346154404,0.07647799371451199,16.914570107124746,4554.95630826518,4223.4809445051515,4959.172440406886,20826.490393793585,144.31386071266192,0.6375661734433289,bior5.5
32768,0.07116135817307692,-6.217043846845627e-05,0.0005146403314498703,0.02268568560678452,0.027564795336904712,16.86386103462428,4442.0437526111655,4127.421574576656,4766.697324137249,25216.64534102062,158.79749790541607,0.6745954226821367,db15
32768,0.06677433894230769,-2.937018871307373e-05,0.0006448314906515318,0.02539353245713427,-0.011298232329106376,21.129866551607847,4211.766298458067,3907.10980968774,4555.562813183459,19445.608878837396,139.44751298907198,0.6764355570675574,db20
32768,0.06240234375,-4.070531576871872e-05,0.0008045381871174319,0.02836438236798806,-0.08079833711816267,26.363161609508097,4066.615167629445,3743.2291680028543,4389.007625706682,22211.749178950617,149.03606670517917,0.6737247498446615,coif17
32768,0.06188401442307692,-0.00017855502665042877,0.0006889116522601733,0.026247126552447094,0.04138094003458492,22.57530172728002,4259.813686942114,3865.7063237452935,4626.95991584034,26627.3122221959,163.17877381018616,0.685654713971018,coif12
32768,0.0632061298076923,8.772686123847961e-05,0.0006593236597324109,0.025677298528708408,0.06593159490776677,21.604969864711165,4285.75465340382,3835.355685061319,4607.747870392798,27909.48837856285,167.06133118876687,0.6874067324982591,db28
32768,0.057451923076923074,-7.041450589895248e-05,0.0006897949285687838,0.026263947315070212,0.044500979673553445,22.603362689726055,4255.311871551948,3729.889827585123,4559.004887000708,45334.74509475535,212.91957424049897,0.6733292569054007,db18
32768,0.060524338942307694,-5.760509520769119e-05,0.000630174188672886,0.025103270477626734,0.122505342554946,20.64965655002743,4371.936571489966,4114.69419404763,4812.404823497743,26633.601746598855,163.19804455507074,0.6730039563505947,db32
32768,0.054364483173076926,-0.00016404688358306885,0.0005483606607297187,0.023417101885795318,0.05620320887727826,17.969563962891698,4478.885697978982,4121.959055299411,4915.858131985293,29320.104967034644,171.23114485114746,0.6621174206482321,coif13
32768,0.04750600961538461,-3.157462924718857e-05,0.0005268508306155151,0.022953231376333816,0.1430840333513179,17.263880685903132,4653.196855751123,4382.5781596758015,4975.744016456044,15287.651152211694,123.64324143361696,0.6013812554940693,db23
32768,0.051690204326923075,-9.267311543226242e-05,0.0004798807126131431,0.021906179781357202,-0.06282331960467166,15.725012612529099,4702.366537032178,4429.578409011253,5057.015833321039,13977.809272054448,118.2277855330736,0.5820228297399496,sym12
32768,0.04678485576923077,-7.592048496007919e-05,0.0005236552048896993,0.02288351382304954,-0.11645571584500426,17.15932262595743,4661.657295760248,4282.78986493722,4965.562059900464,20993.21098595062,144.8903412445102,0.5928896320405951,db28
32768,0.059021935096153846,6.641261279582977e-05,0.0004382794177948922,0.020935124021483422,0.01574033169038494,14.361684489995241,4740.550184782472,4452.259821191677,4981.1551060821685,14825.648756927489,121.76062071510431,0.6189507248701109,coif14
32768,0.07118389423076923,-0.00016101263463497162,0.0005250652789852393,0.022914302934744477,0.08407642196146406,17.206188574433327,4684.834317519532,4038.7593637879772,5077.472993700293,42345.73794565607,205.78080072168072,0.6556933567259557,sym19
32768,0.11283804086538461,-1.829490065574646e-05,0.0009391494970620723,0.030645546121126188,-0.17058703269154984,30.77406168729067,4262.44189463384,3756.014439382053,4706.612244997244,69428.23874070028,263.492388392341,0.6315611812737159,db36
32768,0.04879056490384615,6.252992898225784e-05,0.0010426188028528128,0.032289608279643355,-0.0710791368477357,34.16466105449945,4106.06794321622,3818.8939374396746,4401.710331501089,14606.967802500647,120.85928926855662,0.6121090599572655,db21
32768,0.054364483173076926,-0.00032502878457307816,0.0009744296296892776,0.03121585542139247,-0.07302009672142143,31.933571838773787,4093.371691869278,3791.6631796067445,4393.6515462500365,20489.58938343216,143.141850565906,0.6578346188320143,sym18
32768,0.05238131009615385,0.0002470482140779495,0.001876053543257646,0.043313433750484916,0.0450301553122841,61.476522428914905,3545.7176584286467,3230.2344219122506,3873.065276377807,22384.004553144558,149.61284889054335,0.6766675195267353,coif13
32768,0.05503305288461539,-0.00015091150999069214,0.0016443824806379737,0.040550986185763395,-0.03471703392683333,53.88387139327824,3566.13018237989,3261.4169860198035,3952.3193491893976,23101.36676846945,151.99133780735482,0.6948221740506026,db32
32768,0.06849459134615385,2.43261456489563e-06,0.0012633149598796217,0.035543142234186635,0.008774393270531053,41.39630479924381,3702.072979024493,3404.742276143776,4028.0574664632463,27999.906812075973,167.33172685440132,0.7131803664325342,db37
32768,0.06218449519230769,-0.0002460833638906479,0.0018897295310354686,0.0434710194386498,-0.035094626573396695,61.924641605466604,3459.3442075969615,3178.6136256201144,3874.0805366216573,22949.473983676195,151.4908379529145,0.7131299349721589,db25
32768,0.062334735576923074,-3.742426633834839e-05,0.003581080597076125,0.059842130619456764,-0.16388579169016634,117.34489489905536,3210.9585903905536,2990.7959718498987,3875.346379804343,13179.87320396997,114.80362887979618,0.7125092386534921,sym15
32768,0.0560546875,-6.711296737194061e-05,0.006422174570056333,0.08013847122360354,0.0032363244093633853,210.44196390360594,3204.7885744464406,2998.7018020377955,3485.3047819777903,7546.372027818781,86.86985684239833,0.6745280918277389,db36
32768,0.05788010817307692,2.882629632949829e-05,0.007177562485519429,0.08472049625397285,0.008591514525135648,235.19439475424588,3119.963304155605,2940.6617923163926,3350.866301088588,7167.06778193561,84.65853637959736,0.6955596327502793,db21
32768,0.054454627403846156,-6.452575325965881e-05,0.00819957055186092,0.09055148011965856,-0.015965479998497515,268.6836642753333,3200.1354051446438,2905.4750325603054,3467.404156410737,26049.100993038373,161.397338866037,0.6944348472912886,db25
32768,0.05509314903846154,-0.00025036372244358063,0.01128781954700505,0.10624415064842417,-0.00485585416555108,369.8813248798251,3360.4024179544294,3203.6590396951233,3899.4323846074058,9476.93016524977,97.34952575770346,0.6935480771163932,sym13
32768,0.05434194711538461,0.0001828167587518692,0.014259486973602043,0.11941309381136578,-0.0650536736935757,467.25596432201564,3444.2182711823807,3249.8106784432002,3879.8222870364216,10228.973084681058,101.13838581211913,0.6598962363827229,db20
32768,0.054221754807692306,0.00020608585327863693,0.019310107619111276,0.13896081325003562,0.09945695541323762,632.7549981651828,3529.8327271322823,3276.278529881509,4163.450618478837,19239.23101721325,138.7055551058185,0.6219452829319045,coif13
32768,0.05945012019230769,-0.00040751881897449493,0.021640810280856064,0.14710815844424152,-0.027775795481573072,709.1315131168813,3713.605877565878,3548.428307336912,4339.5527459883,16939.268826233954,130.15094631324797,0.6435476343420891,bior5.5
32768,0.05881159855769231,0.0015761200338602066,0.02575061560431299,0.1604699834994476,0.048066758257613876,843.8775728922337,3569.4940304559236,3374.5092231184603,4745.219962458066,38702.21862343972,196.72879459662158,0.6205278712359904,coif15
32768,0.05146484375,-7.696449756622314e-06,0.023047911368162255,0.15181538580842935,-0.008309847136250333,755.2339616529644,3784.9148632170754,3511.8775099692434,4458.086243824746,36252.11093072118,190.39987114155613,0.6405264211854333,db22
32768,0.07021484375,0.0005120718851685524,0.01160581730558889,0.10773029892091124,0.042178028982427854,380.3080138163641,4493.098755078738,3998.018047624098,5048.328007987133,40728.11157659219,201.81206994774172,0.6874762979347901,db18
32768,0.0873272235576923,-0.00028746481984853745,0.0055973035928340974,0.07481512943806284,0.04090527594440377,183.41515194717795,5000.159725497317,4726.807527077709,5426.46364369317,29660.10851646498,172.2211035746345,0.6245761098445017,sym4
32768,0.09094801682692308,-0.00019706320017576218,0.004153504901479484,0.06444769120363804,0.05211552702077935,136.10332112107426,4853.377306398112,4347.566158067378,5358.226569094565,64590.35140631296,254.14631889191895,0.64664465271973,db31
32768,0.06180889423076923,0.00013777893036603928,0.004781545921414379,0.06914872320885165,-0.024926096835538186,156.68231878895313,4256.760652873692,3635.53830024242,5589.672754454339,94519.31310140823,307.43993413577266,0.6326173112988711,coif14
32768,0.04739332932692308,-3.6221928894519806e-05,0.003290958582798395,0.057366877052863835,-0.09101222225111356,107.83817383367568,4048.4080699463484,3418.6821037096965,4514.8266848079,42182.610374573735,205.38405579444023,0.6042691299505291,db38
32768,0.04404296875,-0.0001299045979976654,0.0018848956184604887,0.0434153845826625,0.07731481896999642,61.764812592417,4218.373101555556,3568.9433377181167,4946.781781476348,44044.107145524285,209.86687958209197,0.5587971848355158,db30
32768,0.07317457932692308,-4.327017813920975e-05,0.0010465495637108553,0.03235041829267213,-0.07208562253016632,34.293397455476224,4625.487208947854,4223.265996083395,4990.306887423647,31498.705765874547,177.47874736394368,0.5912122185479974,db23
32768,0.042232572115384615,3.0370429158210754e-05,0.0010580388648474513,0.03252750935512049,0.09931678856247374,34.669847747310996,4317.344754313674,3642.604269261805,4644.722360335583,44154.773099239086,210.1303716725383,0.5833097041911888,db37
32768,0.039708533653846155,-0.00025332067161798477,0.002378522949069815,0.048770103025007186,0.047313998193056095,77.94154276233166,4074.854700628805,3353.0147145458923,4552.688008229248,113679.83157178767,337.1643984346326,0.6012090058434177,db5
32768,0.033052884615384616,-0.00022482965141534805,0.007917348836038672,0.08897948547861283,0.40095756023680634,259.437343028374,3501.4670880740578,3222.334602760921,4262.087256774724,31646.203852404953,177.89379936469103,0.5176437918491811,sym11
32768,0.03774038461538461,4.9969181418418884e-05,0.0033497319766828916,0.05787686909882817,-0.2034530332476155,109.76409923098981,3871.9379270918266,3396.5434119588963,4321.919757060211,52860.72132421596,229.91459571809696,0.5831996918600736,db29
32768,0.04474158653846154,-0.00014822930097579956,0.0016206397608468648,0.04025717030352313,0.010433465549904588,53.10584365949035,4298.214402788188,3669.678597031368,4674.255988214933,37898.47763307809,194.67531336324615,0.5804546034936788,coif17
32768,0.04522235576923077,0.000131119042634964,0.0012659127657775743,0.03557966787053491,0.012099573633388339,41.48199286311865,4242.290953696227,3968.3443353710204,4536.7457168847895,11390.648606731102,106.72698162475645,0.5775372835714085,db27
32768,0.04150390625,7.80206173658371e-05,0.0016961179924550557,0.04118395309407604,0.0013116261132394996,55.57859384268522,4354.2743475175475,4058.499257318211,4571.221006205423,13442.215912241823,115.94057060512435,0.47872886305874923,sym20
32768,0.038153545673076925,0.00031616538763046265,0.004488386456010074,0.0669954211570468,-0.15039025029893427,147.07872289791703,4071.7673395516385,3551.4345009787967,4609.435558014274,84722.70263353783,291.0716451898704,0.5218593362500078,db17
32768,0.03813100961538462,-0.0006510457023978233,0.003413851534481342,0.058428174149816985,-0.0497295052665812,111.87897614296526,4020.1480614398174,3589.6652023631477,4242.629665145318,16469.40262661856,128.33317040663556,0.5245380997739691,sym19
32768,0.04039212740384615,0.0001894719898700714,0.002949493165143799,0.05430923646253737,0.003867736155925751,96.65016839466989,4272.654872170004,3973.694526831674,4621.833102257341,17243.064974093057,131.31285151916038,0.4534126257189194,db37
32768,0.04102313701923077,-0.0004988014698028564,0.003341057090607613,0.057801877915925996,0.10885652413387395,109.48791151866317,4462.717727341602,4055.165622483468,4849.932507814899,30824.750037743885,175.56978680212575,0.3639844112637547,db35
32768,0.04004657451923077,-1.2703239917755127e-05,0.0030784334087518572,0.05548363189943371,0.06615608808047072,100.87411122582853,4655.661209835793,4381.287230717548,4948.4057684594545,16833.497302204094,129.7439682690648,0.34607493303632714,sym18
32768,0.05548377403846154,0.00017420388758182526,0.0023847024155559072,0.04883341494874086,-0.11242587856670404,78.14292316325009,4870.575784782084,4392.356959230378,5190.647751995098,27794.513851007094,166.716867326036,0.3972624863555465,sym13
32768,0.04202223557692308,7.244758307933807e-05,0.002602038641312694,0.051010181741616,0.007260758770391496,85.26377418637276,4956.026443454423,4666.611180289136,5247.976677674208,25012.464411250196,158.15329402592346,0.4000546016021341,db15
32768,0.04344200721153846,-0.00024204980581998825,0.0022637106038470916,0.047578467859390884,0.03107507678062669,74.17918888200074,4775.235389137996,4266.077301376566,5095.138843731443,26203.806252231334,161.87589768780074,0.38856944228785384,db33
32768,0.05428936298076923,0.0003037843853235245,0.004181037082386287,0.06466093938682214,-0.2113331832241919,137.0072471089661,4738.964666407569,4410.444828307704,5130.404761212671,24916.162329653715,157.8485423741813,0.4956215343636311,db32
32768,0.04284104567307692,-0.00013224966824054718,0.016289803144338193,0.12763151313189933,-0.21270632650768634,533.7848425451666,4811.029911761968,4620.443683738257,5277.33564339199,9834.734830540505,99.17023157450276,0.22634085004150917,sym16
32768,0.0625751201923077,0.0016995174810290337,0.015240894517538194,0.12345401782663128,-0.3580826449528308,499.508277320303,4930.775802062821,4495.150681732601,5237.982771248181,25055.13929792675,158.28815274026908,0.3799621418096833,db27
32768,0.08297025240384616,-0.000620485283434391,0.01579903393894244,0.1256942080564671,-0.15953665172433745,517.7153598563746,5276.735866770347,4937.84007112542,5606.783706609704,20092.77136156095,141.74897305293237,0.5236219368571541,sym11
32768,0.08155799278846154,-0.00012956652790308,0.030683396357002166,0.17516676727336772,0.02286551207139861,1005.43408191856,5080.894392007206,4860.208589150861,5456.115628458928,10383.818487904064,101.90102299733827,0.5179985510930863,coif14
32768,0.0980694110576923,0.00022360868752002716,0.030502204244034485,0.17464880258402715,0.0674835303027754,999.4978670962155,4705.022159563713,4269.315409049192,5052.123298333472,42987.773437847056,207.33493057815187,0.6377034395023978,db20
32768,0.07221304086538462,0.00011707190424203873,0.027473086398741502,0.16575007209271886,0.016285436836957955,900.2385442266241,3842.3995537843293,3131.9357777843084,4422.120553045646,80738.51510374912,284.1452359335787,0.7156795847339698,db32
32768,0.06338641826923076,0.00013299565762281418,0.018343637938735412,0.13543868700905,0.05937698021472254,601.0849075717852,3681.818096334754,3487.270441545042,4328.717145711988,14651.077580860887,121.04163573275473,0.679228869040812,coif15
32768,0.06681189903846153,-9.459443390369415e-05,0.013232976751353258,0.11503467629959785,0.01895297805335072,433.6184753999114,3609.6304591893095,3336.1652698352545,4392.954143038343,25532.538898278584,159.78904498831758,0.6635686853388963,coif12
32768,0.06237229567307692,-0.00012911297380924225,0.007136249539737705,0.08447632532098981,0.02751588216359503,233.84117116592824,3600.233145465068,3298.3549276634008,4635.859696844888,38510.414790893774,196.24070625355427,0.7131490644493302,db21
32768,0.058751502403846155,0.00016733165830373764,0.004256919592838455,0.06524507332234715,-0.03421616149483787,139.4916587183252,3663.676777818116,3366.748593041133,4557.459976729762,36863.57127972815,191.99888353771266,0.7059946882682551,db32
32768,0.06262770432692308,-0.000246681272983551,0.0026601516483676924,0.05157665797982351,-0.07853150592939173,87.16984320059419,3952.27577197067,3429.397465855314,4587.764193177525,137539.18607907687,370.8627590889612,0.7071320686100273,db29
32768,0.05715895432692308,9.001791477203369e-05,0.001691969554744821,0.04113355752600085,0.08556298878711087,55.44272389635444,3850.139193472206,3525.3084015285067,4539.846435306806,62181.1646676588,249.36151400659003,0.7048376304733245,coif15
32768,0.062161959134615384,-0.00011782441288232803,0.001216731670658304,0.03488168101824085,0.026467178574479437,39.87031828891486,3910.66809551038,3596.799668393084,4506.8402426989505,62260.32852064202,249.52019661871466,0.7064421402108004,db4
32768,0.07611177884615385,-6.753392517566681e-05,0.0009153481210553115,0.030254720640840685,0.0033303361443368547,29.99427668005228,4432.238495794494,3983.870910364961,5080.277384926373,36698.661657218545,191.56894752860794,0.6972330069361725,coif14
32768,0.05956280048076923,8.804909884929657e-05,0.0006522553801487328,0.02553929090927806,0.09105465836798786,21.373358335345984,4461.047294333847,4196.108236205402,4956.29851452228,23103.60346709062,151.99869560983285,0.6723266828857325,db35
32768,0.041834435096153845,-3.880541771650314e-05,0.0006878603551924076,0.026227092007929654,-0.10179394309455002,22.539857462979853,4473.756305329996,4212.282054401901,4873.448938474051,17355.629213664855,131.74076519310512,0.6004504804765731,db26
32768,0.04465895432692308,-6.594602018594742e-05,0.0006883446927893461,0.02623632391912682,-0.08499658661630444,22.555821397341788,4591.079670096822,4126.8023882012885,4870.7798550206,26426.02535412599,162.56083585576815,0.6141318412161909,db31
32768,0.05732421875,-3.8195401430130005e-05,0.0005373352959713168,0.023180493868149504,-0.061947595706259004,17.607450783252716,4715.732510475928,4253.1798313182535,5001.790729571272,19723.13902039243,140.43909363276464,0.6332630610793636,db34
32768,0.061778846153846156,-0.00018518976867198944,0.000452311394700141,0.021267613751903173,-0.03307065872295069,14.822463568300009,4504.357378468983,3884.1139314578877,5013.200287027638,45182.39106568565,212.56149949058425,0.672037440468221,db19
32768,0.05665564903846154,-0.00012268032878637314,0.00035211569268958545,0.01876474600653005,0.034953715846245716,11.53862019162625,5021.833105647159,4658.962219416678,5383.857136448058,24744.77969905517,157.30473514505266,0.600822998765677,db29
32768,0.03951322115384615,0.0001295674592256546,0.0005214569213872165,0.022835431272196647,0.048440808752990026,17.08765050023794,4956.694388623225,4588.095018337835,5239.971415886029,21092.086449553877,145.23114834481575,0.5633464416808793,sym12
32768,0.050803786057692306,-0.0003034202381968498,0.0003952486340086857,0.01988086099767024,0.055567549317496134,12.954523987136781,4971.949248936247,4664.803230982486,5243.63730378207,18370.259536801466,135.53693052744507,0.5897984359835972,sym4
32768,0.04375751201923077,0.00011828448623418808,0.0004374723788123637,0.020915840380256387,0.01744106078506799,14.335553373210132,4924.815822140234,4431.200632350096,5296.285872014836,40617.35154139914,201.5374693236946,0.5908121573325615,bior5.5
19376,0.043546977796052634,-0.0002116070218956441,0.0004479895380397994,0.021165763346494247,0.07301865633854589,8.681112898513675,4895.156724923368,4668.274934645107,5146.139557843145,13340.679033698112,115.50185727380367,0.5634162469914211,rbio6.8
